mean_r,std_r,mean_g,std_g,mean_b,std_b,mean_h,std_h,mean_s,std_s,mean_v,std_v,mean_gray,std_gray,pct_green,pct_golden,pct_dark,pct_pale,grad_mean,grad_std,grad_max,local_var,feed_type,feed_class_idx,is_anomaly
156.51604,37.128708,151.05948,15.613402,46.232433,10.452455,59.223106,17.058561,0.7221324,0.059893448,0.65562314,0.081533484,140.7407,18.405203,31.713867,68.26172,0.0,0.0,20.152628,16.160843,85.047676,301.12756,Maize Silage,0,0
156.66525,37.84051,150.68039,15.346815,46.09792,10.522055,59.033417,17.31476,0.7229556,0.060369838,0.6558814,0.08283922,140.54745,18.563616,30.981445,68.96973,0.0,0.0,20.47908,16.785769,89.10007,387.2106,Maize Silage,0,0
156.76424,37.051956,150.37914,15.502079,46.123787,10.769009,58.76004,17.065052,0.72292054,0.060687836,0.6554521,0.08191873,140.40317,18.328857,30.615234,69.384766,0.0,0.0,20.127457,16.144682,82.13783,322.98196,Maize Silage,0,0
156.01768,37.544895,150.42084,15.422573,46.025204,10.782855,59.150787,17.18896,0.7229682,0.06048594,0.65384126,0.08197365,140.19319,18.56486,31.762695,68.237305,0.0,0.0,20.584524,16.398903,92.950386,381.42636,Maize Silage,0,0
156.30176,37.284782,150.8821,15.438087,46.278416,10.568702,59.238758,17.051893,0.721415,0.060445793,0.6545378,0.082031235,140.57776,18.478352,31.445312,68.55469,0.0,0.0,20.355188,16.414024,82.597145,399.38858,Maize Silage,0,0
156.52113,37.324783,151.04782,15.547473,46.26706,10.778894,59.1772,17.09405,0.7222866,0.060258936,0.655624,0.08152211,140.73933,18.526276,31.445312,68.55469,0.0,0.0,20.547081,16.467468,92.64952,289.83643,Maize Silage,0,0
156.5329,37.090565,150.96031,15.337391,46.48028,10.328921,59.13665,17.043402,0.7204788,0.059606418,0.65541875,0.08139331,140.71579,18.286837,31.030273,68.96973,0.0,0.0,20.045633,16.31969,80.18408,337.97406,Maize Silage,0,0
156.18726,37.564987,150.62619,15.354361,46.129303,10.548628,59.22045,17.210066,0.7222681,0.06035445,0.65450656,0.08238866,140.3763,18.4812,31.298828,68.67676,0.0,0.0,20.226719,16.4393,83.07234,303.33252,Maize Silage,0,0
156.15707,37.716778,150.66869,15.509429,46.281025,10.652312,59.240112,17.220997,0.7214869,0.06061925,0.6545075,0.08255656,140.40952,18.69023,31.298828,68.70117,0.0,0.0,20.570705,16.586725,80.42179,398.63116,Maize Silage,0,0
155.98445,37.99032,150.71707,15.471659,46.261105,10.556001,59.3994,17.413021,0.7215965,0.060107592,0.65460396,0.08335645,140.38403,18.712059,31.61621,68.38379,0.0,0.0,20.443499,16.806757,83.51009,376.71558,Maize Silage,0,0
156.25012,37.303185,150.39174,15.472622,46.296894,10.56698,59.041733,17.160784,0.72130096,0.060153328,0.6544744,0.08234628,140.27658,18.426489,31.884766,68.115234,0.0,0.0,20.243486,16.372297,96.678185,352.60355,Maize Silage,0,0
156.97018,37.001907,150.70804,15.540033,46.175037,10.373827,58.81199,17.038664,0.72266245,0.05944807,0.65593886,0.08164677,140.66367,18.338522,30.444336,69.53125,0.0,0.0,20.187433,16.29271,80.75313,294.78625,Maize Silage,0,0
154.84453,37.834377,150.28102,15.077816,46.167553,10.468579,59.705925,17.489964,0.7208059,0.060137566,0.65155625,0.08122658,139.77658,18.397924,32.788086,67.211914,0.0,0.0,20.05583,16.164309,81.61172,292.27823,Maize Silage,0,0
156.0435,38.00617,150.57608,15.430796,46.36851,10.490184,59.341927,17.459013,0.7207104,0.060264647,0.6545789,0.08339969,140.33118,18.67297,31.518555,68.481445,0.0,0.0,20.461885,16.372381,82.813866,310.93085,Maize Silage,0,0
155.13158,38.256527,150.31122,15.536588,46.209534,10.670891,59.649075,17.59065,0.72107697,0.060167264,0.65242195,0.08329467,139.8849,18.804768,32.910156,67.06543,0.0,0.0,20.733265,16.630383,80.32255,328.79745,Maize Silage,0,0
156.32831,37.50481,150.49857,15.724197,45.93784,10.623776,59.029404,17.152582,0.7236137,0.060186062,0.6545695,0.08296236,140.32173,18.6334,31.762695,68.237305,0.0,0.0,20.781065,16.473297,91.746124,316.98483,Maize Silage,0,0
156.40088,37.40823,150.57866,15.493131,46.27872,10.626486,59.075813,17.290745,0.7217823,0.06064304,0.65521765,0.08174115,140.4293,18.457293,31.37207,68.603516,0.0,0.0,20.034262,16.205267,84.09618,331.15308,Maize Silage,0,0
155.4749,37.715736,150.56967,15.528148,46.307503,10.665128,59.564865,17.328703,0.7206243,0.06094818,0.65280557,0.08272425,140.15045,18.657707,33.032227,66.96777,0.0,0.0,20.52218,16.416155,79.92215,405.55063,Maize Silage,0,0
156.17522,37.48366,150.62871,15.81816,46.17261,10.654104,59.22522,17.099314,0.7219408,0.060632754,0.6541256,0.08337745,140.37912,18.74678,32.15332,67.84668,0.0,0.0,20.736395,16.825575,91.29337,375.71597,Maize Silage,0,0
157.05469,37.256783,150.63908,15.5171795,46.06606,10.345944,58.805183,17.049263,0.72342074,0.058591273,0.6561673,0.08286357,140.63602,18.488535,30.932617,69.04297,0.0,0.0,20.43872,16.572886,82.12737,366.2871,Maize Silage,0,0
157.16919,36.835743,150.9321,15.515838,46.502968,10.644738,58.78063,16.961882,0.72115475,0.059649408,0.6565995,0.081096016,140.89206,18.333597,30.71289,69.28711,0.0,0.0,20.256424,16.286764,88.74495,362.70886,Maize Silage,0,0
156.44821,37.149803,150.70306,15.482871,45.9698,10.471371,59.071312,16.970879,0.72322214,0.059796948,0.65429157,0.08186216,140.48128,18.48428,30.810547,69.16504,0.0,0.0,20.21313,16.45243,87.36987,355.7044,Maize Silage,0,0
156.90178,36.71547,151.11339,15.385839,46.34538,10.395024,58.97104,16.962776,0.7216624,0.059065416,0.6556603,0.079896495,140.90056,18.207472,30.175781,69.799805,0.0,0.0,19.88365,16.208826,83.90795,350.9145,Maize Silage,0,0
156.24129,37.51772,150.29611,15.810719,46.23048,10.23066,59.011265,17.178886,0.7215636,0.057861723,0.65415525,0.08350389,140.21024,18.664095,31.591797,68.4082,0.0,0.0,20.798157,16.548115,86.693184,356.6013,Maize Silage,0,0
156.13608,37.735874,150.68175,15.335081,46.108356,10.353464,59.286163,17.395535,0.7224816,0.06001099,0.6550727,0.081862256,140.39122,18.41631,31.689453,68.26172,0.0,0.0,19.964113,16.454967,82.77001,301.76434,Maize Silage,0,0
156.41052,37.373333,151.0223,15.556337,46.318985,10.418235,59.236195,17.011707,0.72145796,0.058755726,0.655035,0.0823363,140.69719,18.565306,31.689453,68.31055,0.0,0.0,20.450089,16.563236,90.48953,366.87656,Maize Silage,0,0
155.31017,37.9643,150.31754,15.360771,46.180138,10.57015,59.513153,17.468649,0.7212542,0.060314745,0.6526661,0.08225848,139.93866,18.600422,31.49414,68.50586,0.0,0.0,20.35948,16.450434,85.51284,354.20874,Maize Silage,0,0
156.45636,37.694088,150.55092,15.692068,46.269222,10.581447,59.050655,17.088533,0.7215966,0.060171682,0.65476984,0.083898045,140.42853,18.79765,31.298828,68.70117,0.0,0.0,20.592625,16.657219,82.48949,384.1866,Maize Silage,0,0
156.04236,37.713604,150.53386,15.572055,46.387733,10.69813,59.24318,17.206049,0.7207059,0.060852442,0.65427256,0.08302723,140.30824,18.690214,31.469727,68.53027,0.0,0.0,20.627241,16.790567,84.020805,335.24695,Maize Silage,0,0
155.88867,37.84582,150.4035,15.650597,46.29311,10.409481,59.233253,17.392765,0.72130513,0.058399435,0.6540117,0.082857005,140.17499,18.706013,31.738281,68.26172,0.0,0.0,20.653608,16.52663,83.309814,332.07306,Maize Silage,0,0
156.41585,37.7533,150.73396,15.842282,46.277813,10.722678,59.15439,17.091335,0.7216865,0.05972773,0.654739,0.083926775,140.52484,18.965729,31.079102,68.9209,0.0,0.0,20.596973,16.839043,89.05814,414.8072,Maize Silage,0,0
156.59503,37.28352,150.56786,15.497232,46.442272,10.761719,58.910465,17.058887,0.72085583,0.060588762,0.6549215,0.08261754,140.49966,18.541664,30.664062,69.31152,0.0,0.0,20.62347,16.522608,85.80228,365.28494,Maize Silage,0,0
156.8161,37.136036,150.49268,15.2771845,46.350048,10.56583,58.80349,17.157518,0.7215775,0.05985193,0.6557441,0.08173819,140.51112,18.26298,30.688477,69.31152,0.0,0.0,19.940382,16.20919,82.573074,307.8298,Maize Silage,0,0
155.64731,38.145863,150.51845,15.612962,46.285187,10.691379,59.477066,17.549673,0.72148967,0.060267955,0.654294,0.08297564,140.16939,18.791016,32.27539,67.72461,0.0,0.0,20.834356,16.578405,77.7772,343.31226,Maize Silage,0,0
156.23744,37.266354,150.65982,15.188251,46.121178,10.615817,59.145992,17.070332,0.7224538,0.0596834,0.65409565,0.081338525,140.41013,18.360851,30.737305,69.262695,0.0,0.0,19.922039,16.330046,89.341866,290.66275,Maize Silage,0,0
156.09134,37.710506,150.63045,15.541619,46.2716,10.354282,59.270782,17.259026,0.72135514,0.05956853,0.65462524,0.082821235,140.36635,18.640953,31.591797,68.4082,0.0,0.0,20.570164,16.638924,80.59336,349.93698,Maize Silage,0,0
155.62827,37.69272,150.48924,15.343127,46.358273,10.586717,59.42041,17.23021,0.72041917,0.060456146,0.65327644,0.082893655,140.15488,18.580564,31.591797,68.4082,0.0,0.0,20.22186,16.234852,83.73065,339.6336,Maize Silage,0,0
156.7812,37.634247,150.49957,15.558674,46.151497,10.559562,58.893486,17.275944,0.7228509,0.059767682,0.6560912,0.08288358,140.4821,18.584284,30.444336,69.555664,0.0,0.0,20.443407,16.57727,81.6958,373.5241,Maize Silage,0,0
156.41902,37.357178,150.8278,15.450918,46.293053,10.397369,59.15357,17.175142,0.7217374,0.059169438,0.65526927,0.08186613,140.58261,18.432617,31.933594,68.06641,0.0,0.0,20.359274,16.2858,78.28023,299.6325,Maize Silage,0,0
155.75015,37.753963,150.83305,15.645604,46.101177,10.48581,59.53845,17.267214,0.7222978,0.0597009,0.6539087,0.082283325,140.36383,18.712448,32.177734,67.822266,0.0,0.0,20.59635,16.491789,94.95927,366.3856,Maize Silage,0,0
156.86592,37.122948,150.77864,15.518927,46.433193,10.707197,58.927452,17.058987,0.7210541,0.060878664,0.65575373,0.08236661,140.70335,18.448797,31.176758,68.82324,0.0,0.0,20.390821,16.43021,84.267586,348.234,Maize Silage,0,0
156.57884,37.08618,151.01942,15.362928,46.4899,10.620834,59.13658,17.022778,0.7206757,0.060234576,0.6554154,0.081259996,140.76532,18.34785,31.347656,68.65234,0.0,0.0,20.068733,16.342087,83.119736,313.6339,Maize Silage,0,0
156.76363,37.279434,150.82988,15.142327,46.30983,10.507896,59.032772,17.066288,0.7217312,0.060154777,0.65587807,0.08204491,140.68878,18.30398,31.079102,68.896484,0.0,0.0,19.885994,16.491806,89.01615,353.2657,Maize Silage,0,0
155.64297,37.748055,150.45322,15.4690485,46.23111,10.647528,59.383606,17.33927,0.7214763,0.05978367,0.6534884,0.08222751,140.12363,18.609558,31.542969,68.45703,0.0,0.0,20.423656,16.293081,79.333115,312.96594,Maize Silage,0,0
156.51572,37.075584,150.47844,15.3136835,46.169674,10.486626,58.909023,17.082663,0.72222424,0.059344146,0.65455765,0.08150529,140.39238,18.255594,30.46875,69.506836,0.0,0.0,20.006792,16.218773,92.14053,339.07166,Maize Silage,0,0
156.63684,37.509487,150.76913,15.516138,46.375942,10.518061,59.041645,17.180304,0.7213563,0.059196617,0.6554761,0.082380526,140.62276,18.556608,31.347656,68.65234,0.0,0.0,20.341839,16.58991,86.08378,305.25214,Maize Silage,0,0
157.77939,36.904877,151.01276,15.5165415,46.424175,10.699624,58.493916,16.762486,0.72217155,0.05938256,0.65775716,0.08247756,141.11288,18.428652,30.175781,69.82422,0.0,0.0,20.148308,16.363832,88.010086,343.49277,Maize Silage,0,0
156.47261,37.6232,151.01158,15.609815,46.553146,10.42498,59.23387,17.25625,0.7202566,0.0594076,0.6556604,0.08193941,140.73618,18.639755,31.323242,68.67676,0.0,0.0,20.503374,16.624195,81.73769,312.10294,Maize Silage,0,0
155.603,38.391308,150.4328,15.520093,46.247246,10.661742,59.540695,17.462183,0.72128004,0.06043686,0.65370417,0.0845684,140.10153,18.959068,32.348633,67.62695,0.0,0.0,20.960241,16.861858,89.32174,305.3952,Maize Silage,0,0
155.97278,37.593147,150.49979,15.460601,46.267403,10.499893,59.25718,17.218729,0.7212639,0.0594534,0.6538203,0.08292025,140.25372,18.570902,31.78711,68.21289,0.0,0.0,20.340128,16.263252,83.18407,356.39404,Maize Silage,0,0
156.68352,37.744663,150.81456,15.32362,46.340252,10.576816,59.065125,17.338612,0.7221308,0.059518475,0.6566328,0.08224831,140.6593,18.480467,30.88379,69.0918,0.0,0.0,20.41194,16.50299,77.728485,380.15314,Maize Silage,0,0
155.84233,37.77328,150.47612,15.594118,46.203026,10.370379,59.348927,17.166489,0.7210907,0.059619397,0.6530832,0.08387953,140.19348,18.786875,32.128906,67.87109,0.0,0.0,20.481752,16.573128,79.2472,338.61005,Maize Silage,0,0
155.9889,37.623306,150.52216,15.329311,46.3181,10.483166,59.30174,17.471083,0.7211223,0.060045976,0.65460193,0.0818515,140.27745,18.37527,31.713867,68.28613,0.0,0.0,20.490566,16.125542,79.544685,279.16797,Maize Silage,0,0
155.63997,38.06555,150.07022,15.294867,45.870155,10.610004,59.23883,17.306643,0.72357285,0.05939704,0.6532415,0.08390749,139.85677,18.739235,31.49414,68.50586,0.0,0.0,20.661366,16.634508,79.177986,336.9791,Maize Silage,0,0
155.62262,38.010273,150.2253,15.643549,45.966938,10.631797,59.31813,17.420511,0.72279155,0.06006997,0.6532155,0.08312654,139.95364,18.798624,31.49414,68.50586,0.0,0.0,20.48407,16.569572,81.24611,416.0564,Maize Silage,0,0
155.70282,37.73551,150.58276,15.527398,46.067028,10.609277,59.438957,17.329994,0.7223088,0.060575813,0.6535919,0.082993925,140.19887,18.598106,32.299805,67.700195,0.0,0.0,20.50723,16.481386,84.216194,379.4269,Maize Silage,0,0
155.03856,38.034122,150.2387,15.443316,45.990986,10.521311,59.596996,17.285122,0.72185385,0.05930709,0.6511255,0.0831533,139.78961,18.843449,32.128906,67.87109,0.0,0.0,20.844044,16.686459,86.04264,318.90414,Maize Silage,0,0
155.91649,37.528133,150.66269,15.420595,46.635498,10.669933,59.327698,17.277794,0.71927273,0.060415894,0.65406066,0.08199753,140.37447,18.521034,32.08008,67.91992,0.0,0.0,20.148336,16.461573,87.03559,352.6081,Maize Silage,0,0
155.72546,38.145336,150.57913,15.673442,46.37444,10.680784,59.460884,17.494051,0.72078323,0.060734633,0.6541878,0.08333201,140.23856,18.846407,32.055664,67.944336,0.0,0.0,20.740341,16.518345,87.819176,362.72565,Maize Silage,0,0
156.3121,37.25596,150.62363,15.576567,46.098087,10.402882,59.109528,17.045847,0.7226201,0.05851154,0.65430737,0.08216881,140.40857,18.528286,31.61621,68.359375,0.0,0.0,20.251448,16.409754,80.01619,344.82703,Maize Silage,0,0
155.21432,38.50225,150.26913,15.742662,46.419044,10.590887,59.616356,17.665522,0.7201048,0.05952798,0.6532657,0.084178776,139.90884,19.025826,32.56836,67.43164,0.0,0.0,21.135752,16.638113,78.76346,338.71893,Maize Silage,0,0
156.6396,37.764576,150.94872,15.604271,46.461628,10.500105,59.180435,17.248972,0.72100013,0.05920202,0.65597445,0.0830952,140.73877,18.74755,32.15332,67.822266,0.0,0.0,20.707733,16.697145,82.8791,360.14676,Maize Silage,0,0
157.09633,37.540466,150.55324,15.370503,46.282936,10.536931,58.77246,17.151821,0.72228265,0.060246147,0.6568935,0.08348398,140.6228,18.500175,30.541992,69.45801,0.0,0.0,20.331453,16.42267,89.76793,346.6995,Maize Silage,0,0
156.25706,37.6287,150.68556,15.442193,46.35086,10.68722,59.195816,17.24497,0.72126997,0.06054095,0.6549114,0.082632884,140.45729,18.589537,31.079102,68.9209,0.0,0.0,20.344828,16.665104,83.69486,324.34857,Maize Silage,0,0
156.70956,37.398357,150.32419,15.259076,46.158573,10.657042,58.812073,17.069214,0.7226241,0.060108785,0.6553196,0.082618505,140.35854,18.447964,31.12793,68.87207,0.0,0.0,20.411613,16.581308,80.88548,318.6871,Maize Silage,0,0
157.03879,37.12625,150.61626,15.675752,46.28633,10.602859,58.75773,16.952026,0.7219364,0.060513996,0.65585935,0.08275815,140.64299,18.531832,30.71289,69.28711,0.0,0.0,20.259233,16.332678,81.30713,343.37897,Maize Silage,0,0
156.7625,37.709137,150.58054,15.543909,46.557293,10.703168,58.918972,17.227573,0.7204247,0.060386725,0.6558186,0.08334877,140.5703,18.68455,31.103516,68.896484,0.0,0.0,20.681368,16.983921,84.06238,376.01312,Maize Silage,0,0
155.35149,38.075886,150.26076,15.50569,46.228935,10.522196,59.430264,17.340307,0.7210259,0.05947576,0.6525375,0.083599165,139.92326,18.784811,32.299805,67.700195,0.0,0.0,20.833324,16.70001,85.757416,353.3506,Maize Silage,0,0
155.76382,37.659912,150.30534,15.221051,46.397095,10.484146,59.252792,17.172668,0.7200358,0.059628464,0.6529704,0.08319646,140.09189,18.534897,31.12793,68.87207,0.0,0.0,20.259268,16.415432,89.28862,346.45267,Maize Silage,0,0
156.93262,37.015755,150.83461,15.434914,46.22989,10.710135,58.872425,16.866888,0.7223231,0.06029502,0.6555493,0.08202673,140.73297,18.437294,30.664062,69.33594,0.0,0.0,20.466047,16.660051,82.47897,345.46124,Maize Silage,0,0
156.80676,37.54713,150.87003,15.731435,46.29293,10.642688,58.99097,17.16381,0.72224844,0.059520025,0.65615004,0.08241705,140.72333,18.687014,30.664062,69.33594,0.0,0.0,20.271997,16.46306,88.08295,379.20926,Maize Silage,0,0
155.6567,37.768616,150.49391,15.252687,46.358097,10.444772,59.431038,17.39359,0.7205608,0.059444018,0.6535762,0.08190446,140.16609,18.499445,31.518555,68.481445,0.0,0.0,20.45621,16.298231,79.49598,347.26846,Maize Silage,0,0
156.76198,37.38633,150.70651,15.429322,46.216408,10.528472,58.874374,16.99885,0.7227851,0.057889123,0.65587145,0.08232803,140.60522,18.552362,30.859375,69.140625,0.0,0.0,20.472832,16.635519,79.59539,294.2103,Maize Silage,0,0
156.37141,37.55683,150.61166,15.313548,46.22514,10.508286,59.132786,17.269474,0.72197497,0.05996333,0.6551508,0.082171164,140.43378,18.460545,30.541992,69.45801,0.0,0.0,20.430779,16.576338,94.84614,370.4839,Maize Silage,0,0
155.74423,37.48802,150.38647,15.262122,46.283028,10.313149,59.34528,17.317968,0.720472,0.0600217,0.6530599,0.08240124,140.12065,18.352228,31.982422,68.01758,0.0,0.0,20.23369,16.376019,81.82643,311.41116,Maize Silage,0,0
156.8109,37.05242,150.79485,15.32696,46.207733,10.485452,58.894447,16.997557,0.72265035,0.05877704,0.65583426,0.08115654,140.67072,18.287598,30.444336,69.53125,0.0,0.0,20.285107,16.472132,87.77425,327.65625,Maize Silage,0,0
155.4423,37.960083,150.07182,15.125246,46.00459,10.47609,59.37423,17.590878,0.72239816,0.060354996,0.65331197,0.08231496,139.81393,18.369612,31.445312,68.55469,0.0,0.0,20.522167,16.342299,77.07856,312.69382,Maize Silage,0,0
156.36176,37.714844,150.48195,15.386696,46.34063,10.308944,59.0744,17.358337,0.7213375,0.058771882,0.6552074,0.08272254,140.3679,18.54856,30.859375,69.140625,0.0,0.0,20.407068,16.453363,79.8974,346.43378,Maize Silage,0,0
157.01091,36.9806,151.17654,15.647402,46.400436,10.466272,58.971592,16.99647,0.7216209,0.05891337,0.65630394,0.08077576,140.97655,18.425924,30.859375,69.140625,0.0,0.0,20.2019,16.430082,96.77751,358.8393,Maize Silage,0,0
154.49881,38.39385,150.33955,15.233929,46.170933,10.379345,59.981697,17.777397,0.72104645,0.05910712,0.6520071,0.08247285,139.70795,18.601118,33.325195,66.674805,0.0,0.0,20.835907,16.451294,92.9863,382.3338,Maize Silage,0,0
155.63087,37.843513,150.49982,15.359426,46.228165,10.507662,59.456287,17.386702,0.721246,0.05964757,0.6533427,0.08258257,140.14703,18.563301,32.226562,67.77344,0.0,0.0,20.47632,16.552233,93.40272,351.3232,Maize Silage,0,0
156.59189,37.728184,150.62485,15.510139,46.138885,10.450572,59.038128,17.236418,0.72263134,0.059759025,0.6555981,0.083393656,140.49759,18.638376,31.274414,68.725586,0.0,0.0,20.576475,16.662613,82.73032,362.73907,Maize Silage,0,0
156.24074,37.39725,150.69366,15.524097,46.420773,10.5691185,59.163548,17.12537,0.72066665,0.059371162,0.6543095,0.082425304,140.46513,18.554447,31.811523,68.18848,0.0,0.0,20.550137,16.527016,84.36727,338.17093,Maize Silage,0,0
156.0726,37.57102,150.51202,15.48624,46.225346,10.700277,59.240852,17.323488,0.7215381,0.06141709,0.6541891,0.0824907,140.28595,18.503511,31.420898,68.5791,0.0,0.0,20.249786,16.187645,82.4132,324.8195,Maize Silage,0,0
156.224,37.797344,150.63644,15.207299,46.33908,10.454417,59.214985,17.367613,0.72141093,0.05921697,0.65503955,0.08218438,140.41722,18.504984,30.859375,69.140625,0.0,0.0,20.381845,16.51811,86.94352,357.40912,Maize Silage,0,0
157.37393,37.17753,151.23898,15.52833,46.417118,10.556753,58.851723,16.88819,0.72203016,0.05926699,0.6576108,0.08228429,141.12364,18.49946,30.664062,69.33594,0.0,0.0,20.098927,16.4149,88.89871,332.53345,Maize Silage,0,0
156.93352,37.354492,150.76488,15.527354,46.2,10.621438,58.849308,17.015358,0.72291124,0.05905621,0.65622854,0.08256201,140.6889,18.544924,30.59082,69.40918,0.0,0.0,20.650826,16.561157,80.452934,330.94473,Maize Silage,0,0
157.78352,36.524075,151.00948,15.152235,46.360767,10.602128,58.541676,16.870647,0.722296,0.060899086,0.65782255,0.08014214,141.10497,17.963123,29.223633,70.75195,0.0,0.0,19.769238,16.211473,84.88642,367.62448,Maize Silage,0,0
157.15569,37.099625,150.68924,15.256935,46.186417,10.361414,58.750786,17.005917,0.7226546,0.05898536,0.65616554,0.08234479,140.70938,18.292366,29.907227,70.09277,0.0,0.0,19.782362,16.302628,86.28403,362.39383,Maize Silage,0,0
155.43135,38.01471,150.4777,15.43775,46.15383,10.538531,59.549072,17.416912,0.7214543,0.060740143,0.6532389,0.08306845,140.06592,18.66279,32.44629,67.55371,0.0,0.0,20.426712,16.597683,85.12433,381.73114,Maize Silage,0,0
155.04724,38.462326,150.5865,15.438693,46.219738,10.606737,59.829014,17.602482,0.72119987,0.06031155,0.6529983,0.0834596,140.02245,18.875042,32.910156,67.08984,0.0,0.0,20.968464,16.788761,99.942085,327.5068,Maize Silage,0,0
155.5393,38.200806,150.50708,15.814989,46.03508,10.594182,59.521446,17.391745,0.7226051,0.05986417,0.6535565,0.08427219,140.1019,18.974813,32.32422,67.65137,0.0,0.0,20.935738,16.723671,81.12565,353.44632,Maize Silage,0,0
154.97943,37.988586,150.31583,15.347557,46.098217,10.563419,59.672127,17.384295,0.72156256,0.059508212,0.6519116,0.08278379,139.82944,18.684887,32.836914,67.163086,0.0,0.0,20.461802,16.42128,81.46322,368.65765,Maize Silage,0,0
157.54752,36.953518,150.59099,15.332592,46.05757,10.426192,58.44343,16.938965,0.7241873,0.058574192,0.65740955,0.08157186,140.75418,18.266748,29.80957,70.19043,0.0,0.0,19.824432,16.119852,82.99761,329.981,Maize Silage,0,0
156.79886,37.13551,150.44218,15.406064,46.400993,10.473063,58.769596,17.123907,0.721225,0.05903509,0.6554328,0.08162536,140.48213,18.314068,30.615234,69.384766,0.0,0.0,20.10198,16.265114,85.660446,318.1076,Maize Silage,0,0
157.50656,36.930958,150.59935,15.508364,46.630497,10.415856,58.51235,16.969961,0.7202742,0.059445072,0.6569479,0.08230899,140.81216,18.339529,29.663086,70.336914,0.0,0.0,19.95695,16.244553,81.69904,321.06558,Maize Silage,0,0
156.43149,37.602547,150.85875,15.366934,46.24912,10.525945,59.21363,17.15922,0.7219382,0.059789028,0.6551852,0.082151584,140.5995,18.60395,30.981445,69.018555,0.0,0.0,20.761395,16.781149,94.91263,362.28412,Maize Silage,0,0
156.16052,37.707012,150.57474,15.626796,46.365536,10.568093,59.186485,17.271221,0.72139335,0.058637105,0.6548354,0.08321477,140.36504,18.671808,31.640625,68.359375,0.0,0.0,20.46243,16.44543,85.25483,354.12848,Maize Silage,0,0
155.53294,38.27475,150.49635,15.676116,46.249428,10.672379,59.53328,17.489336,0.7213532,0.06017109,0.6537948,0.08423414,140.11815,18.905115,32.495117,67.50488,0.0,0.0,20.983122,16.625994,80.99343,315.33084,Maize Silage,0,0
156.04858,37.794685,150.79636,15.429652,46.205803,10.497315,59.349438,17.344,0.722385,0.058467187,0.65523815,0.082431115,140.44345,18.574083,31.982422,68.01758,0.0,0.0,20.524532,16.554253,83.08664,326.30032,Maize Silage,0,0
156.1761,37.47244,150.39348,15.64051,46.44344,10.834198,59.091984,17.19749,0.7202058,0.061867077,0.65388274,0.08274335,140.27217,18.649317,30.981445,69.018555,0.0,0.0,20.459587,16.713953,86.54939,324.86374,Maize Silage,0,0
156.5279,37.600487,150.92758,15.374254,46.282597,10.5711355,59.149353,17.210682,0.7220255,0.059579417,0.65564,0.082102485,140.67255,18.553003,30.761719,69.23828,0.0,0.0,20.451914,16.517246,91.501274,367.63004,Maize Silage,0,0
156.75575,37.608612,150.35025,15.254599,46.288742,10.543502,58.817287,17.243322,0.72184116,0.060370076,0.65570366,0.082583874,140.40248,18.452711,30.493164,69.506836,0.0,0.0,20.373306,16.325026,77.76977,354.62732,Maize Silage,0,0
156.10448,37.81537,150.41924,15.389844,46.22798,10.351711,59.16867,17.258867,0.72179866,0.058103926,0.65449405,0.08329504,140.24132,18.63837,31.201172,68.79883,0.0,0.0,20.356787,16.651188,83.04242,344.3779,Maize Silage,0,0
155.54013,37.79615,150.54834,15.469019,46.393127,10.692282,59.465332,17.308577,0.7205621,0.05962401,0.65332544,0.08278608,140.16719,18.679054,32.20215,67.79785,0.0,0.0,20.372032,16.309824,83.90079,354.1236,Maize Silage,0,0
156.44632,37.429527,150.77814,15.400755,46.327988,10.630741,59.118,17.20842,0.7215986,0.06048815,0.655448,0.081781596,140.56561,18.427107,31.78711,68.16406,0.0,0.0,20.42651,16.382679,85.709145,322.47903,Maize Silage,0,0
156.4517,37.64004,150.45107,15.509442,46.070827,10.471519,59.02278,17.163328,0.7225587,0.059991244,0.65445185,0.08297251,140.34592,18.691492,30.786133,69.21387,0.0,0.0,20.482367,16.605381,81.62272,307.5759,Maize Silage,0,0
156.82048,37.523754,150.66394,15.704914,46.35429,10.535742,58.898434,17.065548,0.7214629,0.059830442,0.6556251,0.083460554,140.61345,18.712679,30.078125,69.921875,0.0,0.0,20.662569,16.54611,81.51363,342.0877,Maize Silage,0,0
156.05827,37.513226,150.32127,15.645591,45.975235,10.5161295,59.144943,17.200094,0.72296214,0.06017154,0.6538259,0.082662776,140.14119,18.614607,31.225586,68.774414,0.0,0.0,20.511902,16.44703,80.99138,373.92877,Maize Silage,0,0
156.35277,37.71387,150.64441,15.237378,46.431797,10.517756,59.120037,17.243366,0.7208397,0.059172284,0.6549095,0.082358964,140.47098,18.569784,30.688477,69.31152,0.0,0.0,20.185488,16.421812,94.94115,335.4005,Maize Silage,0,0
155.6977,38.004234,150.38432,15.502491,46.100613,10.535022,59.40088,17.527388,0.72213435,0.060600244,0.6538583,0.08274039,140.08469,18.650625,31.591797,68.4082,0.0,0.0,20.53479,16.377205,87.10244,332.078,Maize Silage,0,0
156.29376,37.451824,151.24115,15.736265,46.4015,10.612359,59.377758,17.003971,0.72108364,0.059939943,0.6549434,0.08218716,140.80017,18.756792,31.567383,68.43262,0.0,0.0,20.331543,16.553558,79.391426,386.17978,Maize Silage,0,0
155.13684,37.612125,149.86888,15.478554,45.719425,10.582153,59.379074,17.25999,0.7233683,0.06058092,0.65110433,0.08308135,139.57095,18.575083,32.250977,67.74902,0.0,0.0,20.31366,16.540138,89.62,364.0699,Maize Silage,0,0
156.80934,37.448593,150.33884,15.463054,46.473953,10.766789,58.798363,17.163664,0.720397,0.062266886,0.6553432,0.08317164,140.43292,18.544168,29.760742,70.21484,0.0,0.0,20.347454,16.500946,90.69464,363.6913,Maize Silage,0,0
156.55534,37.606186,150.68886,15.569141,46.192158,10.737419,58.99038,17.179125,0.7229569,0.059351817,0.6560463,0.08247632,140.53032,18.628004,31.225586,68.774414,0.0,0.0,20.410833,16.657787,88.27232,330.11325,Maize Silage,0,0
155.51385,38.10861,150.99141,15.740932,46.29566,10.536667,59.74106,17.40299,0.7210333,0.059797134,0.65360856,0.082820654,140.40831,18.949993,32.08008,67.91992,0.0,0.0,20.850416,16.800991,86.59723,348.4805,Maize Silage,0,0
156.38818,37.532265,150.84656,15.3488865,46.35909,10.456702,59.266933,17.302582,0.7211628,0.060255304,0.65542513,0.08226287,140.59193,18.444178,31.958008,68.04199,0.0,0.0,20.247343,16.342583,85.234024,369.43985,Maize Silage,0,0
156.53976,37.661148,150.6017,15.286531,46.30459,10.291368,59.016685,17.312584,0.7219056,0.057938058,0.65583,0.08202371,140.4873,18.434324,31.25,68.75,0.0,0.0,20.204601,16.193624,80.48418,334.5747,Maize Silage,0,0
155.74617,38.04554,150.45163,15.266542,46.06438,10.377902,59.39763,17.486633,0.72239614,0.059650876,0.65425855,0.08303355,140.13455,18.545145,31.567383,68.43262,0.0,0.0,20.415607,16.414074,87.57872,353.35608,Maize Silage,0,0
155.89442,37.649967,150.35658,15.575324,46.07466,10.689879,59.25757,17.152235,0.7221593,0.061157256,0.653363,0.08339117,140.12427,18.69182,31.933594,68.06641,0.0,0.0,20.679941,16.48232,86.95565,401.1802,Maize Silage,0,0
155.6572,37.803646,150.51236,15.407778,46.168636,10.579953,59.484406,17.424946,0.7216362,0.060878746,0.6537442,0.08244592,140.15549,18.535326,32.299805,67.700195,0.0,0.0,20.425058,16.256304,77.58495,360.0768,Maize Silage,0,0
155.6221,37.58146,150.71043,15.670474,46.193085,10.685797,59.502075,17.237791,0.72155666,0.06001757,0.6531018,0.08217754,140.26405,18.704779,32.177734,67.822266,0.0,0.0,20.774233,16.656233,86.094955,397.08414,Maize Silage,0,0
157.02351,36.96279,151.00453,15.526743,46.057915,10.352028,58.88671,16.856798,0.72363925,0.058715843,0.6564129,0.08187602,140.84029,18.420425,30.371094,69.62891,0.0,0.0,20.136415,16.413872,82.208954,343.43066,Maize Silage,0,0
157.16925,37.23637,150.826,15.447264,46.485,10.474558,58.78879,17.123854,0.72116387,0.059763614,0.6569809,0.08228912,140.82776,18.374094,30.737305,69.262695,0.0,0.0,20.11417,16.388086,84.56234,310.8752,Maize Silage,0,0
156.92166,37.483196,151.14227,15.425837,46.39359,10.636429,59.069443,17.164513,0.7218744,0.060109347,0.6568693,0.08217279,140.92896,18.521858,31.445312,68.55469,0.0,0.0,20.503496,16.498634,83.388435,302.17593,Maize Silage,0,0
156.01482,37.740643,150.70676,15.414706,46.292152,10.467464,59.412872,17.236258,0.7208526,0.061479516,0.6542791,0.08316766,140.3906,18.601555,31.90918,68.09082,0.0,0.0,20.376099,16.516272,79.576706,353.74725,Maize Silage,0,0
155.88744,37.559097,150.71155,15.31566,46.144516,10.318719,59.407516,17.163443,0.72200215,0.058487922,0.65388936,0.08218562,140.3385,18.498528,32.15332,67.84668,0.0,0.0,20.40171,16.299982,85.91144,340.63168,Maize Silage,0,0
155.5481,38.12041,150.37782,15.534318,46.267406,10.315631,59.455505,17.41941,0.72085,0.059114084,0.65332484,0.08364078,140.05515,18.785618,31.933594,68.06641,0.0,0.0,20.809837,16.764769,86.52615,385.222,Maize Silage,0,0
156.48814,37.738617,150.87794,15.2483835,46.429344,10.39006,59.18931,17.27337,0.72119594,0.05884461,0.6558716,0.082762994,140.64825,18.522764,31.542969,68.45703,0.0,0.0,20.426865,16.565296,90.22661,346.86462,Maize Silage,0,0
156.47005,37.317146,150.45981,15.517072,46.0527,10.550941,59.041447,17.206934,0.72274363,0.06150527,0.65501714,0.08262593,140.35446,18.407738,31.66504,68.33496,0.0,0.0,20.13673,16.349817,79.19828,302.45367,Maize Silage,0,0
156.59103,37.798584,150.26321,15.764449,46.05759,10.780772,58.851425,17.154995,0.72311455,0.06085511,0.65521455,0.08447632,140.27579,18.824947,30.615234,69.384766,0.0,0.0,20.708214,16.570385,82.43233,358.94968,Maize Silage,0,0
155.02773,38.551792,150.41406,15.767497,46.1809,10.669758,59.82962,17.708273,0.7210766,0.061750464,0.6528278,0.08382146,139.91096,19.010153,32.739258,67.26074,0.0,0.0,21.001549,16.823097,79.25758,346.68774,Maize Silage,0,0
156.85999,36.86806,150.76125,15.260156,46.272774,10.448721,58.84855,16.922941,0.72201127,0.058782406,0.655418,0.08136919,140.6731,18.197838,31.225586,68.75,0.0,0.0,19.86949,16.298326,93.84958,369.18213,Maize Silage,0,0
156.39868,37.549435,150.40569,15.38163,46.210697,10.68135,58.997917,17.219711,0.7222263,0.060132384,0.65499175,0.08255219,140.31937,18.51786,30.786133,69.21387,0.0,0.0,20.492657,16.44041,85.01822,330.6439,Maize Silage,0,0
156.72328,37.323715,150.90202,15.469056,46.173435,10.409438,59.038296,17.009008,0.72263324,0.058649134,0.655617,0.082468145,140.70352,18.493574,31.00586,68.99414,0.0,0.0,20.23496,16.488499,86.63617,315.99866,Maize Silage,0,0
156.67125,37.05054,150.80688,15.691752,46.25773,10.548456,58.97828,16.887653,0.72209185,0.05932552,0.655421,0.08251157,140.64172,18.501404,31.933594,68.06641,0.0,0.0,20.225063,16.252079,81.91001,342.01483,Maize Silage,0,0
156.99084,37.65151,150.9642,15.550561,46.206844,10.565095,58.946735,17.219816,0.723353,0.058688615,0.65731627,0.082545936,140.82384,18.582275,31.00586,68.99414,0.0,0.0,20.426567,16.590229,83.60436,313.13538,Maize Silage,0,0
156.15038,37.636955,150.89645,15.244428,46.218998,10.717786,59.342335,17.285294,0.72232366,0.060501184,0.6551374,0.08178015,140.53415,18.439283,31.201172,68.79883,0.0,0.0,20.3351,16.457565,87.37096,385.42673,Maize Silage,0,0
155.88457,38.042816,150.44333,15.652704,46.279755,10.27572,59.31932,17.492708,0.72146785,0.058067095,0.6547172,0.08323042,140.19562,18.722208,32.250977,67.74902,0.0,0.0,20.894346,16.437723,84.00695,309.41074,Maize Silage,0,0
156.43257,37.700397,150.48367,15.316724,46.160297,10.5133,59.055866,17.191483,0.72216415,0.060195003,0.6547947,0.08315748,140.36952,18.572054,30.981445,69.018555,0.0,0.0,20.28334,16.572056,80.3443,394.19803,Maize Silage,0,0
155.57828,37.631367,150.13287,15.433317,45.94596,10.547101,59.304623,17.31899,0.72278315,0.060295638,0.6529138,0.08258276,139.88374,18.510286,32.08008,67.91992,0.0,0.0,20.395782,16.414883,91.878456,371.18887,Maize Silage,0,0
156.22064,37.47456,150.38345,15.365905,46.30689,10.300148,59.0708,17.242474,0.7211097,0.058803223,0.65435266,0.08242561,140.26404,18.424747,31.103516,68.896484,0.0,0.0,20.356949,16.350176,87.233986,372.25815,Maize Silage,0,0
155.38394,38.37855,150.19804,15.282827,46.16197,10.644841,59.47666,17.537703,0.7216686,0.06016633,0.65326655,0.08427295,139.88852,18.76761,31.738281,68.26172,0.0,0.0,20.635046,16.648314,78.23361,347.06335,Maize Silage,0,0
156.80946,36.9395,150.53288,15.514208,46.091125,10.39087,58.803165,16.922163,0.7227419,0.059352968,0.6548518,0.0813938,140.50322,18.395718,30.175781,69.82422,0.0,0.0,20.022064,16.213707,84.362724,354.3798,Maize Silage,0,0
156.39105,37.720947,150.7269,15.389863,46.10222,10.653614,59.138145,17.227474,0.7232193,0.05980847,0.6556382,0.08249195,140.49327,18.571936,30.859375,69.11621,0.0,0.0,20.226252,16.528034,91.41588,320.8753,Maize Silage,0,0
156.38594,37.821144,150.32611,15.174004,46.23278,10.488875,59.063686,17.351028,0.72176814,0.06042735,0.6550297,0.0834561,140.27136,18.511904,30.273438,69.72656,0.0,0.0,20.14872,16.465271,84.74,296.0157,Maize Silage,0,0
155.39607,38.103626,150.44777,15.357564,46.17581,10.460679,59.532642,17.367043,0.7214987,0.058716685,0.6529926,0.08324954,140.04031,18.75902,31.860352,68.13965,0.0,0.0,20.6262,16.499207,83.294815,350.9187,Maize Silage,0,0
156.16223,37.494476,150.43524,15.45299,46.012608,10.464374,59.08535,17.15745,0.72304136,0.058493827,0.6539886,0.08240136,140.24342,18.553743,30.981445,69.018555,0.0,0.0,20.355503,16.52439,82.40116,383.5855,Maize Silage,0,0
155.55022,37.89945,150.7094,15.460256,46.164276,10.535057,59.641808,17.303373,0.7215897,0.060551405,0.6534518,0.083337046,140.23866,18.692863,32.470703,67.5293,0.0,0.0,20.258726,16.33082,85.35863,381.3766,Maize Silage,0,0
156.08618,38.10689,150.57036,15.32662,46.0698,10.529554,59.25385,17.404484,0.72317004,0.058851264,0.6551229,0.082993984,140.30652,18.665573,31.49414,68.481445,0.0,0.0,20.507505,16.401133,84.601616,325.2875,Maize Silage,0,0
156.45651,37.579903,150.82185,15.35515,46.472946,10.5020685,59.158257,17.237217,0.7208116,0.059113078,0.6554968,0.082139306,140.61084,18.503809,30.932617,69.06738,0.0,0.0,20.478899,16.450655,85.009514,389.49475,Maize Silage,0,0
156.79323,37.3637,151.11665,15.405698,46.405273,10.517971,59.098793,17.100927,0.72152144,0.059649795,0.6563752,0.081454694,140.87685,18.47391,30.761719,69.23828,0.0,0.0,20.58292,16.48784,87.00025,352.69754,Maize Silage,0,0
156.67555,37.578907,150.35335,15.442817,46.456406,10.681931,58.878304,17.333597,0.7209144,0.061084587,0.65592134,0.08322207,140.39943,18.476105,31.37207,68.62793,0.0,0.0,20.47932,16.426771,81.61064,337.14243,Maize Silage,0,0
155.14622,38.31336,149.85294,15.549437,45.85254,10.710679,59.417336,17.566666,0.72296166,0.060843676,0.65193576,0.08360134,139.57959,18.858292,32.250977,67.74902,0.0,0.0,20.612322,16.637001,83.10992,408.0555,Maize Silage,0,0
156.86269,36.917564,150.81595,15.551552,46.25952,10.444575,58.911915,16.950054,0.72185624,0.059794832,0.6552923,0.080999054,140.7045,18.369791,30.59082,69.40918,0.0,0.0,19.959896,16.3917,89.988144,328.22766,Maize Silage,0,0
155.49673,37.975334,150.21461,15.590628,46.446846,10.3410015,59.36142,17.49303,0.7198914,0.058142956,0.65311223,0.08284767,139.96445,18.71327,31.640625,68.359375,0.0,0.0,20.708471,16.59585,87.82427,397.83746,Maize Silage,0,0
156.77983,37.618206,150.50914,15.557391,46.350906,10.5791445,58.884567,17.166874,0.7216302,0.05922099,0.65569985,0.08385299,140.51004,18.630901,31.152344,68.82324,0.0,0.0,20.214767,16.673277,82.671616,320.39502,Maize Silage,0,0
155.7246,38.012203,150.65573,15.386328,46.114693,10.614363,59.397556,17.496334,0.7228308,0.059293423,0.6546736,0.08195221,140.25365,18.548492,31.835938,68.16406,0.0,0.0,20.68308,16.295345,77.23306,329.0559,Maize Silage,0,0
156.46368,37.073895,150.75183,15.332421,46.40865,10.580789,59.060696,17.16103,0.7209998,0.06038219,0.65506065,0.08071657,140.56454,18.241365,30.88379,69.0918,0.0,0.0,20.119911,16.326416,88.96804,309.56216,Maize Silage,0,0
155.78741,37.814877,150.51062,15.392081,46.216873,10.652406,59.364594,17.320417,0.7217037,0.060210124,0.65394473,0.08282124,140.1989,18.610806,31.591797,68.4082,0.0,0.0,20.40653,16.293411,79.9943,358.4182,Maize Silage,0,0
156.06595,37.49024,150.24937,15.4244995,46.30034,10.529627,59.061047,17.334702,0.7210095,0.059669524,0.65374744,0.08172531,140.13834,18.453644,31.201172,68.79883,0.0,0.0,20.209032,16.410028,81.99167,325.89023,Maize Silage,0,0
157.35948,37.371998,150.8352,15.377511,46.411713,10.611956,58.66503,17.078493,0.72224617,0.058655642,0.657479,0.08267631,140.88168,18.468195,30.71289,69.28711,0.0,0.0,20.21211,16.648367,91.62569,356.36792,Maize Silage,0,0
156.79257,37.24411,150.80037,15.690497,46.333324,10.530117,59.00071,17.120296,0.7216792,0.05932102,0.6556584,0.082587674,140.6828,18.54137,31.860352,68.13965,0.0,0.0,20.487883,16.576681,84.476585,324.6111,Maize Silage,0,0
157.86436,36.43595,150.85556,15.381265,46.360058,10.423335,58.366425,16.687893,0.72232723,0.058590915,0.6575792,0.080844164,141.0387,18.117073,29.980469,70.01953,0.0,0.0,19.831532,16.173973,76.273636,304.044,Maize Silage,0,0
155.30766,37.459076,150.8971,15.541796,46.479416,10.484247,59.740074,17.130201,0.7192712,0.060358446,0.65243876,0.08211228,140.31224,18.616014,33.10547,66.87012,0.0,0.0,20.536018,16.42284,83.477,338.52045,Maize Silage,0,0
156.30621,37.80852,150.13858,15.471669,46.18603,10.5053005,58.905746,17.454842,0.7224158,0.059052918,0.65512323,0.08310098,140.13211,18.520212,31.396484,68.603516,0.0,0.0,20.324764,16.346806,89.647804,330.9367,Maize Silage,0,0
156.78595,37.15234,150.48322,15.610391,46.43085,10.474451,58.82152,17.087349,0.7208675,0.059671655,0.65544426,0.082465574,140.50577,18.437407,30.932617,69.06738,0.0,0.0,20.407497,16.372799,83.986176,347.97678,Maize Silage,0,0
156.34465,37.75212,151.00249,15.529136,46.275284,10.602561,59.345936,17.283737,0.7219008,0.060780115,0.6556635,0.08292358,140.66089,18.611546,31.762695,68.237305,0.0,0.0,20.155165,16.494736,88.555336,319.08484,Maize Silage,0,0
155.67505,37.724857,150.27525,15.3813,45.862152,10.366391,59.359596,17.150442,0.7231639,0.059889223,0.6529535,0.08341655,139.9867,18.64773,32.03125,67.96875,0.0,0.0,20.36412,16.549332,94.05215,298.80807,Maize Silage,0,0
156.09251,37.64061,150.40619,15.444621,46.35661,10.484545,59.14427,17.084217,0.7208133,0.058319986,0.6536454,0.08347178,140.24475,18.715117,31.445312,68.55469,0.0,0.0,20.721119,16.695436,86.42551,377.2746,Maize Silage,0,0
156.62767,37.460953,150.87128,15.363482,46.240643,10.489416,59.082344,17.138563,0.7223699,0.05899348,0.6558017,0.08193288,140.66454,18.481712,31.00586,68.99414,0.0,0.0,20.227264,16.415485,84.79375,324.60852,Maize Silage,0,0
157.02525,37.120903,150.88385,15.373853,46.384964,10.680365,58.834557,16.946095,0.72165936,0.060290817,0.65616024,0.08152934,140.80725,18.423153,30.981445,68.99414,0.0,0.0,20.119791,16.55203,87.34911,363.10526,Maize Silage,0,0
156.26395,37.51108,150.78546,15.530993,46.475685,10.505464,59.242527,17.22213,0.7204738,0.05964021,0.6551231,0.08234407,140.53221,18.561604,32.250977,67.74902,0.0,0.0,20.492315,16.612152,82.95366,351.04947,Maize Silage,0,0
156.44868,37.30418,150.57362,15.443517,46.301388,10.462295,58.99994,17.16808,0.72173584,0.058733314,0.655136,0.081964925,140.44324,18.383928,31.298828,68.70117,0.0,0.0,20.382912,16.421392,95.86179,323.69373,Maize Silage,0,0
157.05492,36.922325,150.53107,15.346512,46.200657,10.477492,58.689148,17.023565,0.7225791,0.05932909,0.6559223,0.081283204,140.58803,18.222021,29.858398,70.1416,0.0,0.0,20.123613,16.0921,76.93953,324.04105,Maize Silage,0,0
156.00594,37.4031,150.97906,15.41684,46.222,10.639503,59.437683,17.137459,0.721771,0.060696565,0.6542212,0.08145692,140.5398,18.534605,32.299805,67.700195,0.0,0.0,20.49744,16.632963,81.50931,354.68985,Maize Silage,0,0
155.83395,37.79757,150.31425,15.629734,46.3151,10.68905,59.22265,17.3121,0.7209146,0.06024997,0.65359855,0.08343484,140.10875,18.712154,31.835938,68.16406,0.0,0.0,20.471897,16.54466,83.82735,375.9747,Maize Silage,0,0
156.61737,37.04728,151.04651,15.692949,46.261715,10.67303,59.109512,16.874582,0.72191894,0.060688652,0.6551657,0.08199285,140.76674,18.562775,31.811523,68.18848,0.0,0.0,20.110516,16.4267,87.16678,306.29178,Maize Silage,0,0
156.50157,37.475483,150.7139,15.523681,46.155735,10.424396,59.07539,17.14606,0.7225861,0.05874035,0.65517414,0.082487494,140.52478,18.545057,31.518555,68.481445,0.0,0.0,20.34306,16.554852,80.70121,364.07587,Maize Silage,0,0
156.66463,37.52543,150.7685,15.655577,46.3746,10.534774,59.025314,17.052303,0.72123134,0.0598979,0.65541744,0.08329445,140.63054,18.726618,31.030273,68.96973,0.0,0.0,20.445848,16.659016,78.85624,317.9837,Maize Silage,0,0
155.93048,37.45117,150.2607,15.076558,46.22413,10.360249,59.129044,17.352938,0.721617,0.058901474,0.6540909,0.08112484,140.0958,18.172932,31.542969,68.45703,0.0,0.0,20.10163,16.14344,89.20656,345.54413,Maize Silage,0,0
156.14511,37.323555,150.55591,15.784667,46.327496,10.576953,59.163563,17.131176,0.72086895,0.060063146,0.65380406,0.082128614,140.34505,18.654245,31.689453,68.31055,0.0,0.0,20.68307,16.471994,86.73947,352.796,Maize Silage,0,0
156.31154,37.67335,150.41957,15.32797,46.111862,10.462837,59.058228,17.210165,0.7224211,0.05939644,0.65447783,0.08315052,140.29019,18.571747,30.83496,69.140625,0.0,0.0,20.122091,16.638086,85.08116,333.12686,Maize Silage,0,0
156.17317,37.77729,150.48119,15.540149,46.320446,10.4798765,59.16487,17.307106,0.7211375,0.05952405,0.65452385,0.08327738,140.30876,18.641827,31.152344,68.84766,0.0,0.0,20.308071,16.313581,82.74245,343.4425,Maize Silage,0,0
156.32976,37.389416,150.58714,15.481377,46.238083,10.511074,59.034645,17.127316,0.7221446,0.05858957,0.6549333,0.08197866,140.40839,18.48986,31.12793,68.87207,0.0,0.0,20.399323,16.430826,86.19465,349.61465,Maize Silage,0,0
156.35478,37.338028,150.7322,15.298739,46.22587,10.512392,59.143574,17.11772,0.722083,0.059415363,0.65512186,0.082398295,140.49963,18.379805,31.591797,68.4082,0.0,0.0,20.086725,16.37645,85.047035,333.6813,Maize Silage,0,0
155.88818,38.037006,150.3364,15.639682,46.499767,10.72808,59.258415,17.382603,0.7200644,0.060103368,0.65422976,0.0841458,140.159,18.810238,31.90918,68.09082,0.0,0.0,20.871817,16.538536,90.392204,350.8957,Maize Silage,0,0
156.45032,37.220016,150.94806,15.166964,46.539413,10.651666,59.20159,17.105455,0.7202451,0.05981477,0.65499485,0.0809992,140.69064,18.330606,31.030273,68.96973,0.0,0.0,19.934402,16.266676,83.763664,385.11606,Maize Silage,0,0
156.08557,37.58895,150.17604,15.373145,46.20165,10.602171,59.01146,17.274384,0.72182524,0.06010246,0.6540794,0.08229135,140.0899,18.467052,30.83496,69.16504,0.0,0.0,20.374704,16.407019,87.90702,329.86243,Maize Silage,0,0
156.74525,37.06765,150.5356,15.487284,46.36252,10.510511,58.864384,17.069777,0.7211777,0.060327366,0.65533257,0.08200527,140.51656,18.337452,30.639648,69.33594,0.0,0.0,20.066193,16.16678,80.881165,377.03024,Maize Silage,0,0
157.28165,36.684437,150.79819,15.175874,46.145702,10.412713,58.673927,16.791317,0.7228699,0.059046518,0.655805,0.081224225,140.80635,18.151926,30.175781,69.82422,0.0,0.0,20.109283,16.263659,88.22198,360.6002,Maize Silage,0,0
155.95406,37.901386,150.62735,15.737028,46.112335,10.669455,59.32338,17.277721,0.7225652,0.06022813,0.65450513,0.08346954,140.30533,18.811525,32.03125,67.96875,0.0,0.0,20.647308,16.738436,83.79857,331.54193,Maize Silage,0,0
156.64355,37.414764,150.3653,15.716769,46.176914,10.502839,58.848396,17.09664,0.7223045,0.05906895,0.6548146,0.08316093,140.36502,18.666634,30.981445,69.018555,0.0,0.0,20.544413,16.501673,85.34214,358.61603,Maize Silage,0,0
156.16595,37.79474,150.66483,15.391043,46.42866,10.463972,59.256653,17.422516,0.7208014,0.059510715,0.6551426,0.081824325,140.42674,18.544355,31.103516,68.896484,0.0,0.0,20.47647,16.520056,82.61941,362.71634,Maize Silage,0,0
156.29417,37.593254,150.37425,15.308438,46.235573,10.455307,59.023766,17.267122,0.72197175,0.0586525,0.6549063,0.08250174,140.27249,18.473919,31.274414,68.725586,0.0,0.0,20.594872,16.567059,82.82208,333.0339,Maize Silage,0,0
157.31238,37.163044,150.80382,15.545681,46.5086,10.49575,58.69529,17.054977,0.7213671,0.059131764,0.65731144,0.08225712,140.86023,18.422043,30.371094,69.62891,0.0,0.0,20.335127,16.589876,86.16906,403.41037,Maize Silage,0,0
154.61531,38.399654,150.08891,15.226011,45.869255,10.513181,59.80866,17.627045,0.72263217,0.0603359,0.65149605,0.08269527,139.56126,18.690886,32.76367,67.23633,0.0,0.0,20.654999,16.680101,99.67443,388.12424,Maize Silage,0,0
157.06903,37.005722,150.87386,15.295624,46.33328,10.43454,58.82839,16.985386,0.722103,0.059210915,0.65662885,0.08153086,140.8086,18.238194,30.908203,69.0918,0.0,0.0,20.259996,16.167444,82.7352,340.61697,Maize Silage,0,0
156.88078,37.139355,150.55833,15.140564,46.389843,10.48481,58.828445,17.083065,0.72120124,0.05963778,0.6555443,0.08142436,140.57353,18.267342,29.956055,70.043945,0.0,0.0,19.908138,16.25925,81.53093,354.7558,Maize Silage,0,0
157.15486,36.52124,150.74161,15.298427,46.216038,10.514679,58.686,16.858372,0.72252464,0.059809353,0.6561918,0.08051178,140.74326,18.016302,30.908203,69.0918,0.0,0.0,20.089373,16.088202,83.15551,371.62762,Maize Silage,0,0
69.880905,11.662355,139.5745,15.320995,41.968204,10.039137,102.75715,7.899478,0.6979212,0.072783366,0.54735094,0.060082335,107.60899,10.665928,100.0,0.0,0.0,0.0,12.047669,9.099292,54.14022,115.578415,Green Fodder,1,0
69.84671,11.555015,139.6792,15.443246,42.02624,10.238724,102.89946,7.8193445,0.6978866,0.07371032,0.5477616,0.060561746,107.66685,10.871629,100.0,0.0,0.0,0.0,12.232456,9.216037,56.98896,99.7793,Green Fodder,1,0
69.91933,11.615423,139.70338,15.360755,42.202793,10.166349,102.886566,8.014001,0.69671273,0.07357068,0.5478564,0.060238257,107.722885,10.707224,100.0,0.0,0.0,0.0,11.936596,9.079481,63.01652,117.239006,Green Fodder,1,0
70.14148,11.571557,139.84839,15.12215,42.090515,10.089818,102.72424,7.9291763,0.6977954,0.07259668,0.5484251,0.05930255,107.861626,10.56115,100.0,0.0,0.0,0.0,11.833539,8.984295,61.739754,103.13407,Green Fodder,1,0
69.96941,11.735181,139.86362,14.9114685,41.999454,9.8061285,102.76971,7.9266806,0.6984363,0.07105846,0.54848474,0.058476347,107.80873,10.382897,100.0,0.0,0.0,0.0,11.631867,8.736732,55.048878,109.315384,Green Fodder,1,0
69.883224,11.60848,140.13377,15.360848,41.66975,10.143517,102.73429,7.688872,0.701547,0.07172596,0.5495442,0.060238622,107.90396,10.840665,100.0,0.0,0.0,0.0,12.335624,9.282261,62.370342,117.707985,Green Fodder,1,0
70.12002,11.588396,140.44615,15.150684,42.123306,9.89682,102.81991,7.7534723,0.6987667,0.07087391,0.5507692,0.059414446,108.20984,10.531797,100.0,0.0,0.0,0.0,11.8871,8.977118,59.618996,106.11346,Green Fodder,1,0
69.954636,11.691679,140.15938,15.114297,42.123005,9.98821,102.91575,7.86648,0.6979188,0.07330895,0.54964465,0.059271753,107.99201,10.512887,100.0,0.0,0.0,0.0,11.810709,8.881497,61.969414,131.9448,Green Fodder,1,0
70.1434,11.616676,140.33955,15.215731,42.040268,9.9324,102.79273,7.827398,0.6988165,0.072439045,0.55035114,0.059669532,108.14479,10.597104,100.0,0.0,0.0,0.0,11.897871,9.049269,63.709732,127.14144,Green Fodder,1,0
70.12502,11.622683,139.9212,14.969756,41.973007,10.007771,102.69617,7.695043,0.6988627,0.07219176,0.5487106,0.058704928,107.886055,10.524938,100.0,0.0,0.0,0.0,11.904088,8.882939,59.686157,111.05492,Green Fodder,1,0
69.83618,11.517494,140.20125,15.152915,42.004257,10.058453,102.914406,7.782942,0.6992148,0.0722552,0.5498088,0.059423193,107.967636,10.521798,100.0,0.0,0.0,0.0,11.873179,8.890351,51.812523,114.05556,Green Fodder,1,0
69.98263,11.6004925,139.98854,15.160955,41.96923,9.821369,102.77874,7.8883667,0.699144,0.07042181,0.5489747,0.059454728,107.882576,10.578161,100.0,0.0,0.0,0.0,11.905789,9.120084,58.693413,107.44673,Green Fodder,1,0
70.25916,11.55362,140.09952,15.065879,41.9945,9.921156,102.61806,7.782897,0.69899774,0.07124085,0.54940987,0.05908188,108.03328,10.476494,100.0,0.0,0.0,0.0,11.840806,9.000732,57.716244,113.999214,Green Fodder,1,0
69.772804,11.744878,140.24094,15.093069,41.798397,9.9191675,102.862564,7.9559107,0.7007785,0.07146326,0.5499645,0.059188504,107.94852,10.454483,100.0,0.0,0.0,0.0,11.8459215,8.943855,60.697464,99.09194,Green Fodder,1,0
70.014496,11.755534,140.18787,15.315755,41.944195,9.834544,102.7847,7.788368,0.69936365,0.07130461,0.5497563,0.060061786,108.00625,10.70746,100.0,0.0,0.0,0.0,11.951203,9.164254,62.380554,123.199684,Green Fodder,1,0
69.89467,11.483703,140.26483,15.287162,41.98917,9.97393,102.867256,7.7809243,0.6994631,0.07122448,0.5500617,0.05994036,108.02072,10.64485,99.975586,0.024414062,0.0,0.0,12.076569,9.115702,61.166466,103.75934,Green Fodder,1,0
69.67753,11.842166,139.92467,15.077768,42.01349,10.166026,102.96894,7.9021726,0.6985951,0.07314866,0.54872423,0.059128504,107.7589,10.558335,100.0,0.0,0.0,0.0,11.948983,9.009204,57.70993,116.96918,Green Fodder,1,0
69.85922,11.813947,140.25925,15.213787,42.087227,9.928192,102.94934,7.873538,0.6985636,0.07186657,0.55003625,0.059661914,108.018036,10.596489,100.0,0.0,0.0,0.0,12.019828,9.156914,62.150414,105.73752,Green Fodder,1,0
70.284874,11.815657,139.92389,15.525704,42.047874,10.105392,102.58124,7.716916,0.69810903,0.07257753,0.5487211,0.060885116,107.943954,10.915516,100.0,0.0,0.0,0.0,12.349105,9.380543,56.907444,102.80244,Green Fodder,1,0
69.993126,11.739898,140.22926,15.309511,42.13187,10.135725,102.8598,7.89109,0.69814026,0.073857315,0.54991865,0.0600373,108.045555,10.606223,100.0,0.0,0.0,0.0,12.019088,8.956639,54.870853,107.79781,Green Fodder,1,0
70.002304,11.69673,140.05333,15.318901,42.27755,10.031913,102.892914,7.8545623,0.6966816,0.07309634,0.5492288,0.06007412,107.96163,10.657057,100.0,0.0,0.0,0.0,11.935401,9.043679,55.125275,107.29047,Green Fodder,1,0
69.93596,11.532219,139.82599,15.182436,41.996246,10.158405,102.7739,7.9249806,0.69861424,0.072815135,0.5483453,0.05952369,107.776276,10.531757,99.975586,0.024414062,0.0,0.0,11.841509,8.904756,55.78392,109.25009,Green Fodder,1,0
70.280235,11.654751,139.95921,15.267256,42.069748,10.074522,102.64869,7.6616006,0.6981869,0.07208193,0.54885966,0.05987159,107.9658,10.773505,100.0,0.0,0.0,0.0,12.082652,9.213212,60.28084,115.66095,Green Fodder,1,0
70.11995,11.494464,140.02809,15.167562,41.93171,10.193567,102.71005,7.693167,0.6992869,0.07332409,0.54912984,0.059480634,107.94257,10.629936,100.0,0.0,0.0,0.0,11.981778,9.016595,56.12195,118.70575,Green Fodder,1,0
70.135315,11.753871,140.2333,15.142946,42.244816,9.980455,102.83267,7.7563972,0.697492,0.071981415,0.5499345,0.059384108,108.10332,10.606304,100.0,0.0,0.0,0.0,11.914335,9.040244,53.947613,126.884544,Green Fodder,1,0
69.84192,11.698079,140.08728,15.118236,42.048653,10.321843,102.93761,7.883028,0.6989188,0.073372446,0.5493619,0.059287194,107.90752,10.591074,100.0,0.0,0.0,0.0,12.062102,9.102047,54.598248,100.52796,Green Fodder,1,0
70.09171,11.778944,140.11526,15.268905,42.035133,10.019116,102.751526,7.8355336,0.6988311,0.07168764,0.5494717,0.05987806,107.99709,10.679125,100.0,0.0,0.0,0.0,12.042406,9.112317,57.025963,122.91008,Green Fodder,1,0
69.90526,11.53937,139.56906,15.013653,42.0158,10.013902,102.785416,7.945308,0.6977531,0.072141275,0.54732966,0.05887707,107.618515,10.437277,100.0,0.0,0.0,0.0,11.839621,8.908675,54.21476,115.78666,Green Fodder,1,0
69.790375,11.824738,139.57053,15.199677,41.60656,9.993972,102.71317,7.6702514,0.7004707,0.07329855,0.5473354,0.05960658,107.53837,10.741281,100.0,0.0,0.0,0.0,12.006068,9.069915,58.432552,115.25492,Green Fodder,1,0
69.979034,11.798144,139.93657,15.152734,42.008595,10.186729,102.756714,7.9153385,0.6985334,0.07343882,0.54877084,0.059422486,107.85548,10.523742,100.0,0.0,0.0,0.0,11.9775305,8.954461,66.39192,113.64365,Green Fodder,1,0
69.836945,11.607044,140.09799,14.961324,42.172592,9.941629,102.96571,7.7807226,0.6976314,0.07215855,0.5494039,0.05867186,107.926445,10.379151,100.0,0.0,0.0,0.0,11.703814,8.813121,63.104122,106.068275,Green Fodder,1,0
70.245346,11.600964,139.97597,15.31748,42.0495,10.108555,102.63229,7.7912807,0.6984577,0.07228476,0.54892534,0.060068548,107.96289,10.705837,100.0,0.0,0.0,0.0,12.006439,9.0630455,56.430473,112.01632,Green Fodder,1,0
70.19548,11.850848,140.05852,15.102047,41.95687,9.995011,102.6533,7.954566,0.69930017,0.071317755,0.54924905,0.05922371,107.98588,10.614396,100.0,0.0,0.0,0.0,11.989155,9.094175,58.500507,111.24178,Green Fodder,1,0
70.06082,11.741619,139.61278,15.266046,41.927063,10.112053,102.65266,7.848658,0.69862384,0.07259575,0.5475011,0.059866846,107.68057,10.709951,100.0,0.0,0.0,0.0,12.104384,9.27978,62.449844,119.106155,Green Fodder,1,0
70.00916,11.697212,140.39735,15.008212,42.068634,9.909378,102.874695,7.7088056,0.69923675,0.0711703,0.5505779,0.058855735,108.141815,10.514244,100.0,0.0,0.0,0.0,11.879213,8.799496,56.194927,117.891075,Green Fodder,1,0
69.91935,11.6278515,140.21185,15.300737,41.981083,10.017302,102.8512,7.822809,0.6992434,0.072081536,0.54985046,0.06000289,107.996086,10.632043,100.0,0.0,0.0,0.0,12.108662,9.100569,56.714844,113.64512,Green Fodder,1,0
69.89309,11.544137,139.94164,15.109579,42.093224,9.886291,102.91037,7.713805,0.69804895,0.07130162,0.5487907,0.059253253,107.84241,10.597081,100.0,0.0,0.0,0.0,11.850432,9.041195,55.02857,111.556015,Green Fodder,1,0
70.271805,11.670623,139.92772,15.171197,42.162834,10.133893,102.674034,7.8192554,0.697695,0.07184002,0.5487361,0.05949489,107.9554,10.694954,100.0,0.0,0.0,0.0,12.129948,9.214816,57.19093,88.99495,Green Fodder,1,0
70.08868,11.416056,139.61623,15.309795,42.109665,9.94085,102.68587,7.8107486,0.69691616,0.07237503,0.5475146,0.060038418,107.71174,10.557956,100.0,0.0,0.0,0.0,11.825458,9.021272,60.446144,127.75009,Green Fodder,1,0
70.14077,11.783001,140.25037,15.273402,41.92513,9.900848,102.74179,7.7412267,0.699396,0.07260345,0.5500015,0.059895698,108.07852,10.7266,100.0,0.0,0.0,0.0,12.187281,9.161608,58.744434,117.88277,Green Fodder,1,0
70.30786,11.311122,140.40672,15.211134,42.26813,10.102734,102.77471,7.5978994,0.6976304,0.072698444,0.5506146,0.059651505,108.25936,10.596258,100.0,0.0,0.0,0.0,11.944247,9.110414,60.692,121.60446,Green Fodder,1,0
69.955345,11.544639,140.12218,15.272433,41.9445,10.062462,102.766556,7.8007417,0.6994107,0.07214894,0.5494987,0.05989189,107.95004,10.591285,100.0,0.0,0.0,0.0,12.010969,9.060155,61.923004,107.18326,Green Fodder,1,0
70.19859,11.9965105,139.87535,15.4942875,42.20955,10.046526,102.70862,7.9036455,0.6970185,0.071996085,0.5485308,0.06076191,107.9081,10.901288,100.0,0.0,0.0,0.0,12.382754,9.390427,63.891357,127.098,Green Fodder,1,0
69.877495,11.548413,139.77777,15.253554,42.11817,9.810457,102.87237,7.8018217,0.69730717,0.07122362,0.5481481,0.05981786,107.74439,10.627783,100.0,0.0,0.0,0.0,11.863344,8.915694,62.658722,99.39547,Green Fodder,1,0
70.02325,11.564118,139.67477,15.398266,41.922043,10.03691,102.673065,7.697702,0.698558,0.07191606,0.5477442,0.060385358,107.705154,10.802946,100.0,0.0,0.0,0.0,12.161477,9.202938,69.10466,104.08008,Green Fodder,1,0
70.02657,11.651541,139.80919,15.042258,42.07897,9.904705,102.73367,7.813314,0.6976585,0.07212381,0.5482713,0.05898925,107.80294,10.465751,100.0,0.0,0.0,0.0,11.742289,8.758786,53.10612,88.44524,Green Fodder,1,0
69.93322,11.359757,140.18912,15.207951,41.60213,9.950848,102.67526,7.6278343,0.701794,0.07167872,0.54976696,0.059622817,107.94369,10.57442,99.975586,0.024414062,0.0,0.0,11.841185,9.0072365,60.1811,98.698456,Green Fodder,1,0
69.767395,11.75657,139.8655,15.24755,41.95606,9.956118,102.91485,7.851335,0.6990068,0.07087734,0.5484921,0.059794314,107.744484,10.791479,100.0,0.0,0.0,0.0,12.1781845,9.1089,57.283253,131.92827,Green Fodder,1,0
69.954,11.516655,140.37694,15.37998,41.97068,9.769882,102.87099,7.834704,0.69967544,0.07037746,0.5504978,0.06031365,108.102165,10.720587,100.0,0.0,0.0,0.0,12.082343,9.176512,60.068462,114.028885,Green Fodder,1,0
69.72398,11.794879,139.90553,15.424575,41.957733,10.130633,102.9466,7.7671256,0.69879603,0.07296964,0.5486514,0.0604815,107.755196,10.885705,99.975586,0.024414062,0.0,0.0,12.23744,9.385228,69.84241,124.15976,Green Fodder,1,0
69.982445,11.676764,140.08063,15.501348,42.02648,10.3279505,102.79147,7.776287,0.69872475,0.073986486,0.5493357,0.0607896,107.9431,10.850776,100.0,0.0,0.0,0.0,12.1977215,9.351981,62.684326,122.36541,Green Fodder,1,0
69.86671,11.906133,140.05127,14.943379,41.99343,10.137589,102.85974,7.7993555,0.6993697,0.071220405,0.5492207,0.058601487,107.8875,10.620186,100.0,0.0,0.0,0.0,11.96779,8.956708,61.587177,102.797676,Green Fodder,1,0
69.84771,11.512832,139.88924,15.382982,42.042553,10.048805,102.84306,7.9516206,0.6980112,0.07311148,0.5485853,0.060325418,107.7923,10.564397,100.0,0.0,0.0,0.0,11.908464,8.983369,58.382877,110.84594,Green Fodder,1,0
70.0005,11.757314,140.04613,15.024753,42.008873,9.7019005,102.78677,7.803422,0.69857574,0.07080333,0.5492005,0.0589206,107.92624,10.462998,100.0,0.0,0.0,0.0,11.822691,8.988489,72.52612,106.62391,Green Fodder,1,0
70.01481,11.818535,139.88403,15.534444,41.919674,9.849284,102.72906,7.8336725,0.69880664,0.07164246,0.5485649,0.06091939,107.8252,10.887742,100.0,0.0,0.0,0.0,12.296972,9.404084,57.893856,126.374054,Green Fodder,1,0
70.001114,11.668542,140.46515,15.408037,41.974743,10.091255,102.90159,7.8540053,0.69988626,0.07227834,0.5508437,0.060423676,108.1685,10.776884,100.0,0.0,0.0,0.0,12.01556,9.152646,61.520985,133.34747,Green Fodder,1,0
70.18726,11.627485,139.56929,15.108831,41.878387,10.037406,102.55885,7.909622,0.6985668,0.07266939,0.5473325,0.05924527,107.6873,10.545906,99.975586,0.024414062,0.0,0.0,11.809423,8.939424,64.49108,107.96649,Green Fodder,1,0
70.118195,11.711284,139.99577,14.960175,42.16043,9.665214,102.7736,7.8232336,0.69747937,0.069907695,0.54900473,0.058663458,107.94915,10.456193,99.975586,0.024414062,0.0,0.0,11.802408,8.936412,57.805473,115.71259,Green Fodder,1,0
69.82291,11.9239235,139.93904,15.109015,42.097977,9.962055,102.920746,7.881614,0.6976168,0.07278911,0.54878056,0.05925104,107.820435,10.539459,100.0,0.0,0.0,0.0,11.833353,8.869166,70.89297,101.30241,Green Fodder,1,0
70.218666,11.505538,139.76932,15.2842045,41.91229,9.808324,102.53822,7.784384,0.69878167,0.07095694,0.54811496,0.05993806,107.81797,10.586209,100.0,0.0,0.0,0.0,11.950168,9.025013,57.173355,112.65418,Green Fodder,1,0
69.983696,11.719311,139.36609,15.52068,41.883698,10.099225,102.60508,7.9120574,0.6979196,0.073833354,0.54653364,0.060865413,107.50776,10.794467,100.0,0.0,0.0,0.0,12.216826,9.172533,53.405014,118.791855,Green Fodder,1,0
70.05927,11.66944,139.8449,15.127153,41.942875,9.871569,102.67581,7.8032517,0.6986745,0.071471974,0.54841137,0.059322167,107.81817,10.546207,100.0,0.0,0.0,0.0,11.857026,9.049025,57.095215,107.68863,Green Fodder,1,0
69.87336,11.662852,140.22855,15.103224,41.943703,10.047907,102.89276,7.7382746,0.69975936,0.07178432,0.5499159,0.059228327,107.98787,10.615375,100.0,0.0,0.0,0.0,11.946498,9.011756,56.339455,127.87794,Green Fodder,1,0
70.408134,11.618707,140.04506,15.328299,42.185604,10.223033,102.65177,7.7229815,0.6972605,0.074462436,0.5491963,0.060110975,108.06764,10.720319,100.0,0.0,0.0,0.0,12.043871,9.039905,55.491974,112.44885,Green Fodder,1,0
70.31043,11.752179,140.33998,15.104967,42.07615,10.109614,102.70601,7.7236576,0.6989814,0.072601214,0.5503529,0.059235167,108.19907,10.648009,100.0,0.0,0.0,0.0,11.975175,9.049426,55.97981,104.680405,Green Fodder,1,0
69.74572,11.614183,139.62192,15.360941,41.988255,10.12353,102.90092,7.852329,0.698077,0.07274941,0.54753685,0.060238983,107.598694,10.7921715,100.0,0.0,0.0,0.0,12.168018,9.3130865,62.735744,103.98154,Green Fodder,1,0
70.110634,11.673261,140.07477,15.238599,42.181366,9.763521,102.80798,7.778614,0.6974494,0.07067902,0.54931283,0.05975921,107.99564,10.638727,100.0,0.0,0.0,0.0,12.031074,9.080239,58.28109,112.88556,Green Fodder,1,0
69.87572,11.637602,139.6365,15.283533,41.886036,9.98503,102.7572,7.9456863,0.6986325,0.07225017,0.54759413,0.059935424,107.634476,10.643481,100.0,0.0,0.0,0.0,11.903152,9.011072,67.85281,113.37146,Green Fodder,1,0
70.0854,11.667942,140.16359,15.184969,42.13791,10.045884,102.85347,7.7726626,0.6981938,0.071891315,0.54966116,0.0595489,108.035286,10.7001095,100.0,0.0,0.0,0.0,12.057362,9.038392,54.694054,104.51942,Green Fodder,1,0
69.647194,11.657287,139.58975,15.510219,41.817753,10.090482,102.86641,8.012538,0.69939464,0.07239635,0.5474108,0.060824387,107.530914,10.82886,100.0,0.0,0.0,0.0,12.352083,9.266983,63.741833,110.7518,Green Fodder,1,0
70.39691,11.390422,140.13638,15.296614,42.098606,9.907869,102.56339,7.7604656,0.698112,0.07191863,0.54955596,0.059982345,108.10798,10.548398,99.975586,0.024414062,0.0,0.0,11.959176,9.110742,58.679077,105.603195,Green Fodder,1,0
69.906654,11.467169,140.1529,15.291628,41.932552,10.01965,102.84952,7.721125,0.6995181,0.072483376,0.5496192,0.059967168,107.95215,10.637109,100.0,0.0,0.0,0.0,12.134399,8.974788,57.13767,117.69237,Green Fodder,1,0
69.74988,11.731444,139.82994,15.170399,41.974705,9.996829,102.89166,7.6371837,0.6983713,0.0726952,0.5483527,0.059491757,107.7205,10.676986,100.0,0.0,0.0,0.0,11.989853,9.110966,57.932194,112.77739,Green Fodder,1,0
69.84064,11.688411,139.79822,15.189814,42.013165,10.010155,102.83197,7.7631464,0.69840515,0.07165474,0.5482283,0.0595679,107.733406,10.648127,100.0,0.0,0.0,0.0,12.097139,9.181345,56.563354,116.79653,Green Fodder,1,0
70.09621,11.560766,140.01291,15.486938,42.01342,10.099393,102.715515,7.81569,0.6987064,0.07218286,0.5490702,0.06073309,107.93587,10.790539,100.0,0.0,0.0,0.0,12.136805,9.188829,59.838284,117.27078,Green Fodder,1,0
70.08155,11.694653,140.24501,15.015862,42.150574,10.14336,102.84561,7.778987,0.69831586,0.07235287,0.5499862,0.058864947,108.083374,10.576768,99.975586,0.024414062,0.0,0.0,12.018781,9.01794,59.948925,111.864914,Green Fodder,1,0
69.92788,11.758094,139.81793,15.160238,42.191578,9.904095,102.88971,7.7337112,0.6968607,0.07178171,0.54830563,0.059451915,107.791405,10.695873,100.0,0.0,0.0,0.0,12.049399,9.130955,58.63284,109.87501,Green Fodder,1,0
69.92792,11.703863,140.18117,15.112138,41.865917,10.080969,102.80474,7.649031,0.7002246,0.07220835,0.54973006,0.059263285,107.96751,10.655374,100.0,0.0,0.0,0.0,11.9304905,9.103597,60.299026,138.73901,Green Fodder,1,0
69.637436,11.68608,140.15645,15.2766695,41.968334,9.836706,103.00564,7.834009,0.69938314,0.07069679,0.54963315,0.059908506,107.87782,10.65291,100.0,0.0,0.0,0.0,11.908757,9.006159,56.025944,127.74883,Green Fodder,1,0
69.89013,11.702018,139.80391,15.350988,41.98843,9.873901,102.76506,7.7774854,0.6984175,0.0711468,0.54825056,0.060199954,107.74872,10.743377,100.0,0.0,0.0,0.0,12.1812315,9.160732,56.189873,114.401634,Green Fodder,1,0
69.96039,11.640617,140.29295,15.456329,41.980152,10.039085,102.84031,7.88761,0.6993594,0.07238546,0.55016845,0.060613055,108.055855,10.76165,100.0,0.0,0.0,0.0,12.167856,9.22807,52.15818,124.56759,Green Fodder,1,0
70.00667,11.602563,140.2241,15.095252,42.00182,9.985646,102.80663,7.807065,0.69903827,0.07274096,0.54989845,0.05919707,108.03175,10.445115,100.0,0.0,0.0,0.0,11.643573,8.846991,53.892254,104.584785,Green Fodder,1,0
70.52295,11.509078,140.06827,15.026569,42.02642,9.871296,102.4859,7.705029,0.6986147,0.071099065,0.5492889,0.058923498,108.09744,10.508229,99.975586,0.024414062,0.0,0.0,11.910288,9.032735,56.872158,107.69209,Green Fodder,1,0
69.95713,11.584178,139.89534,15.198892,42.037846,9.958113,102.81375,7.730632,0.69827616,0.07196302,0.54860914,0.059603497,107.82806,10.622467,100.0,0.0,0.0,0.0,11.914362,8.978405,60.80733,94.20414,Green Fodder,1,0
69.937965,11.619047,139.72269,15.298768,42.039425,9.871609,102.79998,7.801954,0.69771075,0.07137608,0.5479321,0.059995167,107.72116,10.693984,100.0,0.0,0.0,0.0,12.02037,9.176693,58.89231,102.14298,Green Fodder,1,0
70.01102,11.653134,139.9142,15.083201,42.039654,9.923041,102.77205,7.858768,0.6981722,0.07215976,0.54868317,0.059149813,107.85545,10.460469,100.0,0.0,0.0,0.0,11.744535,8.913354,52.30388,107.20551,Green Fodder,1,0
69.93356,11.971922,139.75212,15.277876,42.262814,9.934748,102.87876,7.8971562,0.6962281,0.07182702,0.54805577,0.05989059,107.762596,10.766075,99.975586,0.024414062,0.0,0.0,12.225243,9.232111,56.203613,110.35255,Green Fodder,1,0
69.95185,11.6691675,139.88586,15.291412,41.91661,9.994161,102.71125,7.822005,0.6992399,0.0715083,0.548572,0.059966322,107.8071,10.6665125,100.0,0.0,0.0,0.0,12.040491,9.160576,58.429108,105.86402,Green Fodder,1,0
70.02044,11.870962,139.93954,15.058194,41.862133,10.044972,102.70013,7.8454647,0.69956684,0.07245918,0.5487825,0.05905174,107.852905,10.579134,100.0,0.0,0.0,0.0,11.89253,9.150712,57.406536,120.837685,Green Fodder,1,0
69.77712,11.730224,139.83125,15.205611,41.765923,9.971625,102.803955,7.7167,0.70007986,0.07165262,0.54835784,0.05962985,107.70562,10.707695,100.0,0.0,0.0,0.0,12.073422,9.135778,52.13785,122.99419,Green Fodder,1,0
69.85224,11.639053,139.87604,15.181442,41.982502,10.049009,102.83363,7.778645,0.6986387,0.072643064,0.54853344,0.059535068,107.77906,10.60879,100.0,0.0,0.0,0.0,12.0182295,8.929748,56.80736,107.06396,Green Fodder,1,0
69.85762,11.6430235,139.98555,15.335422,42.118904,10.0463085,102.925,7.7561727,0.69783777,0.072020665,0.54896295,0.060138907,107.860504,10.772047,100.0,0.0,0.0,0.0,12.080009,9.192036,60.225735,117.21426,Green Fodder,1,0
70.148384,11.924681,140.04214,15.023178,42.043274,9.963741,102.72505,7.8599396,0.69839376,0.07292324,0.54918486,0.058914427,107.97204,10.504703,100.0,0.0,0.0,0.0,12.0104885,8.9266615,54.523575,114.58522,Green Fodder,1,0
69.99883,11.6092615,140.08205,15.228269,41.871243,10.050774,102.70827,7.7068863,0.69992197,0.07172413,0.54934376,0.05971178,107.93114,10.645126,99.975586,0.024414062,0.0,0.0,12.018362,9.145518,58.829857,122.980804,Green Fodder,1,0
69.92657,11.725875,139.76123,15.286478,42.226967,9.895697,102.90934,7.8939695,0.69657195,0.071769275,0.5480833,0.059946973,107.761765,10.715016,100.0,0.0,0.0,0.0,12.096981,9.021863,62.322166,109.967125,Green Fodder,1,0
69.57423,11.439481,139.58989,15.228238,41.68732,10.120322,102.86404,7.7571073,0.69989854,0.07351485,0.5474113,0.059718583,107.49431,10.621751,100.0,0.0,0.0,0.0,11.925117,9.105742,60.21497,105.35994,Green Fodder,1,0
70.06636,11.699389,140.44507,15.299341,42.132496,9.815794,102.85373,7.7066393,0.698472,0.07107883,0.550765,0.059997413,108.1942,10.661,100.0,0.0,0.0,0.0,12.065273,9.085094,61.7547,101.83928,Green Fodder,1,0
70.03666,11.849448,140.05133,15.418798,42.06396,10.007155,102.8096,7.8150396,0.69836974,0.071587175,0.5492209,0.060465876,107.94639,10.880793,100.0,0.0,0.0,0.0,12.351318,9.350664,60.692005,122.274,Green Fodder,1,0
70.27625,11.416874,139.73724,15.508902,42.03629,10.0304365,102.58057,7.7830973,0.6976762,0.072426125,0.5479892,0.06081922,107.8305,10.7579975,100.0,0.0,0.0,0.0,12.177229,9.238368,64.054054,140.0133,Green Fodder,1,0
69.84688,11.621708,140.00641,14.992428,42.012722,9.864747,102.91335,7.7384005,0.6985537,0.07177837,0.5490448,0.058793835,107.85743,10.476155,100.0,0.0,0.0,0.0,11.888811,8.91061,55.969707,104.153755,Green Fodder,1,0
70.018105,11.742981,139.97182,15.316631,41.710316,10.05687,102.650085,7.7649927,0.70086765,0.07158712,0.54890907,0.06006522,107.85384,10.776023,100.0,0.0,0.0,0.0,12.320834,9.209066,64.99812,110.206406,Green Fodder,1,0
69.93763,11.595067,139.94167,14.845722,42.113297,10.017537,102.88343,7.8119655,0.6979583,0.07174322,0.5487908,0.058218516,107.858025,10.421484,100.0,0.0,0.0,0.0,11.734196,8.860766,57.935547,119.03543,Green Fodder,1,0
69.976875,11.649995,140.28488,15.207598,42.01627,10.032931,102.881256,7.7963247,0.69905245,0.072543785,0.5501368,0.059637636,108.060165,10.642747,100.0,0.0,0.0,0.0,12.071799,9.104994,57.6638,110.41795,Green Fodder,1,0
69.917015,11.332035,139.47624,15.033777,41.74371,9.968498,102.66162,7.5572777,0.69957423,0.07139791,0.54696566,0.05895599,107.53653,10.597365,100.0,0.0,0.0,0.0,11.848588,9.096015,55.53278,111.19859,Green Fodder,1,0
70.093155,11.786136,139.8748,15.217896,41.970078,9.884847,102.70055,7.729079,0.69861007,0.07087967,0.5485321,0.059669606,107.848946,10.746731,99.975586,0.024414062,0.0,0.0,12.073305,9.170396,56.59178,108.31892,Green Fodder,1,0
70.02072,11.7057705,140.03755,15.3668165,42.062424,9.946986,102.75769,7.7955804,0.6981596,0.07212127,0.5491669,0.060262028,107.93336,10.658158,100.0,0.0,0.0,0.0,12.063078,8.953965,51.381027,119.47422,Green Fodder,1,0
69.99142,11.649349,140.21577,15.0983715,41.811424,9.88509,102.698654,7.99453,0.7006585,0.0712971,0.54986584,0.059209302,108.000595,10.409979,100.0,0.0,0.0,0.0,11.756786,8.862041,58.391552,110.255104,Green Fodder,1,0
70.054474,11.530929,140.16469,15.181272,41.92409,10.089387,102.787445,7.8011637,0.6993793,0.07347448,0.54966545,0.059534397,108.002304,10.542069,100.0,0.0,0.0,0.0,11.845751,8.964163,58.981018,130.38834,Green Fodder,1,0
70.00715,11.498847,139.96933,15.221685,41.900066,10.221699,102.741455,7.729307,0.6993567,0.07378002,0.54889935,0.059692886,107.87074,10.6094885,100.0,0.0,0.0,0.0,11.970213,9.143157,61.859627,116.55496,Green Fodder,1,0
69.69902,11.500287,140.12393,15.31687,41.651253,10.115295,102.876335,7.6954656,0.7013985,0.073092364,0.5495056,0.060066156,107.840996,10.691192,100.0,0.0,0.0,0.0,12.185356,9.142758,61.60628,124.17515,Green Fodder,1,0
70.104576,11.626465,140.16342,15.402295,41.990852,9.915147,102.72056,7.7626123,0.6992028,0.070920736,0.54966044,0.060401157,108.024155,10.754889,100.0,0.0,0.0,0.0,12.04344,9.182685,65.777695,99.380035,Green Fodder,1,0
69.90543,11.6834545,140.25308,15.311828,41.889473,10.110959,102.85034,7.6221905,0.70017076,0.071753226,0.5500121,0.060046386,108.00569,10.804274,100.0,0.0,0.0,0.0,12.243209,9.218654,63.17272,127.55787,Green Fodder,1,0
69.92709,11.573194,139.97467,15.180318,41.830605,9.935624,102.75128,7.6767397,0.699825,0.071173005,0.5489203,0.05953066,107.842026,10.666164,100.0,0.0,0.0,0.0,12.073275,9.113877,54.34442,94.08137,Green Fodder,1,0
70.26577,11.543922,140.10112,15.381675,42.196266,10.012962,102.76176,7.756739,0.6974517,0.071992144,0.5494161,0.060320295,108.0592,10.800127,100.0,0.0,0.0,0.0,12.194035,9.157209,50.6973,126.04212,Green Fodder,1,0
70.21923,11.8920765,139.95084,15.48829,41.976803,10.07907,102.63966,7.9682326,0.69885844,0.072568744,0.5488268,0.060738392,107.932045,10.870681,100.0,0.0,0.0,0.0,12.142786,9.310326,68.07401,120.41195,Green Fodder,1,0
69.86582,11.710457,140.01624,15.3950615,41.899654,9.994845,102.83252,8.079892,0.6996,0.07210831,0.5490917,0.060345218,107.85597,10.703802,99.975586,0.024414062,0.0,0.0,12.066763,9.17919,57.59204,115.82774,Green Fodder,1,0
70.1242,11.645878,140.30777,14.872688,42.18946,10.00647,102.87375,7.7489686,0.698015,0.072073594,0.5502265,0.058324266,108.13739,10.446765,100.0,0.0,0.0,0.0,11.686678,8.874057,58.165413,105.09134,Green Fodder,1,0
70.072334,11.680686,140.10748,15.450088,42.001762,9.89365,102.74846,7.641486,0.69860226,0.07243053,0.5494411,0.060588576,107.982925,10.784922,100.0,0.0,0.0,0.0,12.115276,9.221551,58.868675,116.78711,Green Fodder,1,0
70.35625,11.750361,140.08408,15.37707,41.879642,9.870426,102.46988,7.921779,0.6996851,0.07081146,0.5493508,0.06029525,108.040146,10.670876,99.975586,0.024414062,0.0,0.0,12.050312,9.167392,58.76563,111.18443,Green Fodder,1,0
69.952736,11.605691,139.64891,15.200116,41.87231,10.100686,102.70005,7.7114105,0.69880444,0.073447585,0.5476428,0.059608296,107.663216,10.643762,100.0,0.0,0.0,0.0,12.071838,9.126982,58.941925,108.662094,Green Fodder,1,0
69.928696,11.707279,139.61514,15.169759,41.868355,9.902611,102.666916,7.710078,0.6987326,0.071731366,0.5475119,0.05948392,107.635765,10.617224,99.975586,0.024414062,0.0,0.0,12.10223,9.162732,64.49225,108.090126,Green Fodder,1,0
69.635544,11.338495,140.17204,15.036169,42.1164,9.932493,103.10045,7.613,0.69832253,0.07113419,0.5496943,0.05896537,107.90328,10.5055685,100.0,0.0,0.0,0.0,11.943789,8.942574,64.063255,123.73426,Green Fodder,1,0
69.83364,11.725511,139.94023,15.41957,42.026604,9.9674835,102.88767,7.965842,0.6984222,0.07165432,0.5487852,0.0604689,107.8162,10.73036,100.0,0.0,0.0,0.0,12.135813,9.213196,59.063004,107.92573,Green Fodder,1,0
70.15172,11.656466,140.09773,15.222932,42.14768,9.969821,102.753105,7.8093095,0.6977066,0.0724975,0.54940283,0.059697773,108.01756,10.610355,100.0,0.0,0.0,0.0,11.963115,9.13802,64.376045,100.84833,Green Fodder,1,0
70.13675,11.7273445,139.85052,15.33649,41.997204,10.062107,102.66954,7.5834956,0.6981321,0.07330108,0.5484334,0.0601431,107.85082,10.784947,100.0,0.0,0.0,0.0,12.139286,9.132345,55.493473,122.61593,Green Fodder,1,0
70.244064,11.52656,140.0883,15.1142435,41.97847,9.99518,102.63986,7.6217365,0.69908375,0.071704894,0.54936594,0.059271544,108.020355,10.608682,100.0,0.0,0.0,0.0,12.030238,9.066622,58.423695,107.53562,Green Fodder,1,0
70.03285,11.424383,139.67519,14.944588,41.88628,10.029491,102.67893,7.7613106,0.698914,0.0724072,0.5477458,0.058606226,107.70419,10.423839,100.0,0.0,0.0,0.0,11.804028,8.949316,58.927166,101.04831,Green Fodder,1,0
69.931076,11.903041,140.23917,15.245833,42.118774,10.022681,102.902405,7.86543,0.698571,0.0716296,0.5499575,0.05978758,108.03132,10.708346,100.0,0.0,0.0,0.0,12.210424,9.209545,59.09244,115.57596,Green Fodder,1,0
69.87508,11.519676,140.14055,15.251847,42.17248,10.0788355,102.97301,7.6788635,0.6977657,0.0728565,0.5495708,0.059811167,107.962814,10.6617565,100.0,0.0,0.0,0.0,12.129131,9.124203,61.30384,119.484406,Green Fodder,1,0
70.27178,11.535836,140.20738,15.583858,41.942787,9.948189,102.59016,7.8973293,0.69948757,0.071603164,0.5498347,0.06110916,108.094475,10.799187,99.975586,0.024414062,0.0,0.0,12.100781,9.081328,55.876232,119.65873,Green Fodder,1,0
69.826126,11.394737,139.82036,15.148956,41.877693,10.017235,102.804245,7.6237726,0.6994735,0.07080978,0.54831517,0.05940767,107.72662,10.621297,100.0,0.0,0.0,0.0,12.054177,9.127191,59.658623,104.317986,Green Fodder,1,0
69.64047,11.636149,139.59001,15.367493,41.83226,9.897818,102.829666,7.728306,0.69899243,0.07181164,0.5474118,0.060264677,107.530716,10.700143,100.0,0.0,0.0,0.0,12.057459,9.171974,57.867413,124.88081,Green Fodder,1,0
69.89899,11.8172655,139.7983,15.274549,41.933235,10.178708,102.74696,7.9584813,0.69875276,0.07266312,0.54822856,0.059900187,107.74178,10.681328,100.0,0.0,0.0,0.0,12.118106,9.150505,58.30129,126.365295,Green Fodder,1,0
70.17707,11.665138,140.18225,15.150366,42.236725,9.894971,102.82807,7.7151833,0.697146,0.07205126,0.5497343,0.059413202,108.08491,10.604372,100.0,0.0,0.0,0.0,11.919532,9.004312,62.243217,113.06025,Green Fodder,1,0
69.83231,11.840124,140.04869,15.172448,42.142666,9.893748,102.9501,7.7185025,0.69791627,0.07099647,0.54921055,0.0594998,107.89271,10.7130785,100.0,0.0,0.0,0.0,12.083755,9.047248,57.30953,107.07413,Green Fodder,1,0
69.89303,11.866178,139.87422,15.3400755,41.937874,9.90071,102.78522,7.8430233,0.698851,0.07178746,0.5485264,0.060157157,107.7851,10.766749,100.0,0.0,0.0,0.0,12.215301,9.129068,56.29124,113.1756,Green Fodder,1,0
69.485664,11.622705,139.80739,15.132951,41.74809,10.0132265,102.966385,7.809497,0.7002299,0.07184983,0.54826427,0.059344906,107.60243,10.580406,100.0,0.0,0.0,0.0,11.914737,9.1210985,62.503128,127.44502,Green Fodder,1,0
70.20167,11.619521,139.89563,15.178657,42.082367,10.10412,102.681816,7.6592736,0.697765,0.0733234,0.5486103,0.059524145,107.906425,10.656314,100.0,0.0,0.0,0.0,12.098029,9.26179,70.476906,124.538765,Green Fodder,1,0
69.95093,11.833514,139.91148,15.219288,41.918423,9.949452,102.747894,7.9662533,0.69895786,0.072190076,0.5486725,0.059683487,107.822075,10.610666,100.0,0.0,0.0,0.0,11.919888,8.946017,60.861485,117.49587,Green Fodder,1,0
70.165764,11.775011,139.8926,15.341958,42.205044,10.007073,102.74859,7.837143,0.6969197,0.07248292,0.54859847,0.06016454,107.9079,10.707269,100.0,0.0,0.0,0.0,12.087221,9.280472,59.769478,119.16786,Green Fodder,1,0
70.103165,11.706177,139.81044,15.170054,41.875217,9.793295,102.61771,7.89056,0.69926405,0.0706685,0.54827625,0.05949041,107.803345,10.578724,100.0,0.0,0.0,0.0,11.937416,9.013143,53.10518,120.912605,Green Fodder,1,0
69.97398,11.684542,140.19238,15.312037,41.811047,9.881596,102.73804,7.7752857,0.7005211,0.07062487,0.5497744,0.06004619,107.981606,10.727648,99.975586,0.024414062,0.0,0.0,12.226372,9.04967,55.452362,111.6525,Green Fodder,1,0
69.9358,11.634705,140.03181,15.113403,42.15063,10.015471,102.905975,7.74474,0.6977855,0.072179474,0.5491444,0.05926825,107.91466,10.60141,100.0,0.0,0.0,0.0,11.826076,8.933008,65.63432,105.28642,Green Fodder,1,0
69.89535,11.592888,139.89333,15.355082,42.09204,9.894789,102.856674,7.8059015,0.6976556,0.07163969,0.54860127,0.060216006,107.81458,10.668279,100.0,0.0,0.0,0.0,12.055265,8.897042,54.25614,122.46631,Green Fodder,1,0
69.88093,11.793634,139.89774,15.434593,41.99934,9.972827,102.78726,7.7753234,0.69849306,0.071462125,0.54862076,0.060523123,107.80229,10.813187,99.975586,0.024414062,0.0,0.0,12.218463,9.155594,61.93398,126.039665,Green Fodder,1,0
69.67262,11.663652,139.39519,15.249609,41.88283,9.938736,102.820496,7.771047,0.69832206,0.071220905,0.5466478,0.059802387,107.43173,10.678262,100.0,0.0,0.0,0.0,11.991432,9.120776,66.525406,113.974884,Green Fodder,1,0
70.09075,11.699372,139.88513,15.289626,42.17729,10.125958,102.78296,8.008257,0.6972477,0.07314267,0.5485691,0.059959315,107.877914,10.661254,100.0,0.0,0.0,0.0,11.922857,9.093673,64.97116,120.48534,Green Fodder,1,0
69.82152,11.759901,140.0312,15.178726,42.0215,9.820746,102.890076,7.7447267,0.69836676,0.07170103,0.549142,0.059524417,107.8654,10.5682125,100.0,0.0,0.0,0.0,11.940152,9.041915,62.71332,108.70609,Green Fodder,1,0
70.11264,11.544242,140.44435,15.506156,42.21952,10.018211,102.89424,7.723639,0.69823307,0.07169335,0.5507622,0.060808454,108.21754,10.8274555,100.0,0.0,0.0,0.0,12.136765,9.081648,53.361298,128.16824,Green Fodder,1,0
70.002975,11.719466,140.0629,15.150449,41.881992,10.101541,102.75407,7.9621143,0.699756,0.073263556,0.5492662,0.059413522,107.922356,10.559217,100.0,0.0,0.0,0.0,11.965641,9.087853,57.608448,90.21902,Green Fodder,1,0
70.142845,11.337077,140.25737,15.065998,42.13782,9.745883,102.814995,7.6078744,0.69823825,0.0701404,0.55002886,0.059082344,108.1075,10.523664,100.0,0.0,0.0,0.0,11.932043,8.981164,55.336414,112.64597,Green Fodder,1,0
69.60322,11.421653,139.97775,15.083658,41.6574,9.968626,102.874,7.7567463,0.70104533,0.07207397,0.5489323,0.0591516,107.72724,10.441563,100.0,0.0,0.0,0.0,11.848508,8.965683,71.06756,116.956795,Green Fodder,1,0
70.165855,11.770683,140.20714,15.072433,41.963593,9.999711,102.745316,7.861551,0.69946814,0.07199148,0.5498319,0.059107583,108.06503,10.604569,100.0,0.0,0.0,0.0,11.944786,8.971625,56.10744,125.6942,Green Fodder,1,0
70.08695,11.613949,140.29445,15.09169,41.95731,10.11256,102.778595,7.6613383,0.6997162,0.07210231,0.55017424,0.0591831,108.09197,10.620503,100.0,0.0,0.0,0.0,11.963412,9.06235,66.11965,125.49793,Green Fodder,1,0
69.77372,11.441801,139.74387,15.2018,42.091133,9.757466,102.92365,7.7683845,0.697333,0.071446836,0.5480152,0.059614904,107.690384,10.525215,100.0,0.0,0.0,0.0,11.815792,9.004711,63.569614,91.134254,Green Fodder,1,0
69.932045,11.420482,139.5934,15.413845,41.996693,10.190988,102.732086,7.730408,0.69776785,0.073788404,0.5474251,0.060446452,107.638626,10.665499,100.0,0.0,0.0,0.0,11.916613,9.056494,62.09553,118.88837,Green Fodder,1,0
69.78007,11.712341,140.24188,15.135091,41.900387,9.758908,102.95604,7.80354,0.6998811,0.07112393,0.5499682,0.059353296,107.96287,10.609094,100.0,0.0,0.0,0.0,12.108197,9.049837,58.297943,115.19423,Green Fodder,1,0
69.83206,11.649049,139.80261,15.379082,41.983128,10.106607,102.83731,7.959013,0.6985529,0.07294709,0.54824793,0.060303904,107.72999,10.704284,99.975586,0.024414062,0.0,0.0,12.107863,9.205643,61.37216,115.82281,Green Fodder,1,0
70.180374,11.682899,140.06612,15.33737,42.190434,10.1821,102.75626,7.738512,0.6975184,0.073067226,0.54927886,0.06014655,108.01245,10.747361,100.0,0.0,0.0,0.0,12.173949,9.131909,73.72719,124.92473,Green Fodder,1,0
70.03455,11.726222,139.90665,15.325862,42.181858,9.858287,102.78659,7.8545837,0.69720936,0.071213074,0.54865354,0.06010142,107.87427,10.706154,100.0,0.0,0.0,0.0,11.997484,9.093104,57.76571,124.4135,Green Fodder,1,0
69.91453,11.705998,140.17758,14.900601,42.089,9.913885,102.90039,7.88561,0.6986817,0.07114252,0.549716,0.05843373,107.986824,10.406957,100.0,0.0,0.0,0.0,11.682958,8.881875,53.9779,119.20461,Green Fodder,1,0
69.5868,11.61165,140.5973,15.578622,41.905308,10.210232,103.10941,7.762011,0.70091915,0.07280769,0.551362,0.061092637,108.11427,10.913551,100.0,0.0,0.0,0.0,12.467476,9.359117,74.317154,120.002945,Green Fodder,1,0
70.186356,11.626889,140.2328,15.201114,42.045826,9.90365,102.74413,7.721282,0.698873,0.071431816,0.54993254,0.059612207,108.0956,10.663434,100.0,0.0,0.0,0.0,11.984964,9.183663,62.29642,112.02525,Green Fodder,1,0
69.95191,11.8029585,140.15005,15.183787,41.751686,9.994954,102.73907,7.7763658,0.7007249,0.072183356,0.5496094,0.059540737,107.9434,10.67338,99.975586,0.024414062,0.0,0.0,12.113902,9.12725,54.52167,122.634155,Green Fodder,1,0
69.71604,11.823739,139.99153,15.206218,41.78956,9.986091,102.87312,7.8787074,0.7001946,0.07214946,0.5489864,0.059632223,107.784134,10.640015,100.0,0.0,0.0,0.0,12.017444,9.034737,56.324127,105.686844,Green Fodder,1,0
70.013306,11.798865,140.09097,15.201933,41.75557,10.197759,102.66348,7.84933,0.7008233,0.072782904,0.54937637,0.059615422,107.92751,10.66185,100.0,0.0,0.0,0.0,12.163292,9.085381,56.08533,117.39363,Green Fodder,1,0
70.01837,11.872485,140.55757,14.79609,42.248775,9.86834,102.96793,7.8649306,0.69827485,0.070633695,0.5512062,0.058023885,108.25915,10.390103,100.0,0.0,0.0,0.0,11.656787,8.871487,53.240456,103.02127,Green Fodder,1,0
69.84429,11.88392,140.34569,15.244341,42.14103,10.007596,103.0025,7.839208,0.69870913,0.07147632,0.5503752,0.05978173,108.070435,10.747487,100.0,0.0,0.0,0.0,12.157759,9.233403,57.03603,125.618805,Green Fodder,1,0
69.75896,11.664024,139.65768,15.100121,42.154606,9.925016,102.94185,7.773787,0.6969238,0.071556725,0.54767716,0.059216157,107.64262,10.609639,100.0,0.0,0.0,0.0,11.968733,9.063419,67.88958,112.40077,Green Fodder,1,0
70.085724,11.571773,140.19669,15.082451,42.332962,9.894194,102.90561,7.7299213,0.69688386,0.07102338,0.5497909,0.059146866,108.07704,10.541741,100.0,0.0,0.0,0.0,11.866624,9.0093355,53.82883,97.75617,Green Fodder,1,0
69.653046,11.871356,140.05327,15.330614,41.8963,10.133291,102.938736,7.9108424,0.6996483,0.07234218,0.5492285,0.060120054,107.813705,10.749684,100.0,0.0,0.0,0.0,12.141433,9.162442,55.98951,115.54717,Green Fodder,1,0
69.860306,11.681995,139.74211,15.325347,41.878765,9.853717,102.76631,7.8454604,0.6990484,0.07077418,0.5480083,0.0600994,107.69103,10.719899,100.0,0.0,0.0,0.0,12.1405945,9.074165,57.768555,122.2607,Green Fodder,1,0
70.00055,11.894964,140.17618,14.986774,41.897602,10.029383,102.762985,7.8946304,0.7001741,0.07059821,0.5497105,0.058771666,107.98991,10.581661,100.0,0.0,0.0,0.0,11.807925,8.84396,56.815918,102.84742,Green Fodder,1,0
70.09912,11.59438,140.02588,15.285753,41.9605,9.922136,102.656006,7.798138,0.69916135,0.07090899,0.549121,0.059944134,107.938324,10.628598,100.0,0.0,0.0,0.0,11.975882,9.055162,61.814693,108.14982,Green Fodder,1,0
70.13958,11.564556,140.38863,15.163918,42.019012,10.002085,102.751465,7.7769527,0.6994401,0.07168498,0.55054367,0.059466343,108.17002,10.569705,100.0,0.0,0.0,0.0,11.779021,9.016831,62.656322,118.1915,Green Fodder,1,0
69.82458,11.400636,139.88991,15.01622,42.086163,9.977075,102.93912,7.8455744,0.6978768,0.072078384,0.5485879,0.058887135,107.79075,10.418065,100.0,0.0,0.0,0.0,11.757973,8.86544,59.89073,120.114044,Green Fodder,1,0
69.865814,11.541556,139.84683,15.097293,41.84169,9.986913,102.80651,7.6642094,0.6992521,0.07321249,0.54841894,0.05920507,107.74992,10.58037,100.0,0.0,0.0,0.0,12.084076,9.019816,58.26517,109.36467,Green Fodder,1,0
69.97289,11.751004,140.42905,15.19391,42.392284,10.069714,103.04112,7.743891,0.69699585,0.07141335,0.5507021,0.05958396,108.18646,10.71136,100.0,0.0,0.0,0.0,12.116778,9.073098,60.170853,103.4762,Green Fodder,1,0
70.11798,11.720076,139.74828,15.043815,42.025757,10.091097,102.681076,7.7737474,0.6979069,0.07295227,0.54803246,0.05899535,107.78845,10.5711155,100.0,0.0,0.0,0.0,12.0974,9.03503,58.370857,129.29974,Green Fodder,1,0
69.497826,11.807458,139.70757,15.333743,41.84153,9.9219475,102.945724,7.8816414,0.69938886,0.07148293,0.5478728,0.060132325,107.55813,10.71233,100.0,0.0,0.0,0.0,12.133659,9.164989,67.0047,115.035484,Green Fodder,1,0
69.988594,11.584796,139.7366,15.260275,41.50611,9.971538,102.54287,7.9187036,0.7015869,0.07225441,0.5479867,0.059844214,107.68368,10.609833,100.0,0.0,0.0,0.0,11.979783,9.068796,61.95403,112.56919,Green Fodder,1,0
69.847755,11.63538,140.06029,15.2577915,42.018715,10.077449,102.92211,7.694155,0.6988406,0.0721799,0.54925597,0.059834477,107.89,10.764724,100.0,0.0,0.0,0.0,12.097089,9.099751,59.68269,126.527245,Green Fodder,1,0
69.950134,11.785528,139.91884,15.436238,41.9283,10.164211,102.77295,7.8303237,0.6990145,0.07387489,0.5487013,0.06053427,107.82727,10.81017,100.0,0.0,0.0,0.0,12.281363,9.272684,57.158657,119.29321,Green Fodder,1,0
69.84329,11.725807,140.23169,15.258159,42.233463,10.127016,103.03141,7.8079348,0.6974813,0.07325168,0.5499282,0.05983592,108.01376,10.651889,100.0,0.0,0.0,0.0,12.095872,9.131672,56.37544,98.068146,Green Fodder,1,0
69.93952,11.705854,140.16624,14.975397,41.952435,10.1110525,102.81566,7.749599,0.6992099,0.07350158,0.54967153,0.05872705,107.97208,10.441732,100.0,0.0,0.0,0.0,11.850664,9.033517,55.0341,123.76747,Green Fodder,1,0
69.91168,11.516827,140.16537,15.323907,42.108574,9.9184,102.881935,7.8427415,0.6981732,0.0720507,0.5496681,0.06009375,107.98104,10.585998,100.0,0.0,0.0,0.0,11.791248,8.971501,56.027042,110.47958,Green Fodder,1,0
70.15831,11.546686,139.91623,15.282525,41.534634,9.881726,102.460754,7.738552,0.7014924,0.072426155,0.5486911,0.059931472,107.84311,10.60221,100.0,0.0,0.0,0.0,11.948788,9.044404,64.08648,128.67249,Green Fodder,1,0
69.86515,11.504635,139.80818,15.544289,41.7435,9.900487,102.698235,7.863007,0.6999675,0.07161032,0.54826736,0.060957994,107.71584,10.74786,100.0,0.0,0.0,0.0,12.081414,9.176775,53.80178,101.84565,Green Fodder,1,0
69.89576,11.651019,139.99423,15.355019,41.98732,10.091278,102.84192,7.9101744,0.69897443,0.071890764,0.548997,0.06021576,107.862,10.700147,100.0,0.0,0.0,0.0,12.078764,9.139871,58.62998,121.67756,Green Fodder,1,0
69.627655,11.6841755,140.35393,15.225916,42.20272,10.02631,103.131195,7.6394796,0.69810176,0.07165474,0.5504092,0.05970565,108.01754,10.672595,99.975586,0.024414062,0.0,0.0,12.025946,9.082563,53.58305,111.21444,Green Fodder,1,0
69.937775,11.55358,140.15141,15.271379,41.8632,9.916339,102.75217,7.8144307,0.70011973,0.07080136,0.549615,0.05988356,107.95268,10.640971,99.975586,0.024414062,0.0,0.0,12.060088,9.247375,69.05745,117.346085,Green Fodder,1,0
70.201866,11.515747,139.93214,15.547787,41.886784,9.879961,102.572296,7.75412,0.69909203,0.071638696,0.5487535,0.060971715,107.90562,10.760751,100.0,0.0,0.0,0.0,12.108218,9.18355,60.432133,103.1025,Green Fodder,1,0
70.08608,11.738685,140.11084,15.0924835,41.9828,9.757253,102.73175,7.7526193,0.6989742,0.07091383,0.5494542,0.05918621,107.98684,10.507376,100.0,0.0,0.0,0.0,11.842364,8.8447275,59.043182,112.964264,Green Fodder,1,0
69.85372,11.557298,140.02327,14.753081,42.129658,10.117845,102.97658,7.7811213,0.6981163,0.07240486,0.5491109,0.057855222,107.8827,10.387355,100.0,0.0,0.0,0.0,11.799131,8.99684,55.19662,110.40273,Green Fodder,1,0
69.85655,11.682305,140.39104,15.31658,42.170628,9.943193,102.99669,7.8359475,0.6983091,0.07128893,0.55056196,0.06003011,108.104095,10.677968,99.975586,0.024414062,0.0,0.0,12.048157,8.995797,51.724514,119.90792,Green Fodder,1,0
70.17599,11.675525,139.93236,15.09787,41.68113,10.109523,102.54872,7.759558,0.701085,0.07229394,0.54875433,0.059207335,107.874565,10.643019,100.0,0.0,0.0,0.0,11.978569,8.929288,58.498756,107.57531,Green Fodder,1,0
70.340614,11.4768715,139.86322,15.420441,42.32648,9.8055525,102.60994,7.9306116,0.6958697,0.07191867,0.54848325,0.060472317,107.95677,10.561421,100.0,0.0,0.0,0.0,11.776522,8.9455595,55.06659,126.328125,Green Fodder,1,0
70.15659,11.85076,139.76491,15.061107,41.797626,10.087683,102.56714,7.8105927,0.6997876,0.072426766,0.54809767,0.059063163,107.78375,10.618844,100.0,0.0,0.0,0.0,12.136111,9.117073,56.38354,118.55356,Green Fodder,1,0
69.85657,11.605477,140.33823,15.395587,41.911446,10.052428,102.87843,7.78992,0.6999593,0.07279778,0.550346,0.060374852,108.04356,10.666581,100.0,0.0,0.0,0.0,12.017233,9.115559,62.576187,115.55952,Green Fodder,1,0
69.527565,11.61353,139.93097,15.1037655,41.96714,10.099487,103.06508,7.770573,0.6987249,0.073247366,0.5487489,0.059230454,107.71247,10.522168,100.0,0.0,0.0,0.0,11.7771,9.092916,64.3015,117.54085,Green Fodder,1,0
210.42969,15.060986,190.20377,15.450667,110.45219,12.999293,48.461914,11.078444,0.47751185,0.064146705,0.8312868,0.054577503,187.15964,11.206756,15.332031,83.49609,0.0,0.0,12.653711,9.520873,63.98059,105.127014,Dry Fodder,2,0
210.08215,15.064009,190.18945,15.106996,109.701096,13.472537,48.70609,10.981502,0.48034835,0.06596463,0.830034,0.054673642,186.9617,10.988562,15.50293,83.54492,0.0,0.0,12.258835,9.214277,69.94664,129.8566,Dry Fodder,2,0
210.01236,15.0026455,189.8074,15.134345,109.881775,13.601235,48.505157,11.116834,0.4793876,0.06688437,0.82994914,0.054075506,186.73717,10.955694,15.8203125,82.9834,0.0,0.0,12.471195,9.406131,63.128105,116.82614,Dry Fodder,2,0
209.77773,15.233436,190.04,15.140609,110.011444,13.4377,48.70468,10.891246,0.47802252,0.06617643,0.82878447,0.055302266,186.81833,11.149854,15.478516,83.325195,0.0,0.0,12.574428,9.441138,58.20379,123.46996,Dry Fodder,2,0
209.94208,15.572706,189.6101,15.32591,110.23469,13.498173,48.425804,11.406709,0.47791928,0.0667981,0.83036816,0.05559253,186.64056,11.164481,15.844727,82.788086,0.0,0.0,12.58892,9.559022,59.140102,130.25972,Dry Fodder,2,0
210.55702,15.2824545,189.9728,15.213012,110.116264,13.423988,48.31917,11.205799,0.4794453,0.06678714,0.8319906,0.05520502,187.02383,10.98442,15.50293,83.39844,0.0,0.0,12.457095,9.196126,64.17879,93.487976,Dry Fodder,2,0
210.18384,15.287934,189.95047,15.206999,110.23163,13.313944,48.474136,10.994704,0.47776973,0.06670714,0.83027405,0.055438764,186.9123,11.085889,15.307617,83.52051,0.0,0.0,12.566704,9.4213295,58.759045,109.44829,Dry Fodder,2,0
210.08334,15.259198,189.75859,15.399777,110.132996,13.272599,48.44815,11.233918,0.47836792,0.06575915,0.8303171,0.055121046,186.75838,11.170666,15.795898,83.1543,0.0,0.0,12.518062,9.554874,61.348007,113.199234,Dry Fodder,2,0
209.80515,15.050074,190.05992,15.082831,109.78704,13.34172,48.795265,10.926872,0.47926313,0.06627956,0.8291683,0.05438884,186.81264,10.979254,15.893555,83.12988,0.0,0.0,12.342492,9.247642,58.219883,143.04181,Dry Fodder,2,0
210.22874,15.333076,190.07126,15.245364,109.74268,13.532189,48.559097,10.955865,0.4803055,0.06700578,0.8305061,0.05577131,186.94089,11.197092,14.84375,84.00879,0.0,0.0,12.878716,9.602212,73.44152,126.56283,Dry Fodder,2,0
209.7854,14.669453,189.5817,15.006963,110.033905,13.426734,48.437675,10.879475,0.47777176,0.06685976,0.8285971,0.053531263,186.55415,10.809092,14.868164,84.05762,0.0,0.0,12.125571,9.301216,59.580334,112.60857,Dry Fodder,2,0
210.13945,15.251427,189.89255,15.206361,110.03844,13.315128,48.511726,11.069266,0.47878772,0.066146396,0.8302976,0.055093564,186.843,11.064846,15.722656,83.03223,0.0,0.0,12.426591,9.428445,59.276577,127.95038,Dry Fodder,2,0
209.87515,15.090771,190.09174,15.152553,110.3223,13.33566,48.702404,11.024395,0.47680473,0.06664063,0.82935,0.05460613,186.91325,10.992395,15.673828,83.25195,0.0,0.0,12.317303,9.458223,62.4977,122.78804,Dry Fodder,2,0
210.23505,15.407528,189.44342,15.285203,109.94802,13.414094,48.194534,10.992176,0.47904846,0.067365445,0.830245,0.055800483,186.59764,11.181878,14.96582,83.740234,0.0,0.0,12.52202,9.587275,66.98765,145.4474,Dry Fodder,2,0
209.80273,15.442467,189.86365,15.309139,109.97137,13.330552,48.610985,11.041403,0.47825044,0.0665563,0.8290898,0.05602942,186.71771,11.232102,15.771484,83.081055,0.0,0.0,12.588232,9.541602,68.63386,123.09859,Dry Fodder,2,0
209.9521,15.249998,190.02034,15.095138,110.09984,13.31417,48.629005,11.157511,0.47830343,0.06561087,0.82986724,0.05500127,186.86899,10.935103,15.454102,83.27637,0.0,0.0,12.309791,9.345367,60.617073,114.46089,Dry Fodder,2,0
209.90231,15.269754,189.91411,15.048774,109.848,13.336875,48.632458,11.07314,0.4791714,0.066441774,0.829542,0.05513861,186.76305,10.950953,15.942383,82.86133,0.0,0.0,12.322046,9.382236,59.555138,122.50614,Dry Fodder,2,0
210.19606,15.185219,189.94246,15.06097,110.05463,13.42727,48.451073,10.773338,0.47865218,0.06626714,0.8301351,0.05500713,186.89107,11.097124,14.819336,84.2041,0.0,0.0,12.498624,9.400151,62.348774,111.03154,Dry Fodder,2,0
210.49019,15.080911,190.50525,15.353835,110.25915,13.522703,48.637966,10.960398,0.47850043,0.067439646,0.83158517,0.054609623,187.33269,11.159281,15.356445,83.740234,0.0,0.0,12.516944,9.400592,52.777294,114.99493,Dry Fodder,2,0
210.04248,15.07222,190.16438,15.355382,110.064995,13.308987,48.656303,11.212312,0.4789414,0.06508708,0.8304687,0.05390679,186.97661,11.094893,15.649414,82.8125,0.0,0.0,12.555458,9.391032,67.20093,115.33332,Dry Fodder,2,0
209.69847,15.252149,189.72333,15.334546,109.752556,13.446552,48.62072,11.075644,0.47924054,0.06629892,0.828789,0.055046953,186.57922,11.138503,15.600586,83.47168,0.0,0.0,12.649108,9.434767,63.72991,128.8229,Dry Fodder,2,0
209.90305,15.112288,189.98064,15.131419,109.59958,13.470253,48.687782,10.968369,0.48042375,0.066774294,0.82954717,0.054662783,186.774,10.968894,14.941406,84.2041,0.0,0.0,12.428453,9.41833,56.47224,137.17737,Dry Fodder,2,0
209.89355,15.211112,189.99283,15.387556,109.5155,13.314449,48.768494,11.141568,0.4807276,0.066159785,0.82947665,0.054909408,186.76874,11.127505,15.991211,82.88574,0.0,0.0,12.568045,9.4706,55.283913,127.8413,Dry Fodder,2,0
210.43668,14.996034,190.07883,14.987908,109.598045,13.289341,48.46542,10.799412,0.48129183,0.066043235,0.83099794,0.054810774,186.99101,10.90243,14.941406,84.0332,0.0,0.0,12.496936,9.294801,59.55088,100.13455,Dry Fodder,2,0
210.21834,15.394546,190.09248,15.204242,109.979614,13.4776125,48.58699,11.05158,0.47947156,0.06646473,0.8308652,0.055389762,186.97725,11.163898,15.234375,83.78906,0.0,0.0,12.678471,9.66407,61.330875,114.09545,Dry Fodder,2,0
209.9577,15.288803,189.43355,15.361857,109.84274,13.471196,48.276546,11.236965,0.47941825,0.06682912,0.82983625,0.05524207,186.49692,11.114492,15.234375,83.42285,0.0,0.0,12.585994,9.4798355,59.07576,129.72644,Dry Fodder,2,0
209.79361,15.352022,189.81435,14.99962,109.938774,13.414684,48.643505,11.121076,0.478388,0.06719435,0.82905495,0.055264216,186.68233,10.9113035,15.869141,82.836914,0.0,0.0,12.424516,9.399989,60.64625,103.46291,Dry Fodder,2,0
210.11649,15.3840885,190.31761,15.304834,110.35904,13.4201765,48.7102,11.173791,0.4773985,0.06667704,0.83052206,0.05505344,187.1222,11.182763,15.600586,83.27637,0.0,0.0,12.55507,9.536001,69.208855,113.49764,Dry Fodder,2,0
210.10234,14.892155,189.77362,15.210275,110.34405,13.397093,48.373627,10.963957,0.47716033,0.06592682,0.8298268,0.05399092,186.79694,11.015057,14.84375,84.375,0.0,0.0,12.322594,9.424748,68.67621,124.19825,Dry Fodder,2,0
209.40913,15.060556,189.97504,15.068777,109.94639,13.759062,48.91104,11.017686,0.4778626,0.067061216,0.82784384,0.054305583,186.66257,11.070695,15.795898,83.17871,0.0,0.0,12.353835,9.347439,57.29593,115.937325,Dry Fodder,2,0
210.05891,15.247232,190.2728,15.4895935,110.10285,13.373141,48.795277,11.227009,0.47856534,0.06639151,0.830472,0.054909848,187.04947,11.164926,16.357422,82.49512,0.0,0.024414062,12.518882,9.430484,59.49145,106.03301,Dry Fodder,2,0
209.90642,15.324919,189.77576,14.970963,109.75222,13.180323,48.650406,11.884124,0.4795947,0.06566464,0.8294321,0.05510571,186.67215,11.009021,15.014648,84.228516,0.0,0.024414062,12.505059,9.509224,61.828484,131.37875,Dry Fodder,2,0
210.01497,15.496264,189.618,15.122772,109.82133,13.404092,48.463158,11.047201,0.47926435,0.06748466,0.8296602,0.056149587,186.61987,11.055108,15.527344,83.25195,0.0,0.0,12.637951,9.443179,59.9704,126.662636,Dry Fodder,2,0
210.2655,15.455299,190.28331,15.18563,109.984985,13.400733,48.669125,11.074083,0.4795295,0.06581347,0.83103025,0.055823978,187.10397,11.09823,15.478516,83.618164,0.0,0.0,12.527771,9.438952,61.333538,124.21843,Dry Fodder,2,0
209.779,15.382298,189.99902,15.452484,109.93308,13.481964,48.76389,11.207384,0.47873223,0.06686515,0.8294523,0.055701602,186.78572,11.247676,15.942383,83.17871,0.0,0.0,12.645285,9.657235,64.36665,140.02701,Dry Fodder,2,0
210.25194,14.910893,189.71512,15.005169,109.99107,13.2061405,48.309822,11.008793,0.47922307,0.06556686,0.8305316,0.05382858,186.76709,10.803973,14.819336,83.83789,0.0,0.0,12.197559,9.261784,63.61981,129.30559,Dry Fodder,2,0
209.73726,15.250546,190.14917,15.770967,109.76283,13.536622,48.939484,12.305478,0.4798875,0.06536702,0.8295707,0.05447181,186.84196,11.35897,16.723633,81.762695,0.0,0.0,12.787595,9.642057,66.69574,153.0837,Dry Fodder,2,0
210.27621,14.985197,190.3825,15.291354,110.05676,13.496509,48.690544,10.8643265,0.47906664,0.066539615,0.83079565,0.05464383,187.17358,11.143723,15.844727,83.10547,0.0,0.024414062,12.5751095,9.449988,58.978634,147.83537,Dry Fodder,2,0
209.738,15.202588,190.00491,15.378865,110.02129,13.433586,48.74166,11.222688,0.4781673,0.06689016,0.82918906,0.054836217,186.78697,11.138866,16.186523,82.543945,0.0,0.0,12.660203,9.490912,55.0132,113.64348,Dry Fodder,2,0
209.98764,15.057873,189.7748,15.305573,110.09534,13.425029,48.46701,10.8818035,0.4780649,0.066115744,0.82945454,0.054809596,186.73499,11.222768,14.770508,84.44824,0.0,0.0,12.41928,9.55085,56.77378,142.54213,Dry Fodder,2,0
210.05275,15.383289,189.72984,15.184572,110.16531,13.295756,48.39509,11.022563,0.4780247,0.065806754,0.82999444,0.055512685,186.73604,11.172668,15.50293,83.30078,0.0,0.0,12.56028,9.622568,64.28482,110.007866,Dry Fodder,2,0
210.4317,15.727452,189.98405,15.350971,109.74476,13.410811,48.462997,11.100515,0.48085803,0.06662795,0.83153355,0.05702052,186.95062,11.268361,14.770508,84.15527,0.0,0.0,12.788649,9.582048,71.19004,116.20744,Dry Fodder,2,0
210.45465,15.161473,190.04121,15.337135,110.24598,13.314881,48.42532,11.106726,0.4786727,0.06649981,0.8317617,0.054594312,187.04817,11.090294,15.234375,83.618164,0.0,0.0,12.60689,9.471182,57.794453,141.93225,Dry Fodder,2,0
209.89383,15.392318,189.71309,15.417521,109.96543,13.374867,48.48729,11.083017,0.47851497,0.0662101,0.82932484,0.05580639,186.6559,11.310107,15.600586,83.39844,0.0,0.0,12.74136,9.66143,64.713684,122.31248,Dry Fodder,2,0
209.63599,15.33742,189.76443,15.186378,109.80111,13.55792,48.700157,11.213874,0.47881997,0.06716578,0.82856727,0.055966016,186.59021,11.047568,16.796875,82.10449,0.0,0.0,12.481999,9.390111,59.177593,110.420876,Dry Fodder,2,0
209.98357,15.196281,190.0748,15.233342,109.841835,13.70514,48.685654,11.059148,0.4795168,0.06713828,0.82982564,0.054659557,186.88097,11.121432,15.4296875,83.25195,0.0,0.0,12.55461,9.519296,59.72373,117.87596,Dry Fodder,2,0
209.77933,15.319358,190.09929,15.232747,110.29104,13.334044,48.770607,11.198041,0.47697866,0.06575773,0.8292489,0.05499701,186.88548,11.085768,15.844727,82.9834,0.0,0.0,12.41571,9.410289,59.388298,136.44604,Dry Fodder,2,0
209.95116,15.198458,189.87654,15.28592,110.05184,13.478915,48.566208,11.088475,0.47820398,0.06727852,0.82956195,0.055170123,186.77884,11.069376,15.50293,83.27637,0.0,0.0,12.524799,9.365728,64.95895,123.66562,Dry Fodder,2,0
210.14876,15.2006235,189.9363,15.312628,110.2785,13.318334,48.44274,11.142647,0.4778513,0.06569426,0.83049464,0.05497605,186.89883,11.113361,15.478516,83.39844,0.0,0.0,12.60463,9.4033985,55.774258,131.09673,Dry Fodder,2,0
209.81653,15.465529,190.16382,15.45733,110.10706,13.106,48.76854,11.044672,0.47768873,0.065345295,0.82916844,0.056344777,186.91351,11.365109,16.430664,82.51953,0.0,0.0,12.683682,9.678821,62.3036,124.78739,Dry Fodder,2,0
209.79817,15.45122,190.11404,15.328375,110.196846,13.269269,48.76552,11.087389,0.47739202,0.06540074,0.8292582,0.056198128,186.88904,11.228262,15.332031,83.54492,0.0,0.0,12.627645,9.718642,55.256393,139.43062,Dry Fodder,2,0
210.17447,15.028369,189.88203,15.218825,109.90876,13.481997,48.43376,10.893642,0.47928488,0.066788,0.8300221,0.05463807,186.83252,11.132702,14.72168,84.08203,0.0,0.0,12.499608,9.434954,58.363785,127.16185,Dry Fodder,2,0
209.91124,15.455407,189.98254,15.171414,110.35861,13.339508,48.671066,11.1602,0.47669607,0.06732391,0.8296476,0.055563144,186.86409,11.102403,15.478516,83.52051,0.0,0.0,12.58401,9.602294,62.358845,123.54051,Dry Fodder,2,0
209.9141,15.242117,189.93698,15.1771555,109.909935,13.49777,48.622517,11.076207,0.47910535,0.06680471,0.8298136,0.054978147,186.78706,11.049712,15.722656,83.27637,0.0,0.0,12.378849,9.411156,53.059742,122.36932,Dry Fodder,2,0
209.58739,15.417649,189.74677,15.177841,109.76201,13.350645,48.745056,10.993009,0.47872183,0.06570812,0.8280401,0.055951465,186.56085,11.1957035,15.234375,83.64258,0.0,0.0,12.599641,9.515782,68.902695,154.17638,Dry Fodder,2,0
209.71924,15.285434,190.12344,15.378225,109.99666,13.605933,48.8362,11.123654,0.47825992,0.066971205,0.8290372,0.055100426,186.84813,11.243327,16.16211,82.666016,0.0,0.0,12.606327,9.539924,61.66344,112.498085,Dry Fodder,2,0
210.04666,15.181474,189.89752,15.111165,110.07065,13.279967,48.53997,11.172625,0.47865096,0.06535547,0.83018553,0.054339357,186.82185,11.007699,15.844727,82.91016,0.0,0.0,12.201407,9.432378,58.124348,103.41173,Dry Fodder,2,0
209.88182,15.289399,190.02687,15.133668,109.978806,13.324342,48.753815,11.044098,0.4783146,0.06680956,0.8292488,0.055305146,186.83803,10.999175,16.088867,82.76367,0.0,0.0,12.400709,9.394429,67.05177,117.26111,Dry Fodder,2,0
210.08676,15.240817,190.04964,15.234745,109.75471,13.357754,48.616814,11.06487,0.4801962,0.06606951,0.83037305,0.05498065,186.88712,11.036008,15.844727,83.081055,0.0,0.0,12.384228,9.333978,56.582817,124.636246,Dry Fodder,2,0
210.02936,15.072258,190.17554,15.064652,110.106834,13.415794,48.642967,10.962993,0.4780237,0.06639118,0.8295584,0.054635227,186.984,11.019091,15.209961,83.78906,0.0,0.0,12.455038,9.475126,73.363144,104.469284,Dry Fodder,2,0
209.88448,15.066855,189.8707,15.085287,110.11915,13.277307,48.618732,10.916997,0.47754177,0.06654174,0.82903445,0.054807037,186.76314,11.01541,15.063477,83.69141,0.0,0.0,12.510618,9.33154,59.781933,120.753265,Dry Fodder,2,0
209.6526,15.084988,189.85643,15.04157,109.63833,13.136941,48.754196,11.170188,0.47978854,0.06570586,0.828881,0.053861916,186.63062,10.82096,15.8203125,82.788086,0.0,0.0,12.224259,9.106978,59.233227,122.3961,Dry Fodder,2,0
209.57733,15.041615,190.10797,15.126045,109.41498,13.264048,48.947224,10.842904,0.48034105,0.06600669,0.8280618,0.054837797,186.7303,11.037603,15.966797,83.081055,0.0,0.0,12.490487,9.462314,61.604275,128.15083,Dry Fodder,2,0
210.11525,15.11365,189.92876,15.045023,110.029915,13.511216,48.54928,10.951417,0.47865057,0.06696732,0.8300174,0.054798298,186.85605,10.936971,15.087891,84.00879,0.0,0.0,12.356223,9.377856,63.64782,147.4133,Dry Fodder,2,0
209.7501,15.311326,189.99785,15.189985,109.56382,13.496618,48.793102,11.008493,0.48008868,0.068064645,0.8290186,0.055166375,186.7343,11.06635,15.478516,83.740234,0.0,0.0,12.59199,9.474476,55.22368,104.289856,Dry Fodder,2,0
210.0238,15.377311,189.60368,15.275706,110.169075,13.494179,48.340767,11.177483,0.4779453,0.06552083,0.8296764,0.05543923,186.65375,11.1969185,14.96582,83.64258,0.0,0.0,12.568425,9.459662,56.95561,125.79557,Dry Fodder,2,0
209.88477,15.187457,190.28352,15.058735,110.02977,13.26371,48.845394,11.115806,0.4784021,0.065676615,0.82959056,0.054719806,186.99536,10.903847,16.577148,82.44629,0.0,0.0,12.270916,9.358778,67.49046,130.08875,Dry Fodder,2,0
210.41946,15.0086355,190.14296,15.260991,110.111885,13.364357,48.501793,11.16685,0.47912505,0.067072,0.83148503,0.054193705,187.08209,10.921445,15.844727,83.1543,0.0,0.0,12.35232,9.368801,57.6987,122.36087,Dry Fodder,2,0
209.87135,15.439209,190.10794,15.268552,110.081985,13.121623,48.784973,11.184722,0.4782713,0.06560834,0.8299124,0.055361483,186.89424,11.111735,16.503906,82.59277,0.0,0.0,12.530252,9.417992,68.65158,130.69183,Dry Fodder,2,0
210.29181,15.176202,190.0715,15.161143,110.02101,13.404934,48.47287,10.980212,0.4791223,0.06631217,0.8306624,0.05532549,186.99162,11.01047,15.649414,83.081055,0.0,0.0,12.346901,9.320132,65.44122,133.5733,Dry Fodder,2,0
209.85489,15.25443,189.73775,15.192298,110.163414,13.646456,48.50193,11.19138,0.47792804,0.06669406,0.8296669,0.05437283,186.68129,11.0550585,15.50293,83.54492,0.0,0.0,12.44819,9.373349,60.568684,111.1824,Dry Fodder,2,0
210.01476,15.276042,190.00476,15.033953,109.966774,13.232241,48.61055,11.0466585,0.47898522,0.0654978,0.8300344,0.055104896,186.86342,10.984937,15.527344,83.37402,0.0,0.0,12.2972975,9.464922,62.11221,111.81087,Dry Fodder,2,0
209.67953,15.248865,189.94365,15.336476,110.039,13.465704,48.762997,11.248545,0.4779979,0.06657024,0.828963,0.054916427,186.73555,11.125448,16.235352,82.836914,0.0,0.0,12.591039,9.382142,58.83992,104.88014,Dry Fodder,2,0
210.3499,15.431343,189.61433,14.973357,110.33889,13.235171,48.214043,10.901071,0.47750592,0.06561038,0.83055454,0.05593308,186.77687,11.061399,14.746094,84.27734,0.0,0.0,12.483801,9.486915,58.934364,123.831,Dry Fodder,2,0
209.9142,15.283562,190.07713,15.242196,109.84042,13.430299,48.734135,11.072929,0.47929835,0.06594757,0.82948935,0.055224597,186.86142,11.114877,15.917969,82.88574,0.0,0.0,12.457575,9.383143,57.374153,130.69948,Dry Fodder,2,0
209.77141,15.405358,189.89893,15.149743,109.945786,13.16667,48.690353,11.161656,0.47873405,0.064917065,0.8294126,0.05510689,186.72614,11.0732355,15.966797,82.91016,0.0,0.0,12.5284,9.375085,58.030125,130.2902,Dry Fodder,2,0
209.90086,15.4351425,190.18787,15.271638,109.877846,13.308172,48.80535,11.087135,0.4793653,0.0662953,0.8300277,0.055100873,186.92671,11.186969,16.699219,82.44629,0.0,0.0,12.714646,9.510999,59.60718,110.49989,Dry Fodder,2,0
210.51166,15.1779585,189.80284,15.038933,110.098,13.583551,48.253716,10.995099,0.47927487,0.06687007,0.83144605,0.054656267,186.90843,10.972691,14.96582,83.95996,0.0,0.0,12.472034,9.378611,62.989716,118.41849,Dry Fodder,2,0
210.14595,15.42769,189.90154,15.08822,110.25789,13.607995,48.483536,11.061209,0.47781253,0.06752649,0.83041024,0.055339564,186.87524,11.10403,14.892578,84.15527,0.0,0.0,12.45489,9.427395,62.11475,139.8298,Dry Fodder,2,0
209.60738,15.425563,189.9384,15.203407,109.905396,13.405901,48.81369,11.150638,0.47832048,0.06691585,0.8285954,0.055277638,186.69566,11.129075,16.16211,82.666016,0.0,0.0,12.598827,9.627357,64.92797,146.81178,Dry Fodder,2,0
210.22824,14.965141,189.89983,15.101933,109.861206,13.220113,48.506798,10.999688,0.47997266,0.06623298,0.8309383,0.054414723,186.85362,10.836645,15.551758,83.54492,0.0,0.024414062,12.248517,9.174489,56.719097,123.25001,Dry Fodder,2,0
209.86224,15.113805,190.49187,14.908432,110.123085,13.325342,48.986794,10.979222,0.47786182,0.06608655,0.82939565,0.05440814,187.12157,10.858367,16.333008,82.61719,0.0,0.0,12.154131,9.234969,55.85668,113.822586,Dry Fodder,2,0
209.55573,15.098404,189.89496,15.256572,109.80731,13.362351,48.793808,11.177133,0.47868234,0.0660471,0.8282269,0.054311164,186.64354,11.019523,15.698242,83.03223,0.0,0.0,12.468741,9.511888,65.00603,117.34664,Dry Fodder,2,0
210.42207,14.896308,189.96567,15.185167,110.261566,13.57909,48.31048,10.829607,0.4780537,0.067207195,0.83073235,0.054143563,186.99586,11.097245,14.428711,84.49707,0.0,0.0,12.620048,9.351937,55.59704,134.46542,Dry Fodder,2,0
210.06526,15.080809,190.09398,15.190301,110.167786,13.363674,48.62231,11.071019,0.47822934,0.065654136,0.83023626,0.054691244,186.95381,11.045308,15.74707,83.30078,0.0,0.0,12.418961,9.300561,56.410007,123.6155,Dry Fodder,2,0
209.92468,15.298,190.06657,15.434033,109.78485,13.59743,48.723152,11.28297,0.47965252,0.067094035,0.82974565,0.055123642,186.85204,11.135125,16.137695,82.69043,0.0,0.0,12.544268,9.559356,59.930393,116.46097,Dry Fodder,2,0
209.61905,15.245911,190.23395,15.069565,110.06412,13.267501,48.964592,11.040073,0.47764152,0.06528625,0.82856625,0.055259764,186.89073,11.047069,16.186523,82.836914,0.0,0.0,12.626531,9.603266,67.20883,129.03691,Dry Fodder,2,0
209.91632,15.294302,189.99965,15.052061,110.38593,13.74057,48.602013,11.231957,0.47707465,0.06713201,0.8299791,0.05490745,186.87877,10.960036,15.307617,83.447266,0.0,0.0,12.468412,9.364477,58.294582,117.05727,Dry Fodder,2,0
210.0142,15.367416,189.61069,15.261901,109.51007,13.528073,48.43935,10.947885,0.48080468,0.067125246,0.8295679,0.05580618,186.57986,11.1995325,14.599609,84.25293,0.0,0.0,12.5147705,9.423156,58.367805,122.71404,Dry Fodder,2,0
210.04712,15.385413,189.79335,15.336861,110.20097,13.51379,48.475277,11.291942,0.47795823,0.06715412,0.8302531,0.055675898,186.7757,11.084317,15.795898,83.17871,0.0,0.0,12.49171,9.393155,72.254196,115.36648,Dry Fodder,2,0
210.26215,14.8513775,189.36864,15.069277,110.07256,13.497435,48.09998,10.9806595,0.47862494,0.06676551,0.8302209,0.05398101,186.57605,10.853214,14.428711,84.32617,0.0,0.0,12.255954,9.2965,53.354443,124.0435,Dry Fodder,2,0
210.05272,15.331657,190.11266,15.181346,109.70994,13.20495,48.67088,10.934338,0.48026985,0.06502296,0.83010066,0.05568193,186.90881,11.169866,14.941406,84.25293,0.0,0.0,12.52799,9.605163,58.123566,115.78862,Dry Fodder,2,0
210.02272,15.188145,189.69244,15.063795,110.29825,13.330047,48.375595,10.927463,0.47691017,0.06671734,0.8293672,0.0550006,186.72026,11.039882,14.819336,84.0332,0.0,0.0,12.48213,9.470347,54.75313,119.94472,Dry Fodder,2,0
210.48517,15.28482,190.24657,15.374366,109.98746,13.25564,48.525024,11.057672,0.48000503,0.06573268,0.8318404,0.055000372,187.14838,11.184505,15.576172,83.1543,0.0,0.024414062,12.50239,9.528605,57.712193,128.67705,Dry Fodder,2,0
209.99438,15.175168,189.55104,15.425201,110.025475,13.426271,48.329334,11.245287,0.47864965,0.066403024,0.8299021,0.054745268,186.59769,11.185647,15.307617,83.447266,0.0,0.0,12.586038,9.48943,68.20793,115.46796,Dry Fodder,2,0
210.07585,15.5660515,189.6202,15.341543,109.89111,13.565308,48.38114,11.350909,0.4794938,0.06697719,0.83033854,0.055917975,186.64732,11.126228,15.869141,82.51953,0.0,0.0,12.509024,9.556731,77.273674,130.89001,Dry Fodder,2,0
209.80168,15.201081,190.06177,15.244112,110.29348,13.391428,48.755135,11.163979,0.47695422,0.06676663,0.82933235,0.054789342,186.87042,11.052121,16.186523,82.56836,0.0,0.0,12.654382,9.440872,62.028976,122.05949,Dry Fodder,2,0
209.8297,15.149551,189.9694,15.394046,109.82859,13.327307,48.685493,11.117861,0.47906065,0.06651519,0.8292325,0.054964684,186.77158,11.123888,16.113281,82.69043,0.0,0.0,12.689166,9.496042,53.839466,123.787926,Dry Fodder,2,0
210.08913,15.200852,189.98534,15.044262,110.019135,13.428663,48.571606,11.088658,0.4787257,0.06677127,0.83005536,0.05485002,186.88022,10.91887,15.307617,83.740234,0.0,0.0,12.459647,9.263474,66.36628,116.389694,Dry Fodder,2,0
209.42871,15.216893,190.62064,15.328417,110.14057,13.534481,49.20452,11.0190525,0.4770592,0.06616165,0.8281291,0.055207253,187.06952,11.285305,16.259766,82.88574,0.0,0.024414062,12.792159,9.674485,65.05036,128.12036,Dry Fodder,2,0
209.95677,15.113945,190.21074,15.0819435,109.84532,13.18929,48.769005,11.115627,0.47964275,0.06476343,0.8300376,0.054206844,186.95314,10.934329,16.357422,82.59277,0.0,0.0,12.369197,9.315182,58.645073,131.21878,Dry Fodder,2,0
210.33319,15.026246,190.24113,15.135561,109.784996,13.576699,48.59671,10.876413,0.48040074,0.0663365,0.8307611,0.054440662,187.07666,11.068535,15.405273,83.37402,0.0,0.0,12.494958,9.363034,58.956497,130.55223,Dry Fodder,2,0
209.95682,15.274957,189.83734,15.301976,110.112526,13.026262,48.547394,11.124984,0.47793785,0.06525462,0.829571,0.055073638,186.76443,11.135346,15.258789,83.49609,0.0,0.0,12.613267,9.46645,60.21586,121.6676,Dry Fodder,2,0
209.84529,15.285457,190.21712,15.266524,109.77682,13.71463,48.826763,11.059229,0.4795934,0.06699758,0.8294424,0.055373363,186.91576,11.163809,16.04004,83.081055,0.0,0.0,12.5155525,9.439131,62.667202,116.714455,Dry Fodder,2,0
210.21886,15.2434,190.07196,15.237031,109.87781,13.581801,48.60663,11.17918,0.48000252,0.06675792,0.83091915,0.055023115,186.95375,11.060199,15.527344,83.22754,0.0,0.0,12.558095,9.57032,64.93463,121.45076,Dry Fodder,2,0
209.97127,15.225214,190.03078,14.870733,110.23544,13.30993,48.674843,11.123337,0.47766405,0.065900505,0.82992476,0.05444736,186.89632,10.838449,15.478516,83.42285,0.0,0.0,12.265739,9.326139,57.722805,95.715454,Dry Fodder,2,0
209.87817,15.171722,189.75974,15.151346,110.18226,13.349382,48.492607,10.987656,0.47741875,0.06541335,0.8290539,0.055464752,186.70332,11.077515,15.0390625,83.91113,0.0,0.0,12.625045,9.484121,60.314335,130.80232,Dry Fodder,2,0
210.3356,15.036303,189.78928,14.856556,109.86871,13.421758,48.327854,10.878497,0.4799143,0.06644135,0.83073604,0.05446535,186.82169,10.843075,15.014648,83.95996,0.0,0.0,12.3481655,9.402955,56.7782,112.50702,Dry Fodder,2,0
210.19016,15.410212,190.15065,15.194081,109.734955,13.18485,48.68142,11.100744,0.48038876,0.06621925,0.8307048,0.055431154,186.97508,11.084011,15.625,83.25195,0.0,0.0,12.365878,9.276422,59.465908,117.72465,Dry Fodder,2,0
210.1839,15.098169,189.97481,15.341909,110.2842,13.575575,48.471985,11.164358,0.47789264,0.06698811,0.8306069,0.05444127,186.9326,11.072298,15.722656,83.05664,0.0,0.0,12.37251,9.467816,69.68543,119.153145,Dry Fodder,2,0
210.32266,15.074018,189.69278,15.426234,110.23831,13.733289,48.232365,11.066936,0.4781084,0.067521095,0.83063567,0.054876782,186.8033,11.197119,14.96582,83.862305,0.0,0.0,12.597169,9.514782,65.42925,131.00327,Dry Fodder,2,0
210.12259,15.391809,189.88261,15.307387,109.49501,13.492597,48.552002,11.047909,0.48152405,0.06585625,0.8304099,0.05580431,186.77017,11.249065,15.307617,83.78906,0.0,0.0,12.619194,9.496239,64.05751,117.628456,Dry Fodder,2,0
209.8244,15.421836,189.86177,14.974373,109.68616,13.311256,48.678947,11.050099,0.47985196,0.065632276,0.8292624,0.055369318,186.69058,10.977584,15.722656,83.1543,0.0,0.0,12.369464,9.260207,58.180283,138.47133,Dry Fodder,2,0
210.44005,15.483661,189.97354,15.180337,110.02766,13.339801,48.471046,11.132275,0.4795558,0.066374235,0.8315324,0.05562186,186.9792,11.047553,15.234375,83.569336,0.0,0.024414062,12.392663,9.506083,70.946205,132.30304,Dry Fodder,2,0
209.79124,15.219759,189.8874,15.141812,109.72476,13.33603,48.674934,10.941306,0.47961733,0.06571437,0.82914764,0.054853197,186.70012,11.132491,15.673828,83.52051,0.0,0.0,12.462187,9.462764,63.64576,116.897804,Dry Fodder,2,0
210.26154,15.284187,190.03986,15.449893,109.977135,13.496206,48.54209,11.192578,0.47953406,0.067191675,0.83110386,0.055348407,186.95898,11.15769,15.966797,82.836914,0.0,0.0,12.484994,9.418407,57.646458,128.10231,Dry Fodder,2,0
210.04745,15.1726055,189.9631,15.076092,109.97363,13.094799,48.59825,10.979051,0.4788388,0.06514861,0.8298974,0.054998014,186.84953,10.969083,15.136719,83.984375,0.0,0.0,12.208048,9.306274,74.929214,107.59917,Dry Fodder,2,0
209.71266,15.246179,189.89265,15.527369,110.21394,13.336979,48.663677,11.165656,0.4770597,0.06667756,0.82898647,0.05515151,186.73546,11.276957,15.942383,82.71484,0.0,0.0,12.746363,9.616282,60.39081,115.72652,Dry Fodder,2,0
210.01183,15.381968,190.07559,15.0057,110.159424,13.429979,48.64383,10.984635,0.47782153,0.06622567,0.82966477,0.05598296,186.92609,11.064216,16.186523,82.86133,0.0,0.0,12.4415865,9.479536,56.690353,114.996376,Dry Fodder,2,0
210.46945,15.159524,190.02066,14.999062,110.03595,13.335699,48.42694,11.139054,0.47985142,0.065881975,0.8318882,0.054415815,187.01659,10.809147,15.234375,84.08203,0.0,0.0,12.229664,9.235935,56.02571,109.49703,Dry Fodder,2,0
210.09915,15.229075,189.88411,14.941604,110.08361,13.480765,48.487267,10.973476,0.47839108,0.065933526,0.82983917,0.055146206,186.83115,10.944114,15.209961,83.618164,0.0,0.0,12.402771,9.434167,66.752686,139.0591,Dry Fodder,2,0
209.84543,15.237298,189.95596,15.5243435,110.22648,13.097041,48.61583,11.166833,0.4773331,0.064768046,0.8293301,0.054893907,186.81375,11.269889,15.673828,83.22754,0.0,0.0,12.820788,9.616922,60.672806,117.603035,Dry Fodder,2,0
210.06667,15.258927,189.88048,15.298074,110.08261,13.350976,48.53408,11.082057,0.47838634,0.06637716,0.8300179,0.055122707,186.81918,11.096986,15.649414,83.569336,0.0,0.0,12.443778,9.439429,72.71849,123.65183,Dry Fodder,2,0
209.84491,15.208041,189.7686,15.026346,110.109695,13.232754,48.5593,10.862044,0.4774086,0.066067375,0.8287017,0.055265084,186.69029,11.0140915,15.161133,83.78906,0.0,0.0,12.464236,9.386572,64.96027,135.5495,Dry Fodder,2,0
209.92177,15.34028,189.81456,14.983937,110.31171,13.228297,48.529438,11.093568,0.47693405,0.065899886,0.8294662,0.055443797,186.76329,10.91858,15.307617,83.618164,0.0,0.0,12.342831,9.340118,58.71628,142.6381,Dry Fodder,2,0
209.95044,14.704209,189.77951,15.079622,109.99747,13.463445,48.48945,10.944369,0.4783705,0.066653445,0.8291932,0.053005394,186.71547,10.917572,14.892578,84.106445,0.0,0.0,12.229969,9.174878,58.190308,95.19382,Dry Fodder,2,0
210.16606,15.373189,189.91585,15.362189,110.07872,13.529452,48.507843,10.994326,0.47854358,0.06649863,0.8301803,0.055899683,186.86923,11.266316,15.136719,83.71582,0.0,0.024414062,12.738331,9.4974575,62.336903,130.89056,Dry Fodder,2,0
209.7403,15.121254,189.83133,15.228627,110.132416,13.33138,48.63571,10.972365,0.47748357,0.06599993,0.82887435,0.05486224,186.69844,11.113152,15.625,83.447266,0.0,0.0,12.414902,9.57068,61.57309,133.63184,Dry Fodder,2,0
209.7735,15.285167,190.04422,15.570905,110.240875,13.516571,48.73819,11.368607,0.47734934,0.06631966,0.8294316,0.05513321,186.84569,11.265586,16.699219,82.22656,0.0,0.0,12.5895405,9.633355,60.574436,106.63034,Dry Fodder,2,0
210.03075,15.4280815,190.05414,15.319406,110.20387,13.426857,48.681614,11.263814,0.4780546,0.06744603,0.8305901,0.055514406,186.92421,11.1013565,15.869141,83.12988,0.0,0.0,12.66701,9.5632715,67.34716,117.22733,Dry Fodder,2,0
210.00351,15.269021,190.34485,15.462883,109.66742,13.511671,48.872646,11.044714,0.48049703,0.06649001,0.830158,0.055169936,187.02556,11.286569,16.235352,82.836914,0.0,0.0,12.666101,9.56886,62.318047,143.8845,Dry Fodder,2,0
209.74149,14.824528,189.94978,15.457109,109.82855,13.8066225,48.65656,11.0205555,0.47900632,0.06780453,0.8288611,0.053945035,186.73369,11.209546,15.356445,83.37402,0.0,0.0,12.720478,9.675926,63.68182,118.59132,Dry Fodder,2,0
210.01218,15.273757,189.7865,15.148402,109.46647,13.679247,48.5683,11.096604,0.48122436,0.06765264,0.82985115,0.055121463,186.67749,10.995154,15.551758,83.203125,0.0,0.0,12.426371,9.35323,58.038334,110.92059,Dry Fodder,2,0
210.11058,15.447202,189.76271,15.208338,110.18212,13.682062,48.467056,11.337048,0.47813618,0.06764049,0.83036345,0.05526033,186.77454,11.023062,15.698242,82.91016,0.0,0.0,12.480069,9.467906,59.675106,137.85277,Dry Fodder,2,0
210.121,15.1293745,189.86787,15.19202,110.29045,13.543035,48.3917,11.190595,0.4776991,0.067143366,0.8304346,0.054408263,186.85173,10.954333,14.84375,83.78906,0.0,0.024414062,12.262007,9.2394705,60.18375,123.773094,Dry Fodder,2,0
209.90132,15.316554,190.10478,15.453417,109.96398,13.264946,48.730583,11.063877,0.47858202,0.06645683,0.8295438,0.05536002,186.88791,11.285947,15.8203125,83.10547,0.0,0.0,12.65959,9.570698,67.497665,113.453285,Dry Fodder,2,0
210.00276,14.945979,190.15202,15.113362,109.6934,12.986062,48.825935,11.975911,0.48017907,0.06476973,0.8298924,0.053938143,186.9151,10.870515,16.04004,82.788086,0.0,0.0,12.207627,9.214327,57.93539,127.581024,Dry Fodder,2,0
209.66612,15.1791315,189.95949,15.304987,110.102806,13.494836,48.753326,11.152651,0.47771782,0.06625271,0.828899,0.05465973,186.74811,11.144468,16.28418,82.61719,0.0,0.024414062,12.596804,9.50707,60.75656,119.75347,Dry Fodder,2,0
209.88718,15.522779,189.7767,15.227849,109.870544,13.443026,48.570526,11.1567745,0.4790734,0.06601525,0.82942224,0.055901717,186.68044,11.180137,15.307617,83.569336,0.0,0.0,12.608671,9.374868,54.65795,119.642746,Dry Fodder,2,0
209.90927,15.210003,189.86365,15.360901,110.12089,13.404297,48.581787,11.229808,0.47796947,0.066960275,0.8296947,0.05509506,186.76662,11.061384,15.673828,82.9834,0.0,0.0,12.528342,9.6763115,64.687904,112.581154,Dry Fodder,2,0
210.04997,15.376658,190.25974,15.328947,109.88007,13.51198,48.816048,12.1614065,0.4796067,0.06675416,0.83040106,0.05564446,187.01373,11.17093,15.966797,83.10547,0.0,0.0,12.569782,9.479829,65.35868,127.390884,Dry Fodder,2,0
209.99937,14.9674,190.23036,15.073207,110.04608,13.173856,48.685528,10.788155,0.47838748,0.06504374,0.82960796,0.05444856,187.00029,11.022646,15.307617,83.862305,0.0,0.0,12.471853,9.438973,67.20476,117.89099,Dry Fodder,2,0
210.32986,15.206741,190.11407,15.416997,110.08537,13.450905,48.415512,11.070568,0.47915906,0.06551336,0.831038,0.05521476,187.03532,11.253411,15.698242,82.86133,0.0,0.0,12.636534,9.546211,61.368874,128.28069,Dry Fodder,2,0
210.45331,15.160215,190.12231,15.263729,109.95942,13.772911,48.453476,11.011533,0.47984612,0.067997575,0.83140147,0.05519643,187.06271,11.079428,15.307617,83.76465,0.0,0.0,12.582639,9.445882,60.312332,118.97218,Dry Fodder,2,0
210.25348,15.126925,190.06587,15.290848,109.95205,13.42861,48.54008,11.229321,0.4797367,0.06558114,0.8309028,0.05446133,186.969,11.003976,16.04004,82.86133,0.0,0.0,12.474957,9.37851,62.17362,102.47848,Dry Fodder,2,0
210.40663,15.152393,190.06323,15.210097,110.15165,13.679041,48.47254,11.115543,0.4790004,0.068219945,0.83160067,0.054853234,187.036,10.993105,15.161133,83.88672,0.0,0.0,12.463339,9.370932,62.014027,113.589615,Dry Fodder,2,0
210.137,15.018049,190.0576,15.261951,110.066185,13.649215,48.543835,11.143078,0.478788,0.06660679,0.8302947,0.054528914,186.94232,11.032996,15.454102,83.37402,0.0,0.0,12.304707,9.433377,62.32697,123.692894,Dry Fodder,2,0
209.79956,15.2922125,190.09926,15.031027,110.00294,13.705236,48.731594,11.012332,0.4783586,0.067283705,0.82918686,0.055045683,186.85867,11.020958,15.332031,83.569336,0.0,0.0,12.406463,9.303046,65.979034,113.01873,Dry Fodder,2,0
209.84956,15.433931,189.89914,15.337731,110.20499,13.647945,48.676903,11.353235,0.4777495,0.067265995,0.82984686,0.055080336,186.77919,11.179058,16.674805,82.37305,0.0,0.0,12.637093,9.444565,54.77152,141.94817,Dry Fodder,2,0
210.05377,15.384831,189.94551,15.165461,109.980736,13.390247,48.612312,11.031775,0.4788537,0.06621768,0.8299574,0.055699214,186.8419,11.067365,15.356445,83.59375,0.0,0.024414062,12.4960575,9.509702,68.049484,121.98976,Dry Fodder,2,0
209.59492,15.2580595,190.13495,15.187211,110.24346,13.34063,48.882233,11.240841,0.47665375,0.067078,0.8286398,0.054769523,186.84586,10.934301,16.894531,81.93359,0.0,0.024414062,12.421213,9.385572,62.522808,114.62708,Dry Fodder,2,0
210.42448,15.137727,190.07936,15.123133,110.166725,13.35923,48.40902,11.013926,0.47878456,0.066694304,0.83133936,0.054793306,187.05252,10.960545,14.770508,83.93555,0.0,0.0,12.382376,9.405534,69.69462,130.59616,Dry Fodder,2,0
209.78036,14.967311,189.88878,15.493955,109.70672,13.497186,48.637936,11.217581,0.4798767,0.06673038,0.82941985,0.053684805,186.6956,11.119203,16.088867,82.543945,0.0,0.0,12.381903,9.425971,64.18168,137.2935,Dry Fodder,2,0
210.38924,15.007238,189.8972,15.409474,110.00978,13.506119,48.29376,11.115106,0.47938374,0.06634981,0.8308959,0.054577373,186.91716,11.123746,15.063477,83.447266,0.0,0.0,12.56621,9.466603,63.960373,107.27686,Dry Fodder,2,0
209.82947,15.157382,190.2908,15.258591,110.19724,13.496985,48.875504,11.21978,0.4777224,0.06735415,0.82978845,0.054040276,187.0022,11.007928,16.186523,82.86133,0.0,0.0,12.384288,9.361367,63.434044,120.6394,Dry Fodder,2,0
209.74272,15.174354,190.04997,15.294003,110.050354,13.44144,48.78089,11.079446,0.47796896,0.06717113,0.82913834,0.05453057,186.81815,11.12532,16.210938,82.93457,0.0,0.024414062,12.551267,9.540073,67.51658,115.86124,Dry Fodder,2,0
210.03127,15.386985,189.68181,15.058782,110.32332,13.498866,48.361378,11.166759,0.47748065,0.06584303,0.83015144,0.055250365,186.71942,11.019188,14.84375,84.00879,0.0,0.0,12.623057,9.400052,59.174232,109.391815,Dry Fodder,2,0
210.00194,15.405279,189.82945,15.002323,110.19885,13.44688,48.520485,11.071931,0.47778577,0.066498324,0.82989264,0.055232078,186.78314,11.012819,15.600586,83.52051,0.0,0.0,12.500005,9.309581,59.61615,111.083206,Dry Fodder,2,0
210.36816,15.080467,190.26746,15.267529,109.973335,13.54287,48.597343,11.130395,0.47985762,0.066897616,0.8314394,0.054241505,187.12404,10.949433,15.527344,83.10547,0.0,0.024414062,12.318572,9.284653,59.635433,139.30481,Dry Fodder,2,0
210.1299,15.061795,190.21542,15.479446,109.93686,13.291212,48.68505,10.934654,0.47922748,0.066125184,0.8302522,0.054832794,187.0181,11.225309,15.087891,83.93555,0.0,0.024414062,12.668702,9.606378,66.830795,139.94461,Dry Fodder,2,0
209.66037,15.226526,190.0465,15.006804,109.76769,13.402769,48.79698,11.005242,0.47911674,0.06603535,0.8286891,0.05500654,186.75926,10.996941,16.186523,82.73926,0.0,0.0,12.344301,9.332528,58.671486,117.59403,Dry Fodder,2,0
209.97337,15.476295,189.87991,15.04411,109.686264,13.175442,48.631355,10.874796,0.47982305,0.066316746,0.8295038,0.05585144,186.74579,11.075511,15.4296875,83.740234,0.0,0.0,12.427454,9.458509,58.045986,146.4711,Dry Fodder,2,0
209.93663,15.167406,189.84348,15.150846,110.185875,13.397659,48.56663,11.070468,0.4775613,0.06674307,0.82948864,0.054725673,186.77036,11.000497,15.551758,83.569336,0.0,0.0,12.39813,9.390438,63.40021,127.67621,Dry Fodder,2,0
209.4456,15.076616,189.9633,15.29569,109.649055,13.713735,48.902767,11.073408,0.47921908,0.06796905,0.8280033,0.05444257,186.63268,11.138667,15.942383,82.958984,0.0,0.0,12.538657,9.406831,57.981834,124.952995,Dry Fodder,2,0
209.8466,15.186814,190.02954,15.352664,109.47667,13.494651,48.763245,11.140086,0.48106325,0.066966146,0.8296491,0.054462682,186.77182,11.107717,16.357422,82.666016,0.0,0.0,12.563838,9.40253,57.85043,123.606834,Dry Fodder,2,0
210.19186,15.30777,190.46223,15.256637,109.90987,13.630807,48.826263,10.998059,0.47978497,0.06711321,0.8308697,0.055470802,187.17842,11.199507,15.844727,83.203125,0.0,0.0,12.697257,9.692889,68.21429,115.026794,Dry Fodder,2,0
210.03172,15.161606,189.8109,15.296365,109.77636,13.2518,48.523342,11.035432,0.4796461,0.06556118,0.8296651,0.054959137,186.73299,11.126221,15.380859,83.618164,0.0,0.0,12.625913,9.478649,63.10972,139.69344,Dry Fodder,2,0
209.76968,14.974581,189.81813,15.248331,109.528946,13.358763,48.6998,10.901946,0.48018503,0.06695468,0.8287663,0.054427024,186.63068,11.054471,15.795898,83.12988,0.0,0.0,12.5119,9.390332,57.47061,141.30183,Dry Fodder,2,0
210.2755,15.125823,190.20763,15.516142,109.823,13.207238,48.65607,10.99233,0.48002797,0.06554882,0.8306246,0.05506473,187.04407,11.296182,15.576172,83.1543,0.0,0.024414062,12.739289,9.582818,64.61515,145.86691,Dry Fodder,2,0
210.66368,15.2157135,190.17245,15.136098,110.197945,13.30217,48.33285,10.921733,0.4790302,0.06600855,0.83193076,0.055230923,187.18224,11.080661,14.96582,83.66699,0.0,0.0,12.380972,9.384418,56.303493,124.004326,Dry Fodder,2,0
209.70747,15.268938,190.10301,15.070285,110.30017,13.520273,48.77826,11.098444,0.47655457,0.06767647,0.82884955,0.055345245,186.86722,10.944985,15.869141,83.05664,0.0,0.0,12.393798,9.418333,59.27414,112.15275,Dry Fodder,2,0
210.01932,15.0511055,189.62137,15.132857,109.839966,13.420369,48.385216,10.919452,0.47921953,0.06704973,0.82956004,0.054559,186.62527,10.944595,15.161133,83.76465,0.0,0.0,12.422971,9.269734,57.633423,109.792404,Dry Fodder,2,0
210.14069,15.021078,190.1503,15.031409,110.33749,13.128312,48.6178,10.981964,0.4774146,0.06526567,0.8303965,0.054422613,187.02876,10.840723,15.087891,83.76465,0.0,0.0,12.163325,9.210572,70.49848,128.42732,Dry Fodder,2,0
209.66937,15.255818,189.77435,15.421546,109.56707,13.174871,48.65972,11.091639,0.48002264,0.06520566,0.82865727,0.055230338,186.57933,11.228418,15.600586,83.203125,0.0,0.0,12.73787,9.567458,66.31825,123.37897,Dry Fodder,2,0
210.33704,15.319231,190.15675,15.246401,110.15029,13.397511,48.58321,11.010375,0.47869867,0.06611549,0.83095646,0.05544569,187.06992,11.173903,15.112305,83.59375,0.0,0.0,12.631933,9.474346,57.85321,110.53777,Dry Fodder,2,0
210.14023,15.639333,190.06923,15.172086,110.11535,13.494075,48.696022,12.160353,0.47858462,0.06704278,0.83065677,0.05628694,186.95572,11.118876,15.209961,83.66699,0.0,0.0,12.489079,9.354777,62.64692,102.18108,Dry Fodder,2,0
209.92598,14.961161,190.20946,15.249973,110.136215,13.59913,48.720024,10.916886,0.47792047,0.06700917,0.82950914,0.05424469,186.97635,11.110484,15.991211,83.22754,0.0,0.0,12.482413,9.47198,58.077538,111.506516,Dry Fodder,2,0
209.94765,15.071413,189.54378,15.424707,109.89997,13.6059675,48.426605,11.341071,0.4791829,0.06755545,0.8298538,0.05446826,186.56514,11.041354,15.698242,83.22754,0.0,0.0,12.37173,9.302423,63.863842,116.00329,Dry Fodder,2,0
210.151,15.0821495,189.67401,15.364774,110.00087,13.62493,48.29599,11.159728,0.47922015,0.06622125,0.8304093,0.054399837,186.7139,11.137382,15.283203,83.25195,0.0,0.0,12.656561,9.351071,64.35548,120.34725,Dry Fodder,2,0
210.12907,15.278174,189.90051,14.977291,110.14194,13.42655,48.48001,10.992581,0.47821525,0.067049116,0.8302579,0.055112276,186.85637,10.957496,14.6484375,84.25293,0.0,0.0,12.361405,9.318049,61.392826,115.2697,Dry Fodder,2,0
210.1578,15.352887,190.1701,15.259875,110.639755,13.263023,48.575096,11.119698,0.4760235,0.06589596,0.8304736,0.055790484,187.07997,11.14538,15.576172,83.00781,0.0,0.0,12.586114,9.482436,67.63517,130.55586,Dry Fodder,2,0
210.15582,15.094063,190.08368,15.193242,110.17042,13.473176,48.5802,10.926167,0.4781464,0.06650167,0.8301909,0.054961916,186.97514,11.111331,15.087891,84.00879,0.0,0.0,12.658184,9.348669,59.18564,123.33651,Dry Fodder,2,0
209.83607,15.244204,190.03049,15.355684,110.14861,13.187824,48.680264,11.132339,0.47766083,0.06534738,0.82931334,0.05507858,186.84583,11.133133,16.235352,82.421875,0.0,0.0,12.577164,9.4487095,63.75411,115.55441,Dry Fodder,2,0
209.59782,15.39296,189.85834,15.208511,109.875404,13.2800455,48.771935,11.045894,0.47818607,0.066089146,0.82818556,0.05610232,186.64238,11.110757,16.064453,82.73926,0.0,0.0,12.527704,9.482291,61.292366,110.36048,Dry Fodder,2,0
209.73758,15.3318405,189.83864,15.132005,109.486374,13.325886,48.750107,11.023663,0.48044497,0.066168115,0.8287728,0.055218067,186.62825,11.065271,15.942383,83.00781,0.0,0.0,12.447081,9.348249,60.63698,107.41331,Dry Fodder,2,0
209.62727,15.262823,189.74,15.391986,109.86153,13.626005,48.668564,11.261121,0.47863877,0.06811089,0.8288238,0.054851383,186.58015,11.139692,16.308594,82.59277,0.0,0.0,12.484633,9.458163,58.092518,124.68978,Dry Fodder,2,0
209.64032,15.366466,189.9426,15.566606,109.75293,13.23354,48.781525,11.19109,0.47926185,0.06564844,0.8289187,0.055760205,186.6906,11.317635,16.479492,82.56836,0.0,0.0,12.745929,9.642642,58.55184,134.5615,Dry Fodder,2,0
209.87607,15.16829,190.14906,14.959224,110.22855,13.544075,48.728676,10.82819,0.47712052,0.06716458,0.82907563,0.054998714,186.9365,11.008403,15.380859,83.69141,0.0,0.0,12.555548,9.569549,61.18066,126.7542,Dry Fodder,2,0
210.02046,15.202223,190.25423,15.0207205,109.86603,13.262686,48.794365,11.000443,0.47959957,0.06574486,0.830259,0.054885272,187.00008,10.964251,15.74707,83.25195,0.0,0.0,12.322622,9.265873,60.604546,106.86142,Dry Fodder,2,0
209.90437,14.936713,190.02826,15.471866,110.05729,13.416919,48.616295,11.136821,0.478275,0.06695354,0.8296164,0.053958956,186.85454,11.134527,16.210938,82.44629,0.0,0.0,12.421851,9.458655,63.344822,110.23414,Dry Fodder,2,0
209.94254,14.971239,189.84708,15.434674,110.150314,13.700954,48.490738,11.177687,0.47808942,0.06776324,0.8299581,0.054347947,186.77019,11.1107435,15.209961,83.59375,0.0,0.0,12.446101,9.531754,59.69556,116.67075,Dry Fodder,2,0
209.91776,15.1050005,189.55249,15.3308325,110.27272,13.256251,48.362484,11.142797,0.47704506,0.06675697,0.8294438,0.054823294,186.60382,11.071892,15.673828,83.00781,0.0,0.0,12.476739,9.446658,65.367165,130.48634,Dry Fodder,2,0
209.68874,15.449403,190.03171,14.998625,110.11741,13.507896,48.78726,11.136471,0.4776404,0.06645041,0.8289839,0.055495854,186.79892,10.998922,16.210938,82.73926,0.0,0.0,12.370316,9.299839,56.64968,111.01684,Dry Fodder,2,0
210.25084,15.562632,189.93588,15.122401,110.058174,13.314079,48.49421,10.981682,0.47877312,0.06560043,0.8303907,0.056085527,186.90399,11.203688,14.746094,84.350586,0.0,0.0,12.621325,9.581252,69.2223,136.78354,Dry Fodder,2,0
210.06514,14.829614,189.92726,15.213979,109.92243,13.431221,48.470955,10.8649435,0.4789447,0.06632392,0.829531,0.0540018,186.82794,11.045797,14.892578,83.95996,0.0,0.0,12.415386,9.40306,60.433964,123.946175,Dry Fodder,2,0
209.90051,15.458608,190.02968,15.034279,110.077286,13.410733,48.71469,11.207643,0.47825325,0.066814475,0.82979155,0.055159014,186.85649,10.95652,16.113281,82.73926,0.0,0.0,12.417712,9.350734,65.057274,116.77511,Dry Fodder,2,0
210.06235,15.44691,190.13417,15.142255,109.79684,13.380511,48.684784,11.133667,0.4800545,0.06621061,0.83052295,0.055800438,186.93425,11.010518,15.917969,82.9834,0.0,0.0,12.457733,9.300283,59.18228,112.84641,Dry Fodder,2,0
210.28255,15.392122,190.26979,14.951786,110.06497,13.427863,48.70295,11.040276,0.478868,0.06746141,0.83080685,0.05565401,187.11026,10.911504,15.600586,83.27637,0.0,0.024414062,12.371724,9.284899,59.39369,104.37598,Dry Fodder,2,0
210.25278,15.190513,190.06654,15.119122,109.65295,13.479436,48.580307,10.932942,0.48097837,0.06611484,0.83077514,0.055215243,186.93507,11.045047,15.185547,83.76465,0.0,0.0,12.324462,9.489193,64.017624,120.230774,Dry Fodder,2,0
209.72714,15.172634,190.09096,14.980669,109.96951,13.131576,48.823742,11.080585,0.47819337,0.06535589,0.8288442,0.055097036,186.82832,10.867386,15.698242,83.30078,0.0,0.0,12.302719,9.42327,61.455845,124.46859,Dry Fodder,2,0
145.04245,10.063534,115.01558,10.005205,74.969025,9.9595995,34.52994,10.087768,0.4824258,0.06550808,0.5688673,0.03935829,119.42831,8.024044,0.4638672,86.206055,0.0,0.0,9.026698,6.833137,48.26512,64.71524,Concentrate,3,0
144.87958,9.952407,114.72534,10.0199375,75.240364,9.955485,34.147934,8.792941,0.47998452,0.06548843,0.5682205,0.038926102,119.24017,8.044887,0.61035156,85.27832,0.0,0.0,8.963249,6.869232,47.113037,72.44385,Concentrate,3,0
144.80359,10.137224,114.98485,10.084627,74.87911,9.985275,34.70998,11.349376,0.4821119,0.06642626,0.5679076,0.03965651,119.3286,8.086825,0.43945312,86.59668,0.0,0.0,9.125246,6.936993,44.99098,63.39078,Concentrate,3,0
144.93893,9.916786,115.14191,9.881824,75.249596,9.97166,34.455223,8.763734,0.48020422,0.06502414,0.56846815,0.038781725,119.503494,7.9729786,0.5126953,86.15723,0.0,0.0,8.91537,6.8313394,44.106457,66.37908,Concentrate,3,0
144.9878,10.06224,114.95937,10.013737,74.97486,9.918557,34.560516,11.295154,0.4821856,0.06511132,0.5686361,0.03938894,119.37964,8.061624,0.3173828,86.54785,0.0,0.0,9.0216875,6.7996197,41.610905,61.20689,Concentrate,3,0
145.18808,9.981996,115.13859,10.021606,75.02122,9.894839,34.60984,11.343231,0.48265213,0.06475006,0.5694394,0.039027713,119.55,7.988121,0.5126953,85.88867,0.0,0.0,8.961487,6.8369656,45.00302,65.40816,Concentrate,3,0
144.8603,9.919527,114.88043,9.942742,75.0792,10.070232,34.30983,8.829472,0.4809306,0.06706848,0.5681337,0.038809616,119.307076,7.9447474,0.41503906,85.44922,0.0,0.0,9.050944,6.7409625,44.44584,59.204807,Concentrate,3,0
144.9882,10.068509,115.01792,10.0789585,75.16048,9.953748,34.645264,12.362974,0.4808803,0.065551266,0.56863236,0.039406724,119.43529,8.110697,0.34179688,85.88867,0.0,0.0,9.161997,6.903419,42.453686,74.66717,Concentrate,3,0
145.34468,10.093222,115.198494,10.039888,75.0822,9.916533,34.504364,10.267479,0.4825414,0.06638335,0.5700636,0.039493907,119.63895,7.975121,0.48828125,85.5957,0.0,0.0,9.011922,6.7948966,44.465313,61.291542,Concentrate,3,0
145.04137,10.11387,115.03277,9.900022,75.24289,9.8811035,34.313477,8.695628,0.48042405,0.06552102,0.5688594,0.03955411,119.46929,8.028626,0.43945312,85.25391,0.0,0.0,9.036856,6.869507,50.7399,55.06206,Concentrate,3,0
145.15697,9.843299,114.834694,10.00236,74.95538,9.957101,34.2307,8.820705,0.48294705,0.06567614,0.5693104,0.038500246,119.35481,7.9447317,0.43945312,84.86328,0.0,0.0,8.977654,6.8167005,40.52998,63.4892,Concentrate,3,0
144.91675,9.6725235,115.09052,9.90532,75.01178,10.126651,34.5803,10.033433,0.4818202,0.066292934,0.5683483,0.03785513,119.43959,7.9171176,0.390625,86.49902,0.0,0.0,8.972068,6.759664,43.188103,59.90189,Concentrate,3,0
145.25449,10.011117,115.049,10.191733,75.113304,10.00942,34.299862,8.818976,0.4821708,0.06592688,0.5696959,0.039169855,119.52777,8.151702,0.43945312,85.83984,0.0,0.0,9.283936,6.8184576,55.00806,67.76752,Concentrate,3,0
144.95763,10.032667,114.822044,9.864851,74.463264,10.171965,34.578617,10.14212,0.4856366,0.06683017,0.568539,0.039252866,119.23168,7.936715,0.48828125,86.2793,0.0,0.0,8.986975,6.732274,41.169067,57.52135,Concentrate,3,0
145.11504,10.035018,115.20609,10.097974,75.31438,10.489411,34.37688,8.955631,0.4804005,0.06826083,0.56912684,0.039285146,119.60121,8.1264925,0.56152344,85.791016,0.0,0.0,9.279318,6.909652,43.844875,67.63439,Concentrate,3,0
145.03244,10.069468,114.90845,9.864545,74.97754,10.032702,34.493805,11.287069,0.4823192,0.06589336,0.5688075,0.039411575,119.3634,7.9617686,0.41503906,86.49902,0.0,0.0,9.020928,6.810467,45.425816,66.956856,Concentrate,3,0
144.93373,10.020935,114.93305,9.911626,74.86836,9.937643,34.44571,8.950346,0.48266077,0.065651454,0.5684204,0.03922049,119.33588,7.908559,0.43945312,85.546875,0.0,0.0,8.954778,6.825523,49.613968,59.86268,Concentrate,3,0
145.17899,10.087474,115.09777,10.088254,75.214745,10.17855,34.369644,10.063222,0.48122072,0.066760994,0.5693717,0.039487466,119.54539,8.176193,0.36621094,85.9375,0.0,0.0,9.234223,6.9340096,46.58234,60.873634,Concentrate,3,0
144.88141,9.703003,114.96754,10.1499605,74.968925,9.723379,34.45355,8.942553,0.48182124,0.06443671,0.56822014,0.037973538,119.351944,7.947892,0.41503906,85.83984,0.0,0.0,8.8988085,6.8264766,44.172325,60.724564,Concentrate,3,0
144.7261,10.134693,114.92156,10.052436,74.80094,9.931384,34.577614,8.953702,0.48234403,0.065977216,0.5676112,0.0396597,119.25937,8.051231,0.34179688,86.15723,0.0,0.0,9.103983,6.964617,45.31536,65.189156,Concentrate,3,0
144.84183,9.948453,114.781136,10.038024,75.0184,10.11175,34.544796,12.514333,0.48137552,0.066691995,0.5680599,0.038942028,119.236336,7.987372,0.43945312,85.180664,0.0,0.0,8.959151,6.8111033,40.442795,59.13064,Concentrate,3,0
144.83704,9.949375,114.80837,10.131156,75.121925,9.946424,34.288406,8.955925,0.48066264,0.065393224,0.5680448,0.03895724,119.26269,8.072496,0.41503906,84.98535,0.0,0.0,9.1206255,6.914512,44.62829,63.67146,Concentrate,3,0
145.12633,10.049741,115.08565,10.200934,75.13304,9.995481,34.3743,8.969954,0.48161966,0.06576572,0.5692216,0.039289158,119.513214,8.14331,0.5126953,85.10742,0.0,0.0,9.222655,6.9569864,45.027733,72.19551,Concentrate,3,0
145.15363,10.057049,114.661194,10.122849,74.757225,10.0798645,34.194344,10.084034,0.48430157,0.06623394,0.5693182,0.039319918,119.22938,8.1758375,0.48828125,85.424805,0.0,0.0,9.264792,6.9776,51.318295,61.27025,Concentrate,3,0
145.1039,10.156661,115.05833,10.020802,74.95246,9.972897,34.470764,10.032903,0.4827353,0.06517389,0.56907415,0.039796878,119.46989,8.149496,0.390625,86.18164,0.0,0.0,9.11834,6.9373693,50.35652,70.51325,Concentrate,3,0
144.89915,9.953078,115.18321,9.873449,74.97854,9.915512,34.816334,11.364564,0.48184642,0.06555664,0.5683144,0.03890346,119.48495,7.8953733,0.4638672,86.79199,0.0,0.0,8.92812,6.721694,41.811676,53.60659,Concentrate,3,0
144.96516,9.842272,114.7594,10.183377,75.095345,9.935568,34.247223,10.21443,0.48128986,0.0657113,0.56854206,0.038513698,119.269226,8.072901,0.36621094,85.57129,0.0,0.0,9.162945,6.982884,50.52791,64.22964,Concentrate,3,0
144.93149,10.11835,114.98673,10.031092,75.0281,10.075822,34.42961,8.842504,0.48171273,0.065013014,0.5683925,0.039639246,119.384926,8.119973,0.21972656,85.791016,0.0,0.0,9.161397,6.885964,48.776352,74.5378,Concentrate,3,0
144.97267,9.927767,115.15308,9.926884,75.25989,10.097182,34.44731,8.812116,0.48028332,0.06580683,0.5685954,0.03879815,119.52132,7.9833293,0.4638672,85.81543,0.0,0.0,9.023028,6.8739934,44.662403,57.377808,Concentrate,3,0
144.93103,9.986708,115.109505,9.930519,75.185974,9.89373,34.549187,10.1143,0.48049602,0.06516401,0.5684143,0.039073795,119.47486,7.990874,0.3173828,86.18164,0.0,0.0,9.009531,6.9097066,54.384823,60.95153,Concentrate,3,0
144.90768,9.907601,114.6723,9.945201,74.90988,9.685103,34.492714,12.368653,0.48233202,0.063877225,0.56831014,0.038764875,119.17976,7.9316764,0.41503906,85.52246,0.0,0.0,8.940795,6.825361,45.262997,65.43809,Concentrate,3,0
145.03722,9.986972,114.92138,10.159481,74.91003,10.085233,34.36356,8.938756,0.4828595,0.06628752,0.56886125,0.039031435,119.36472,8.109378,0.6591797,85.180664,0.0,0.0,9.095855,6.879554,43.24229,69.17125,Concentrate,3,0
145.02081,9.935072,115.139946,10.043902,75.08265,9.749513,34.51121,8.988193,0.48156303,0.06412572,0.56877273,0.038879436,119.5078,7.9560246,0.5859375,85.9375,0.0,0.0,8.881963,6.617809,43.533062,58.907387,Concentrate,3,0
144.98727,9.9155855,115.07292,10.126292,74.825325,9.978242,34.539818,8.746912,0.48325592,0.06515476,0.56861615,0.038827483,119.429085,8.13174,0.36621094,86.083984,0.0,0.0,9.202855,6.922717,51.50867,63.11902,Concentrate,3,0
145.05672,10.022558,114.92172,10.134124,75.12581,10.124816,34.246433,8.847726,0.48136032,0.06662842,0.56887233,0.03926421,119.395355,8.111053,0.3173828,85.44922,0.0,0.0,9.185769,6.9746428,45.069366,57.525482,Concentrate,3,0
145.08493,10.057086,114.95233,9.945706,75.066475,9.817663,34.367935,10.140588,0.48191905,0.06414035,0.5690212,0.039382312,119.41499,8.030894,0.41503906,85.69336,0.0,0.0,9.139177,6.9661794,42.40469,56.529102,Concentrate,3,0
145.20288,9.9995365,114.97878,10.077524,74.984535,10.0102415,34.385475,10.081988,0.4830203,0.06468578,0.5694816,0.03912059,119.45644,8.106158,0.34179688,85.961914,0.0,0.0,9.238059,6.916119,43.025227,67.13534,Concentrate,3,0
145.14558,10.14117,115.04194,9.998001,75.35543,10.200096,34.20005,8.835041,0.48026758,0.065746024,0.5692543,0.039678205,119.51867,8.105576,0.21972656,85.009766,0.0,0.0,9.181918,6.928587,50.579903,70.07275,Concentrate,3,0
145.00763,10.235598,114.96303,10.112516,74.86212,10.166827,34.493904,10.373821,0.48317188,0.06509645,0.5686863,0.040097598,119.37486,8.152301,0.3173828,85.35156,0.0,0.0,9.141117,6.9447465,48.5781,71.00097,Concentrate,3,0
145.04588,10.111665,115.140594,10.13321,75.05415,9.970868,34.65747,11.247886,0.4818955,0.064945996,0.5688812,0.039556544,119.51242,8.196907,0.5126953,86.450195,0.0,0.0,9.102124,6.9840584,43.236374,75.49618,Concentrate,3,0
144.90962,9.969452,115.21392,9.988227,75.143036,10.050821,34.58849,8.657478,0.48075145,0.06588942,0.56829154,0.03906762,119.52486,8.080587,0.21972656,86.450195,0.0,0.0,9.1663685,6.8806987,46.514275,58.47313,Concentrate,3,0
144.95903,10.0474825,115.14361,9.921303,74.96922,10.035652,34.633396,10.143462,0.48217428,0.065736465,0.56853485,0.039310552,119.47854,8.01254,0.43945312,86.18164,0.0,0.0,8.99389,6.8640485,53.28257,73.92414,Concentrate,3,0
144.92487,10.018966,114.87887,9.822938,74.97206,10.023167,34.343765,8.760992,0.48198882,0.065899216,0.5684025,0.039171226,119.31324,7.9390893,0.43945312,86.03516,0.0,0.0,8.894417,6.6350584,47.122265,56.382175,Concentrate,3,0
145.11624,10.01479,115.11434,9.940856,75.14793,10.078732,34.359497,8.729259,0.48146474,0.06589977,0.56911725,0.039227504,119.52874,8.044924,0.3173828,86.2793,0.0,0.0,9.093756,6.835283,45.352142,71.23576,Concentrate,3,0
144.90985,10.031214,115.01252,9.833756,75.0187,10.113582,34.46603,8.778723,0.4815869,0.06694342,0.56835574,0.039221864,119.392525,7.9502206,0.5371094,86.93848,0.0,0.0,8.896852,6.766399,48.63555,64.55926,Concentrate,3,0
144.80846,10.068353,114.79972,10.0446005,74.76235,10.080176,34.41436,8.883353,0.48310745,0.06566177,0.56794477,0.039364956,119.20807,8.092848,0.41503906,86.206055,0.0,0.0,9.11612,6.9045725,43.50847,70.385956,Concentrate,3,0
144.77722,10.151885,114.88431,9.950709,74.714066,9.886865,34.535824,8.815586,0.48325297,0.064911105,0.5678455,0.03968101,119.24288,8.058403,0.56152344,86.450195,0.0,0.0,9.039187,6.8418417,45.11815,67.277916,Concentrate,3,0
144.93965,9.936901,115.02487,9.803248,74.80585,10.123311,34.510063,8.650874,0.4833387,0.065550916,0.5684401,0.038864713,119.38442,7.964596,0.41503906,87.28027,0.0,0.0,8.799704,6.7282095,41.94102,65.67873,Concentrate,3,0
144.79523,9.946909,114.94731,9.996377,74.86117,9.991118,34.480663,8.729849,0.48233372,0.06541095,0.5678714,0.03893608,119.30202,8.058776,0.36621094,86.59668,0.0,0.0,9.001064,6.7615433,45.37318,62.542355,Concentrate,3,0
145.26857,10.028572,115.26026,10.011111,75.264175,10.033222,34.50394,9.961394,0.4812203,0.06554289,0.56973326,0.039249722,119.673195,8.123775,0.34179688,86.66992,0.0,0.0,9.186269,6.8386235,43.57221,61.948288,Concentrate,3,0
144.92412,10.018729,114.81948,9.775599,74.81778,9.977913,34.361786,8.7947035,0.4830585,0.065460086,0.5683956,0.03918455,119.260574,7.855848,0.5126953,85.64453,0.0,0.0,8.8330145,6.7479167,45.666214,74.35203,Concentrate,3,0
145.08301,9.831046,115.19611,10.0751,75.12497,10.115543,34.495003,8.92986,0.48152962,0.06652772,0.569008,0.03846843,119.56418,7.9985557,0.3173828,86.25488,0.0,0.0,8.953797,6.7267227,42.94409,71.5797,Concentrate,3,0
145.09035,10.062466,115.106705,10.090486,75.108635,10.059983,34.512783,10.215806,0.48160422,0.06608554,0.5690101,0.039429702,119.51203,8.080654,0.3173828,85.88867,0.0,0.0,9.071862,6.976897,43.776073,69.20628,Concentrate,3,0
144.90826,9.793753,115.01495,9.992047,74.90319,10.143907,34.55854,10.270956,0.48245615,0.06698804,0.56835604,0.038279653,119.38031,7.9323316,0.5126953,86.23047,0.0,0.0,8.956844,6.7134433,42.123474,59.958183,Concentrate,3,0
145.10156,9.975272,114.88085,9.872671,75.24906,9.947694,34.253,9.880238,0.48057428,0.06594559,0.56904083,0.039087445,119.39882,7.9912133,0.14648438,86.03516,0.0,0.0,8.938779,6.8534517,48.715595,67.25266,Concentrate,3,0
144.82831,9.977683,114.658615,10.085738,74.748566,9.949206,34.282707,8.720587,0.48320985,0.065311015,0.56800187,0.039073806,119.12961,8.113561,0.43945312,85.32715,0.0,0.0,9.198911,6.9288397,42.29534,52.429535,Concentrate,3,0
145.21103,10.214035,115.069786,10.099462,75.13834,10.109008,34.45298,11.451488,0.48178828,0.0666653,0.5695054,0.039982583,119.52983,8.131824,0.48828125,84.96094,0.0,0.0,9.109704,6.8896756,44.625633,65.20337,Concentrate,3,0
144.99478,9.986024,114.78534,10.122465,74.8648,9.946797,34.327675,8.862596,0.48307988,0.06454977,0.5686778,0.039026503,119.26702,8.114262,0.56152344,85.791016,0.0,0.0,9.115819,6.9067025,49.727642,62.166306,Concentrate,3,0
144.96115,10.038027,115.04577,10.112931,74.851974,10.1186905,34.509426,8.757773,0.48286492,0.06706023,0.56852514,0.039304066,119.40837,8.137797,0.4638672,86.13281,0.0,0.0,9.178117,6.925461,47.473293,59.011852,Concentrate,3,0
145.08635,9.978902,114.95139,9.984505,74.933014,10.095539,34.441048,10.144193,0.48291832,0.06598851,0.5690406,0.039042093,119.39965,8.034664,0.48828125,85.98633,0.0,0.0,9.111223,6.9002767,45.360226,55.19964,Concentrate,3,0
145.03107,9.940701,115.10721,9.976545,75.1747,10.022705,34.672016,12.330817,0.48098803,0.06595404,0.5688,0.038895324,119.50214,8.029399,0.390625,85.98633,0.0,0.0,9.010129,6.8038945,44.66382,60.73803,Concentrate,3,0
145.17336,9.854521,114.78646,10.035896,75.133514,9.746055,34.05638,8.826818,0.48172444,0.06412038,0.56934625,0.03858374,119.35171,7.9771986,0.36621094,84.66797,0.0,0.0,9.028721,6.7727404,39.995968,59.36051,Concentrate,3,0
145.0412,10.035809,115.15498,10.021449,75.07421,9.940399,34.55457,8.673695,0.48170087,0.06513062,0.5688368,0.03928397,119.52176,8.081829,0.41503906,86.54785,0.0,0.0,9.1588335,6.858152,44.885563,67.711945,Concentrate,3,0
145.01126,10.200489,114.89593,9.858953,75.01646,10.048192,34.53949,12.43051,0.48214018,0.0646791,0.5687372,0.03992209,119.35415,8.041758,0.36621094,86.206055,0.0,0.0,9.02832,6.8391724,53.04489,70.0142,Concentrate,3,0
144.82672,9.9673815,115.06304,10.190611,75.02696,10.121204,34.528328,8.979743,0.48126894,0.06658533,0.56799924,0.03901803,119.39827,8.103706,0.390625,85.424805,0.0,0.0,9.141976,6.8603506,44.47332,64.74349,Concentrate,3,0
145.0089,9.977496,114.81505,10.148232,74.85502,10.152427,34.356255,10.249642,0.48304346,0.06731031,0.56870174,0.039073154,119.28757,8.090812,0.29296875,85.20508,0.0,0.0,9.137478,6.8906817,41.8394,73.26021,Concentrate,3,0
145.16652,9.982327,115.184616,9.904023,75.06546,10.027522,34.524876,10.132342,0.48226553,0.065311484,0.5693367,0.039021228,119.57562,7.9682198,0.41503906,85.913086,0.0,0.0,9.002479,6.733654,43.73852,65.37382,Concentrate,3,0
144.85631,10.04224,114.869774,9.880698,74.96431,10.169567,34.507835,11.365527,0.48186243,0.066335015,0.5681045,0.039326698,119.28653,7.9812894,0.34179688,85.47363,0.0,0.0,8.984519,6.7747874,50.72606,52.656532,Concentrate,3,0
144.78735,10.0888405,114.83615,10.074581,75.05157,10.056261,34.431835,10.166903,0.48096138,0.065990806,0.567857,0.039472796,119.25612,8.125754,0.4638672,86.42578,0.0,0.0,9.250455,6.978589,43.247265,71.144646,Concentrate,3,0
144.9492,9.84754,114.88436,10.081907,74.92463,10.031893,34.339832,8.918895,0.48244083,0.06619365,0.56852984,0.038470082,119.31834,8.018809,0.61035156,85.961914,0.0,0.0,9.012463,6.852725,41.860844,51.67686,Concentrate,3,0
144.86276,10.116292,114.8615,10.042316,74.895775,9.993487,34.487293,9.938956,0.48221332,0.06607253,0.56813115,0.039600804,119.27579,8.1459465,0.2685547,87.06055,0.0,0.0,9.209869,6.9532685,51.205738,67.6147,Concentrate,3,0
145.08029,9.929898,115.04928,10.26458,75.00367,10.086097,34.406017,8.823193,0.48252124,0.06500681,0.56900936,0.038863484,119.46335,8.214753,0.41503906,85.25391,0.0,0.0,9.169368,6.996348,44.093464,63.808983,Concentrate,3,0
145.03398,9.900592,114.67419,10.048347,75.02408,9.954165,34.094822,8.810168,0.4819858,0.06576652,0.5688143,0.038763657,119.23165,8.005508,0.41503906,85.131836,0.0,0.0,9.111185,6.8311887,40.09951,62.35446,Concentrate,3,0
144.99493,10.112333,115.05332,9.961119,74.97508,9.9125,34.520542,8.9202585,0.48217145,0.06559266,0.5687044,0.039489646,119.43694,7.978599,0.5859375,85.69336,0.0,0.0,8.995602,6.8495684,49.153614,59.995487,Concentrate,3,0
144.77959,9.880652,114.83163,9.94216,74.91513,9.879984,34.405064,8.697665,0.48195493,0.06435955,0.5678209,0.038664494,119.23559,8.0025215,0.36621094,86.05957,0.0,0.0,9.030444,6.7647214,54.65801,65.81153,Concentrate,3,0
144.89114,9.869171,114.818596,9.8599825,74.69258,10.090977,34.38957,8.6945915,0.4837536,0.06692236,0.5682328,0.038659524,119.23592,7.9093184,0.24414062,85.74219,0.0,0.0,8.888059,6.780475,46.44233,54.031773,Concentrate,3,0
144.9979,10.001742,114.81023,9.975601,75.01958,9.906817,34.265156,8.722695,0.48182786,0.065729395,0.56867456,0.039152358,119.30021,8.008519,0.48828125,85.5957,0.0,0.0,8.961679,6.889128,41.601192,67.177086,Concentrate,3,0
145.03897,9.815339,114.9853,10.013326,75.103806,10.007248,34.318184,8.708413,0.48151624,0.06584904,0.56882745,0.038428705,119.42486,8.01201,0.34179688,86.52344,0.0,0.0,9.023929,6.8558183,51.626984,64.14625,Concentrate,3,0
145.02858,9.862208,114.848045,9.964618,74.86665,10.078282,34.361076,10.076351,0.48317352,0.066041954,0.56879294,0.038577367,119.31415,8.004956,0.36621094,85.74219,0.0,0.0,8.98879,6.869122,43.835384,62.89206,Concentrate,3,0
145.10078,9.907516,115.08758,9.810276,75.02269,10.0389,34.5157,9.979511,0.4822129,0.06655622,0.569075,0.0387687,119.49413,7.911509,0.34179688,86.62109,0.0,0.0,9.00872,6.77818,47.339268,65.07392,Concentrate,3,0
145.14087,10.109311,115.10979,9.982318,75.427826,10.115018,34.36557,10.140865,0.4795928,0.06605525,0.56920713,0.03959571,119.56534,8.069551,0.2685547,85.86426,0.0,0.0,9.165242,6.9023476,44.29263,71.133835,Concentrate,3,0
144.9842,10.072238,115.108345,10.014422,75.04717,10.043102,34.681488,11.2871275,0.48174027,0.06567657,0.5686259,0.039392147,119.47426,8.078858,0.4638672,86.42578,0.0,0.0,9.005425,6.839758,41.341434,65.71382,Concentrate,3,0
144.93805,10.078645,114.86546,10.00011,74.90645,10.003623,34.414825,10.079324,0.48252574,0.0652865,0.5684257,0.03946081,119.30184,8.089174,0.2685547,85.83984,0.0,0.0,9.186778,6.9136105,43.187893,63.951775,Concentrate,3,0
144.87204,9.987199,114.65257,10.056596,74.78012,10.094385,34.326836,10.106196,0.48312134,0.06636826,0.5681605,0.039097913,119.14273,8.077663,0.3173828,85.668945,0.0,0.0,9.164608,6.842032,43.633545,70.216835,Concentrate,3,0
145.19914,10.137773,114.8956,10.11201,74.98751,10.046511,34.38949,11.355375,0.4828626,0.06574795,0.5694805,0.039684452,119.40684,8.154893,0.43945312,86.1084,0.0,0.0,9.114203,6.9323425,52.128082,70.77117,Concentrate,3,0
145.15434,9.875062,115.04186,9.853109,75.185905,9.956543,34.278664,8.566844,0.48126945,0.06576794,0.56925327,0.03869656,119.50191,7.9623933,0.1953125,86.81641,0.0,0.0,9.041819,6.8541446,47.00218,60.352985,Concentrate,3,0
145.06578,10.008821,115.09152,9.745281,74.771576,9.853963,34.543568,8.510981,0.4838404,0.06483115,0.568939,0.03917751,119.45735,7.8972254,0.390625,86.81641,0.0,0.0,8.954429,6.6554275,46.614952,55.298878,Concentrate,3,0
145.25081,10.000658,115.257034,10.199933,75.15817,9.949391,34.54441,10.177115,0.48179245,0.06589834,0.56968045,0.03909222,119.65391,8.121664,0.48828125,85.5957,0.0,0.0,9.210508,6.942015,41.044617,69.57065,Concentrate,3,0
144.72852,9.881585,114.80225,9.91139,74.67838,9.970554,34.590515,10.120963,0.4832196,0.06642831,0.5676007,0.03867933,119.17609,7.918247,0.34179688,86.18164,0.0,0.0,8.9364395,6.6680865,43.72784,61.023388,Concentrate,3,0
144.73338,9.911854,115.11568,9.911763,74.99426,9.973334,34.84076,11.269867,0.48119402,0.06559155,0.5676404,0.038770504,119.39753,7.9478216,0.3173828,86.54785,0.0,0.0,8.895975,6.765673,39.94973,62.977127,Concentrate,3,0
145.16878,10.227439,115.03046,10.033702,75.12623,10.060872,34.32273,8.752723,0.48169506,0.066374294,0.5693439,0.040030535,119.49273,8.125492,0.4638672,85.7666,0.0,0.0,9.257703,6.9296055,41.423843,56.79706,Concentrate,3,0
144.71463,10.051347,115.0024,10.028419,74.703415,9.792799,34.74487,10.151763,0.4830979,0.06405071,0.56756306,0.03935629,119.292274,8.073463,0.2685547,86.2793,0.0,0.0,9.150249,6.9655952,45.01,60.434628,Concentrate,3,0
144.92825,9.83854,115.02261,9.964936,74.671326,9.876726,34.660324,10.0403805,0.48414904,0.06460957,0.56839144,0.03853133,119.36436,7.9622846,0.41503906,85.913086,0.0,0.0,9.00556,6.7771816,46.455647,61.573265,Concentrate,3,0
144.86957,9.946837,114.968575,10.063353,74.77271,9.927451,34.625076,10.1493,0.48320004,0.06515296,0.5681566,0.03893597,119.32664,8.047099,0.34179688,85.88867,0.0,0.0,9.101178,6.924388,42.955425,58.49371,Concentrate,3,0
144.9415,9.946889,115.04158,10.010358,74.92249,10.248668,34.551918,10.107859,0.48251873,0.06671604,0.56846625,0.03886349,119.40808,8.074061,0.29296875,86.37695,0.0,0.0,9.16066,6.9287634,53.79103,69.17135,Concentrate,3,0
145.14684,10.027788,115.025345,9.879313,74.825424,10.164745,34.419632,8.749231,0.48380464,0.0667834,0.5692768,0.03920772,119.448875,7.9787908,0.48828125,86.93848,0.0,0.0,8.902745,6.7444487,45.336094,62.95489,Concentrate,3,0
145.13196,9.923126,114.837,9.922868,74.96385,9.681192,34.209316,8.540288,0.4826612,0.0641324,0.56917024,0.038887423,119.34965,7.98585,0.3173828,85.7666,0.0,0.0,9.037411,6.802618,46.602516,66.92763,Concentrate,3,0
144.95267,9.86033,114.91742,10.093645,75.06335,9.995213,34.318737,8.795458,0.48153585,0.065090984,0.56849474,0.0385722,119.35459,8.078571,0.36621094,85.961914,0.0,0.0,9.111635,6.8189244,49.804184,60.342472,Concentrate,3,0
144.95369,10.139379,115.04327,10.091534,74.99076,10.111482,34.53579,10.139797,0.48198166,0.065960295,0.5684712,0.039729144,119.4205,8.172384,0.34179688,86.01074,0.0,0.0,9.1060095,6.901272,46.59765,76.87576,Concentrate,3,0
145.17958,10.096222,114.965065,10.044061,74.87874,10.185635,34.348534,8.809848,0.48367703,0.06615496,0.5694503,0.03945926,119.42937,8.106603,0.5859375,85.64453,0.0,0.0,9.103099,6.9420075,44.54435,67.73907,Concentrate,3,0
145.01472,9.890421,115.23385,9.811587,74.86606,9.967685,34.755833,10.090902,0.48304358,0.06547346,0.56872773,0.03872858,119.5364,7.8730097,0.36621094,86.88965,0.0,0.0,8.834203,6.690728,41.15873,58.88839,Concentrate,3,0
144.83047,10.12574,114.95653,9.889004,75.051056,9.884226,34.48134,8.805297,0.4810143,0.06539182,0.56802154,0.039603233,119.33961,7.9737697,0.5859375,86.01074,0.0,0.0,9.059862,6.884202,45.003624,61.922363,Concentrate,3,0
145.02702,9.895148,114.852165,9.989139,74.64,10.106016,34.387383,8.812983,0.48469788,0.066075265,0.5687877,0.038718242,119.29026,7.981097,0.34179688,86.23047,0.0,0.0,9.028321,6.8869057,47.994595,62.738087,Concentrate,3,0
144.88412,10.069383,115.15346,10.196119,74.8532,9.958225,34.782085,10.273823,0.48264295,0.0656866,0.5682485,0.039364222,119.4487,8.152592,0.6347656,86.05957,0.0,0.0,9.202039,6.9978094,43.474022,79.97913,Concentrate,3,0
145.02054,9.767616,115.01054,9.962433,74.91925,10.100953,34.376953,8.796068,0.48275924,0.06634847,0.5687796,0.038207855,119.413124,7.9622226,0.43945312,85.81543,0.0,0.0,9.065433,6.7243066,40.109753,59.473866,Concentrate,3,0
144.86638,10.01737,115.030945,10.041369,74.786865,9.916414,34.590874,8.6437,0.4830699,0.065115705,0.56817,0.0391791,119.363914,8.11462,0.41503906,86.35254,0.0,0.0,9.129256,6.8242407,43.298035,66.95954,Concentrate,3,0
144.78545,9.916253,114.97299,10.111834,74.711395,10.016117,34.610405,8.912063,0.4833448,0.06590962,0.5678827,0.0387569,119.2971,8.069036,0.56152344,85.9375,0.0,0.0,8.951008,6.8876796,40.643238,62.7836,Concentrate,3,0
144.92381,9.961809,114.74833,10.012706,75.04101,10.034137,34.2854,10.203367,0.48156354,0.06554658,0.5683737,0.03900574,119.24416,8.024408,0.36621094,85.35156,0.0,0.0,9.044507,6.8210273,44.198116,60.833008,Concentrate,3,0
144.65619,9.980478,115.03178,10.000328,75.07699,10.167331,34.70839,10.060437,0.48017555,0.06785833,0.5673144,0.03909033,119.334625,8.038146,0.390625,86.987305,0.0,0.0,9.001868,6.853022,44.651974,67.44311,Concentrate,3,0
145.12268,10.062134,114.989876,10.104261,75.10161,9.941534,34.307953,8.858276,0.48175782,0.06517743,0.569155,0.039390035,119.452324,8.089332,0.41503906,85.20508,0.0,0.0,9.212123,6.8935547,42.176193,62.985783,Concentrate,3,0
144.99768,9.918057,114.855515,9.927742,74.932465,10.06919,34.299034,8.638075,0.48262143,0.0652969,0.5686434,0.038866475,119.316795,8.025324,0.24414062,86.40137,0.0,0.0,8.947003,6.8155975,48.115795,64.27142,Concentrate,3,0
145.03339,10.0591545,114.90851,10.030765,75.018295,9.880335,34.322105,8.859108,0.48201856,0.064756505,0.56879854,0.039393015,119.36836,8.039452,0.390625,85.180664,0.0,0.0,9.142365,6.890669,47.797424,60.588215,Concentrate,3,0
144.97705,9.948551,114.626625,9.833155,74.85506,9.869967,34.40936,12.362414,0.4830023,0.06479156,0.5685952,0.038926825,119.16744,7.8586655,0.56152344,84.74121,0.0,0.0,8.873467,6.6748276,38.507862,63.608902,Concentrate,3,0
144.78218,10.113262,114.776596,10.100277,74.86295,9.91442,34.487686,10.161803,0.482266,0.06498343,0.56785196,0.039513174,119.19811,8.117542,0.5126953,85.791016,0.0,0.0,9.187881,6.920262,41.116493,70.90896,Concentrate,3,0
145.15868,9.955108,115.18808,10.010962,75.14836,10.071621,34.547806,10.210256,0.4816296,0.065983444,0.56928533,0.03896967,119.58476,8.014732,0.390625,86.25488,0.0,0.0,9.050879,6.9026523,44.527603,72.24522,Concentrate,3,0
144.87497,10.014531,114.71428,9.879213,74.912544,10.230152,34.353073,9.961436,0.48227972,0.06696781,0.5681808,0.039192967,119.19493,8.010762,0.390625,86.25488,0.0,0.0,9.062726,6.870027,44.479973,56.859406,Concentrate,3,0
144.92575,10.0754,115.16565,9.997573,74.96461,10.066136,34.741848,10.14815,0.481985,0.066445194,0.5683969,0.03945217,119.480995,8.031619,0.48828125,86.93848,0.0,0.0,9.071114,6.911419,46.603508,66.64419,Concentrate,3,0
144.83748,10.079292,115.12944,10.090268,75.13028,9.954976,34.740517,11.279128,0.48061937,0.06523106,0.56805694,0.03943025,119.45224,8.120473,0.36621094,86.40137,0.0,0.0,9.130053,6.9568024,44.11149,70.19129,Concentrate,3,0
145.00452,9.889194,114.935745,9.93402,74.9678,9.933548,34.339993,8.787844,0.4823084,0.065344445,0.5686838,0.038732573,119.369965,7.9429245,0.34179688,85.961914,0.0,0.0,8.926016,6.798422,41.72318,63.26241,Concentrate,3,0
144.69374,10.134925,114.85543,9.897576,74.92657,10.1731415,34.545864,9.995307,0.48146182,0.06669834,0.56746185,0.03969693,119.2252,8.076382,0.34179688,86.62109,0.0,0.0,9.092509,6.9230247,43.11274,75.780045,Concentrate,3,0
144.50008,10.020196,114.89592,9.992447,74.90904,10.003483,34.596203,8.845686,0.48084748,0.066159464,0.5667088,0.039234463,119.18906,8.03331,0.36621094,85.71777,0.0,0.0,9.172478,6.824079,44.177067,51.07975,Concentrate,3,0
144.97551,10.139227,115.039375,9.961161,74.73203,9.882777,34.76982,11.340573,0.4838135,0.06455567,0.56858057,0.039686754,119.39524,8.014138,0.3173828,86.71875,0.0,0.0,9.068235,6.8368974,50.24149,70.93911,Concentrate,3,0
144.97986,9.997271,115.05969,9.837819,75.16888,9.892284,34.693092,12.315443,0.48091298,0.06464911,0.56862944,0.039091554,119.45827,7.9342194,0.48828125,86.23047,0.0,0.0,8.862866,6.7718396,46.553604,67.51035,Concentrate,3,0
145.11206,9.875922,115.202835,9.877129,75.08955,10.067131,34.584473,10.0645,0.4817529,0.06714925,0.56911373,0.038652632,119.57278,7.9024153,0.34179688,86.59668,0.0,0.0,8.968062,6.78248,42.1419,52.892757,Concentrate,3,0
144.81161,10.158848,114.85741,10.073502,74.88957,9.967973,34.53703,10.192452,0.48206678,0.065992035,0.5679583,0.039726645,119.25738,8.120141,0.61035156,86.30371,0.0,0.0,9.145338,6.9655967,47.687584,58.091045,Concentrate,3,0
145.02654,9.987671,115.162834,10.047593,74.909004,9.904096,34.84663,12.365813,0.4827921,0.065045774,0.5687986,0.039085556,119.50314,8.041547,0.36621094,86.49902,0.0,0.0,9.026072,6.808384,42.115635,61.249763,Concentrate,3,0
144.84256,10.002672,115.01109,9.960464,74.80322,10.202009,34.548676,8.902221,0.48296696,0.0662253,0.56805974,0.039154164,119.34701,8.011045,0.5126953,86.083984,0.0,0.0,8.96142,6.8647046,48.517483,69.83151,Concentrate,3,0
145.0318,10.058735,115.07514,9.8495865,75.17372,10.0221615,34.495304,10.268997,0.48100498,0.06571778,0.56881887,0.039347727,119.48342,7.9137454,0.43945312,85.83984,0.0,0.0,9.057064,6.763762,46.639606,67.164276,Concentrate,3,0
145.12518,10.044344,114.97445,10.114414,74.68291,9.898085,34.491653,8.734572,0.4846996,0.064812124,0.5691867,0.03931523,119.39628,8.108176,0.43945312,86.2793,0.0,0.0,9.22699,6.91573,48.48861,59.630272,Concentrate,3,0
145.05196,10.128153,114.91528,9.949102,75.20462,10.069895,34.317955,10.176742,0.4806581,0.06722917,0.56887233,0.03966548,119.39913,7.9898095,0.36621094,85.52246,0.0,0.0,9.03283,6.8782787,43.144352,65.911575,Concentrate,3,0
144.85237,9.960332,115.08478,9.925938,74.70464,9.962909,34.672455,8.450733,0.4835698,0.06548314,0.56809574,0.038994472,119.38196,8.054938,0.34179688,87.13379,0.0,0.0,9.119802,6.8553395,40.050247,75.91732,Concentrate,3,0
144.92499,9.931552,114.78217,10.230157,75.02352,10.143237,34.32,10.252306,0.48167348,0.066329524,0.56836605,0.03890038,119.26239,8.172076,0.3173828,85.03418,0.0,0.0,9.289405,6.9491787,41.357853,60.157253,Concentrate,3,0
144.87672,9.937145,114.928856,10.0743265,74.93432,10.089917,34.629696,11.39795,0.48210308,0.06635315,0.56817526,0.03891452,119.32389,8.031596,0.29296875,85.64453,0.0,0.0,9.022348,6.7655606,41.440296,63.982105,Concentrate,3,0
144.85675,9.994532,114.65556,10.000556,74.89504,10.001357,34.39196,11.293618,0.48222864,0.065917924,0.5681093,0.03911446,119.15302,8.030461,0.24414062,84.91211,0.0,0.0,9.101782,6.860646,42.265068,67.120766,Concentrate,3,0
145.06447,10.190069,114.99073,9.942409,74.849884,10.011845,34.427284,8.758953,0.48335892,0.06478547,0.56890345,0.03992972,119.40672,8.068195,0.21972656,86.30371,0.0,0.0,9.128852,6.918334,43.909203,63.59569,Concentrate,3,0
145.14081,9.970565,114.856514,9.905738,74.86946,9.708234,34.285744,8.72107,0.4833249,0.064515635,0.569224,0.03903549,119.35299,7.9175467,0.41503906,86.1084,0.0,0.0,8.954662,6.772084,45.40586,67.13428,Concentrate,3,0
144.98178,10.115637,115.33413,10.056252,74.92202,9.803852,34.746716,8.837715,0.48230916,0.06580125,0.56860125,0.03958335,119.5918,8.060498,0.43945312,86.93848,0.0,0.0,9.050845,6.946166,45.132988,57.148727,Concentrate,3,0
145.24829,10.341841,115.02528,10.092338,75.116425,10.162127,34.461082,11.337805,0.4822164,0.06568755,0.5696715,0.04045516,119.51235,8.203032,0.4638672,84.86328,0.0,0.0,9.222308,7.0874176,47.009018,61.857445,Concentrate,3,0
144.86916,9.948481,114.875465,9.93912,74.857254,10.247729,34.423103,8.757027,0.4826695,0.06707603,0.5681757,0.038921684,119.28151,8.008853,0.29296875,86.76758,0.0,0.0,9.031393,6.828255,41.379154,61.663765,Concentrate,3,0
144.91429,9.957475,115.410065,10.152216,75.2573,9.923146,34.815624,10.158708,0.48005772,0.06449525,0.5683628,0.038944013,119.65441,8.14286,0.5126953,86.328125,0.0,0.0,9.150874,7.0309806,48.575798,66.78748,Concentrate,3,0
145.04471,9.963038,115.14877,10.054568,74.963554,9.943131,34.787052,12.355652,0.48242575,0.065702796,0.5688536,0.038992893,119.506546,8.023295,0.48828125,85.62012,0.0,0.0,9.065573,6.7663803,49.062824,74.09693,Concentrate,3,0
145.01411,10.054052,114.91027,10.127539,74.96836,10.018089,34.430626,10.325277,0.48237634,0.06557759,0.56876457,0.03930248,119.35795,8.092439,0.5859375,85.15625,0.0,0.0,9.267636,6.885773,52.92665,53.942196,Concentrate,3,0
144.91994,10.025159,115.11546,9.889802,75.074905,9.81351,34.717903,11.329994,0.4812345,0.064648055,0.56839967,0.03916567,119.46238,7.959538,0.5859375,85.83984,0.0,0.0,9.0078,6.8014665,41.00593,58.45817,Concentrate,3,0
145.07155,10.195975,114.96602,10.163118,75.00897,10.0191345,34.451653,10.180765,0.48229235,0.06522148,0.56897974,0.039897736,119.41247,8.205846,0.5126953,85.86426,0.0,0.0,9.237855,6.9757595,50.082134,74.70379,Concentrate,3,0
145.13066,9.81366,115.03028,9.890012,74.92335,10.034962,34.473526,10.036668,0.48303258,0.06618471,0.5691792,0.038419724,119.45811,7.904875,0.390625,86.206055,0.0,0.0,8.913962,6.68494,42.43225,65.50008,Concentrate,3,0
144.83159,9.986041,114.99097,9.832579,75.02802,10.007058,34.519684,10.136328,0.4813178,0.06518456,0.5680027,0.039125934,119.35754,7.954124,0.3173828,86.54785,0.0,0.0,9.003033,6.8253307,45.731293,65.9694,Concentrate,3,0
145.03929,9.871648,114.842186,9.861033,75.1401,9.950081,34.201744,8.649478,0.48127395,0.0650112,0.5688127,0.038656857,119.345085,7.947896,0.21972656,85.7666,0.0,0.0,8.9581,6.739823,39.837875,66.469444,Concentrate,3,0
144.88667,10.160177,115.14492,10.168661,74.91666,10.064283,34.781082,11.399118,0.48233312,0.065644905,0.5682802,0.039708458,119.45168,8.175675,0.61035156,85.62012,0.0,0.0,9.159759,6.88298,47.051174,70.32302,Concentrate,3,0
144.94005,10.021537,115.20373,9.695496,74.84442,9.793185,34.64331,8.696615,0.48284233,0.06481662,0.56844664,0.03920992,119.49393,7.8399653,0.29296875,86.93848,0.0,0.0,8.884817,6.6362348,43.93508,65.13162,Concentrate,3,0
144.9002,9.950773,114.86049,9.887027,75.06103,10.106715,34.617874,13.299554,0.48137677,0.065836996,0.56828284,0.038914688,119.30522,7.9696136,0.34179688,86.13281,0.0,0.0,9.022833,6.688293,44.048996,60.735085,Concentrate,3,0
144.75465,9.916128,114.757195,9.812067,74.73641,10.028293,34.405632,8.6722765,0.48303366,0.06583288,0.56771743,0.03879822,119.16406,7.905452,0.4638672,86.91406,0.0,0.0,9.016297,6.7431674,42.166252,64.64285,Concentrate,3,0
144.96677,10.030512,114.82782,10.08851,75.02528,10.187218,34.267456,8.720644,0.48181605,0.066418715,0.56854236,0.03928373,119.30187,8.141491,0.36621094,86.05957,0.0,0.0,9.255213,6.860324,41.97598,64.33117,Concentrate,3,0
144.771,9.981059,114.97749,10.008182,74.67841,9.88191,34.620975,8.848392,0.48342744,0.065421104,0.5677842,0.039060224,119.29166,7.987408,0.43945312,86.52344,0.0,0.0,9.052337,6.7892447,43.155056,63.23441,Concentrate,3,0
145.01149,9.835198,114.96067,9.84721,74.85817,9.98434,34.399185,8.700104,0.48305646,0.06593665,0.56871736,0.03848443,119.374176,7.8937325,0.41503906,85.88867,0.0,0.0,8.920857,6.742519,41.046116,59.531082,Concentrate,3,0
145.00258,9.937791,114.983345,9.904722,74.89694,9.890123,34.498035,10.179068,0.4827158,0.065689415,0.568701,0.038897745,119.389244,7.891134,0.390625,86.13281,0.0,0.0,8.883649,6.801755,42.419308,53.956226,Concentrate,3,0
144.81863,9.963158,114.99222,9.870288,74.812584,10.13472,34.517532,8.62501,0.48278406,0.06617857,0.56795603,0.039031018,119.32984,8.01443,0.29296875,86.71875,0.0,0.0,9.075366,6.7380195,45.183693,58.734642,Concentrate,3,0
144.95076,9.993435,114.94673,10.083829,75.01881,9.828515,34.492817,10.081326,0.48171818,0.06469864,0.5684755,0.03914188,119.36616,8.095287,0.390625,86.206055,0.0,0.0,9.042186,6.9586043,41.065792,70.62152,Concentrate,3,0
144.65677,9.994077,115.045395,9.952173,74.84057,9.957386,34.771965,10.107108,0.48188287,0.066036105,0.56734896,0.03906361,119.31585,7.9854712,0.48828125,87.6709,0.0,0.0,9.104576,6.782417,43.226055,57.812714,Concentrate,3,0
145.1165,9.979532,115.20844,10.068707,74.90983,10.115194,34.74196,11.366427,0.4831847,0.06563861,0.5691328,0.03906817,119.55691,8.073477,0.36621094,86.40137,0.0,0.0,9.007366,6.8225107,45.448822,72.45732,Concentrate,3,0
144.95633,9.789088,115.32087,10.196763,75.13071,10.009812,34.609238,8.897665,0.48110983,0.06518649,0.56851536,0.03831688,119.6002,8.114397,0.36621094,86.450195,0.0,0.0,9.126946,6.8788586,43.58397,61.93663,Concentrate,3,0
145.2514,9.745471,115.32872,10.008515,75.244644,9.715686,34.645256,11.325722,0.48127484,0.0641362,0.5696799,0.038120855,119.70602,7.93806,0.43945312,86.2793,0.0,0.0,8.98371,6.779535,46.02371,54.33213,Concentrate,3,0
145.31139,9.873101,115.319885,10.105552,75.055046,9.792526,34.673965,11.198372,0.48275438,0.064882725,0.5699581,0.038589064,119.69715,8.062615,0.5126953,87.109375,0.0,0.0,9.111566,6.8805757,42.22084,53.16623,Concentrate,3,0
144.83746,10.145794,114.62854,9.946338,75.1524,9.937406,34.305923,11.171004,0.4804314,0.06504502,0.5680382,0.03973437,119.16073,8.105431,0.34179688,85.71777,0.0,0.0,9.179462,6.9132996,48.55555,72.59294,Concentrate,3,0
145.08415,10.152552,114.8014,9.876225,74.83788,10.196967,34.316887,10.122156,0.48356706,0.06605866,0.56899905,0.039738003,119.3001,8.040807,0.2685547,85.86426,0.0,0.0,9.063933,6.83557,44.514416,66.66573,Concentrate,3,0
145.19693,9.950514,115.01344,10.002415,75.17942,10.103523,34.499813,12.373749,0.48151833,0.06640869,0.5694239,0.038974907,119.49723,8.021352,0.24414062,85.20508,0.0,0.0,9.082987,6.8456492,41.925686,67.181786,Concentrate,3,0
144.88388,9.948754,115.15178,10.063924,74.80572,10.064749,34.74268,10.062504,0.48304144,0.06605815,0.5682435,0.038913447,119.44222,8.101043,0.48828125,87.13379,0.0,0.0,9.21342,6.9147367,44.46636,66.47522,Concentrate,3,0
144.96684,10.0263605,115.12121,10.183572,75.16563,10.132958,34.474094,8.963155,0.48087996,0.06613157,0.56855,0.039241202,119.49012,8.15062,0.48828125,86.18164,0.0,0.0,9.14507,6.902328,47.95557,67.476265,Concentrate,3,0
144.8957,9.967686,115.04911,10.124205,75.14362,10.1917305,34.62652,11.34915,0.48078316,0.06674105,0.5682753,0.039003193,119.42402,8.065878,0.41503906,85.546875,0.0,0.0,9.0015335,6.920017,44.813213,65.100586,Concentrate,3,0
145.31647,9.826361,115.1404,9.923092,74.96549,10.016805,34.351784,8.573931,0.48346275,0.06544803,0.56988525,0.038500413,119.58311,7.978119,0.21972656,86.206055,0.0,0.0,9.109166,6.8954377,57.368526,56.320316,Concentrate,3,0
145.13673,9.82345,115.57374,9.940638,75.411606,10.061726,34.829315,11.20179,0.4797156,0.06639916,0.5692195,0.038459238,119.834595,7.958414,0.4638672,86.81641,0.0,0.0,8.90968,6.786655,45.98663,73.5909,Concentrate,3,0
145.26031,10.041214,115.05291,10.298221,74.98811,9.979676,34.424488,10.196134,0.48310664,0.064897954,0.56968653,0.03932293,119.51754,8.194911,0.390625,86.18164,0.0,0.0,9.213719,6.969406,42.324158,69.151085,Concentrate,3,0
145.13739,9.822731,114.8264,9.965734,74.77565,9.932553,34.330425,9.965777,0.48403016,0.06576663,0.5691924,0.0384896,119.3236,7.972586,0.2685547,86.083984,0.0,0.0,8.999074,6.747288,47.852787,66.59079,Concentrate,3,0
144.8797,10.067271,115.01308,9.921453,74.87817,10.119979,34.5278,8.734017,0.48270258,0.06483911,0.56822586,0.039361175,119.36782,8.069064,0.390625,86.66992,0.0,0.0,9.123064,6.7984443,41.73431,58.708694,Concentrate,3,0
145.02728,10.224707,115.13414,10.112779,75.04651,10.102026,34.47644,8.741777,0.4818922,0.0654901,0.56877863,0.040023778,119.5022,8.232953,0.3173828,85.961914,0.0,0.0,9.217211,6.9921927,48.03982,66.42803,Concentrate,3,0
144.6689,9.802813,115.05857,9.890653,74.82493,9.677389,34.923386,11.3111515,0.48215067,0.06343177,0.5673953,0.038340382,119.325424,7.8688264,0.5371094,86.2793,0.0,0.0,8.849037,6.6760592,43.273235,66.520485,Concentrate,3,0
144.87265,9.865128,115.03237,9.955948,75.04637,9.914115,34.60116,9.952511,0.481179,0.066272266,0.56818616,0.03860633,119.39621,7.9843073,0.41503906,86.54785,0.0,0.0,9.121091,6.796259,40.285984,67.60077,Concentrate,3,0
144.83998,10.083678,114.965614,10.104271,74.98912,10.03152,34.45226,8.891502,0.48166382,0.0651148,0.56806403,0.039423354,119.34073,8.140538,0.41503906,86.15723,0.0,0.0,9.093666,6.853655,44.583164,62.915874,Concentrate,3,0
145.17546,10.043778,114.85163,10.022339,75.23297,10.027493,34.079155,8.838102,0.48107427,0.06573663,0.5693637,0.039318312,119.40193,8.079575,0.36621094,85.302734,0.0,0.0,9.079338,7.0212913,52.647137,67.59079,Concentrate,3,0
144.58534,9.895592,115.06715,10.131196,75.18996,9.993167,34.563164,9.2339525,0.47920164,0.06637323,0.567067,0.038714077,119.34709,7.998659,0.61035156,85.47363,0.0,0.0,8.999737,6.81729,43.387413,60.671528,Concentrate,3,0
144.99475,9.933515,114.91292,10.020924,74.93013,9.7321,34.354004,8.653074,0.4824183,0.064616896,0.5686498,0.038889237,119.34934,8.019168,0.43945312,86.083984,0.0,0.0,9.027464,6.816575,46.557716,71.22039,Concentrate,3,0
145.11276,10.023009,115.312,9.882058,74.863365,9.978723,34.7867,10.1240015,0.48342773,0.06536489,0.56914926,0.039183404,119.61128,7.93578,0.6347656,85.961914,0.0,0.0,9.008388,6.784003,47.38441,51.825665,Concentrate,3,0
145.1208,9.927592,115.058266,9.907175,74.95787,10.135936,34.41295,8.755845,0.48279786,0.06682824,0.56917346,0.03879106,119.47552,7.9873204,0.48828125,86.23047,0.0,0.0,9.055309,6.755456,39.17987,71.300186,Concentrate,3,0
145.09111,9.781668,114.85052,10.124274,75.00853,9.837829,34.28231,10.113207,0.48231065,0.0649132,0.5690285,0.038325295,119.35047,8.046563,0.29296875,86.083984,0.0,0.0,8.992596,6.7598085,42.619335,69.27419,Concentrate,3,0
144.91737,9.963948,114.882,10.113437,74.955376,9.895177,34.362022,8.825577,0.48214674,0.064409345,0.5683674,0.03897769,119.31094,8.074147,0.3173828,86.01074,0.0,0.0,9.157046,6.914804,50.846245,63.701977,Concentrate,3,0
145.03621,10.18541,114.88042,10.043251,75.14596,10.044858,34.31779,10.3263,0.48120934,0.065138906,0.56881076,0.039882213,119.36727,8.095063,0.36621094,85.74219,0.0,0.0,9.225008,6.8820214,40.258205,66.65757,Concentrate,3,0
145.36346,9.979997,115.04052,10.117632,75.283775,9.833458,34.201065,10.05359,0.4814244,0.06411352,0.57008576,0.039086025,119.574814,8.151634,0.34179688,85.25391,0.0,0.0,9.257546,6.9672494,49.05653,56.91057,Concentrate,3,0
144.5918,10.063675,114.69627,10.027585,74.85423,10.019719,34.43392,9.14614,0.4814933,0.067046024,0.56711715,0.039357375,119.09304,7.932744,0.61035156,84.81445,0.0,0.0,9.081573,6.8024254,42.27058,57.707108,Concentrate,3,0
144.86008,9.98903,114.8368,10.012784,75.22219,10.038336,34.24164,8.799515,0.48013967,0.06522118,0.5681443,0.03907451,119.29769,8.080477,0.36621094,85.20508,0.0,0.0,9.060959,6.8121495,41.488186,64.327446,Concentrate,3,0
145.08575,10.10124,114.88657,9.921676,75.209946,10.034588,34.299034,10.056751,0.48096228,0.06538903,0.56901693,0.039514422,119.39299,8.013036,0.34179688,85.302734,0.0,0.0,9.015196,6.750143,42.240173,72.405624,Concentrate,3,0
145.17023,9.964714,114.92466,9.854505,75.22917,9.94196,34.23055,9.975931,0.48109806,0.065077685,0.56933165,0.039029986,119.4428,7.974406,0.3173828,84.98535,0.0,0.0,9.057635,6.8779984,46.251465,59.115337,Concentrate,3,0
145.25668,9.953104,115.0865,9.974463,75.12753,10.085024,34.52256,11.19569,0.48214942,0.0658863,0.5696733,0.038952295,119.55206,8.020607,0.36621094,86.18164,0.0,0.0,8.903175,6.8459125,44.188946,75.33695,Concentrate,3,0
145.04465,9.916857,115.1649,9.613719,74.944374,9.823879,34.687366,10.068101,0.48266697,0.064092256,0.5688416,0.03882029,119.5138,7.7331944,0.2685547,86.71875,0.0,0.0,8.824301,6.609277,42.77448,56.73396,Concentrate,3,0
144.96161,10.037211,114.99217,9.904777,74.73568,10.002727,34.7081,11.343117,0.48367,0.06631322,0.5685413,0.03925818,119.36379,7.939171,0.5371094,86.15723,0.0,0.0,8.932194,6.828456,46.994144,60.77656,Concentrate,3,0
145.19647,10.06932,115.10767,10.05416,75.09401,9.839398,34.530205,10.089038,0.48208934,0.064719796,0.5694519,0.039371684,119.54266,8.070984,0.48828125,86.49902,0.0,0.0,9.030294,6.8666277,41.327515,65.486824,Concentrate,3,0
145.20372,9.811649,115.0771,10.144386,75.101234,10.102342,34.414406,10.017526,0.48196393,0.06770666,0.56947356,0.038406916,119.52772,8.114908,0.390625,86.66992,0.0,0.0,9.145728,6.8951216,47.998314,60.79664,Concentrate,3,0
144.7953,10.001,115.02665,9.850228,75.2074,10.062558,34.550278,10.049079,0.4798531,0.06644849,0.5678637,0.03914979,119.388084,7.954467,0.29296875,85.791016,0.0,0.0,8.936761,6.7469416,42.92798,64.00704,Concentrate,3,0
144.95457,9.959274,115.112175,9.829807,75.095375,10.021549,34.66906,11.3920765,0.48125172,0.065756805,0.56850827,0.038988896,119.47314,7.8840885,0.43945312,85.913086,0.0,0.0,8.823477,6.7796917,51.635212,65.514465,Concentrate,3,0
145.05716,10.202674,115.061195,9.909679,74.995316,9.909219,34.474495,8.786005,0.48219776,0.06541634,0.56890285,0.03993689,119.46248,8.021741,0.48828125,86.52344,0.0,0.0,9.042231,6.9821177,46.52381,63.7482,Concentrate,3,0
144.73022,10.1573925,114.97366,9.936377,75.02966,10.101908,34.630974,10.048032,0.48083794,0.066658586,0.567607,0.039774377,119.31726,8.072704,0.36621094,86.88965,0.0,0.0,9.049378,6.791523,49.712627,73.321075,Concentrate,3,0
145.06262,10.11848,115.10754,9.868949,75.398415,10.108659,34.44947,10.016721,0.47959638,0.0657931,0.56892216,0.039597165,119.53727,8.03054,0.34179688,86.71875,0.0,0.0,9.063206,6.844823,41.92062,68.01578,Concentrate,3,0
