sample_id,feed_type,dry_matter_pct,moisture_pct,crude_protein_pct,ndf_pct,adf_pct,r_800nm,r_810nm,r_820nm,r_830nm,r_840nm,r_850nm,r_860nm,r_870nm,r_880nm,r_890nm,r_900nm,r_910nm,r_920nm,r_930nm,r_940nm,r_950nm,r_960nm,r_970nm,r_980nm,r_990nm,r_1000nm,r_1010nm,r_1020nm,r_1030nm,r_1040nm,r_1050nm
CAL-MAI-0001,Maize Silage,35.26,64.74,7.97,47.7,27.51,0.39701,0.42033,0.45599,0.49603,0.51266,0.48152,0.44809,0.42479,0.40403,0.44858,0.4963,0.54369,0.57874,0.5403,0.51719,0.47577,0.46034,0.44022,0.4773,0.50845,0.53899,0.54642,0.55044,0.55131,0.547,0.54843
CAL-MAI-0002,Maize Silage,33.48,66.52,8.39,44.57,27.02,0.42607,0.44212,0.46973,0.50956,0.53008,0.50014,0.45933,0.42918,0.41166,0.4511,0.49529,0.54703,0.57488,0.56007,0.52802,0.48847,0.44302,0.41654,0.44973,0.4972,0.52648,0.53022,0.53532,0.52802,0.53044,0.52227
CAL-MAI-0003,Maize Silage,34.91,65.09,9.27,47.62,27.29,0.42234,0.44173,0.47542,0.512,0.52372,0.49387,0.45424,0.43298,0.41165,0.45302,0.48471,0.53619,0.56732,0.54182,0.51385,0.47022,0.45122,0.43089,0.45818,0.4997,0.52656,0.52445,0.52559,0.52521,0.52888,0.52632
CAL-MAI-0004,Maize Silage,34.3,65.7,7.45,43.31,24.12,0.40613,0.4312,0.45815,0.5006,0.53444,0.50034,0.46449,0.42241,0.40547,0.44411,0.50031,0.55471,0.57788,0.56621,0.53649,0.49486,0.44711,0.43254,0.4616,0.50635,0.53659,0.55165,0.54699,0.54551,0.54054,0.54153
CAL-MAI-0005,Maize Silage,36.59,63.41,9.09,49.13,24.32,0.41851,0.43762,0.46919,0.5062,0.53933,0.50672,0.46294,0.42714,0.4111,0.45263,0.49322,0.54594,0.56841,0.53238,0.49892,0.46608,0.46414,0.4453,0.47468,0.49935,0.53294,0.52818,0.5272,0.52453,0.52458,0.52811
CAL-MAI-0006,Maize Silage,38.92,61.08,8.9,48.17,25.35,0.40416,0.4258,0.4575,0.50705,0.52218,0.49814,0.4539,0.42739,0.40673,0.44609,0.48638,0.53552,0.5698,0.5393,0.50797,0.4688,0.48932,0.47452,0.50124,0.50603,0.53823,0.54154,0.53927,0.53836,0.54462,0.54357
CAL-MAI-0007,Maize Silage,34.96,65.04,7.82,43.46,28.58,0.42087,0.4355,0.46523,0.51111,0.51385,0.48483,0.44979,0.42692,0.40843,0.4483,0.49995,0.5535,0.5799,0.56579,0.52805,0.4944,0.45234,0.43156,0.46292,0.50124,0.53533,0.53581,0.54022,0.53902,0.53298,0.53731
CAL-MAI-0008,Maize Silage,37.84,62.16,8.68,44.81,25.76,0.40603,0.42701,0.4544,0.4991,0.52204,0.50008,0.45933,0.42097,0.40385,0.44149,0.48652,0.54042,0.57427,0.55536,0.52676,0.48346,0.48037,0.45885,0.49163,0.50501,0.53853,0.53558,0.53763,0.5496,0.53966,0.5414
CAL-MAI-0009,Maize Silage,41.76,58.24,7.86,45.46,26.61,0.41566,0.42827,0.46126,0.50509,0.52278,0.4911,0.45259,0.42168,0.40585,0.44653,0.49816,0.54656,0.58041,0.5571,0.52529,0.48664,0.51093,0.49153,0.52013,0.5059,0.53543,0.54932,0.54852,0.54572,0.53648,0.53619
CAL-MAI-0010,Maize Silage,35.16,64.84,9.18,42.71,27.49,0.4075,0.42392,0.45694,0.50026,0.51517,0.48524,0.44692,0.42315,0.40547,0.45053,0.47569,0.53379,0.56613,0.56889,0.53799,0.49495,0.46012,0.44543,0.46675,0.5098,0.53733,0.53655,0.53468,0.53795,0.54665,0.54561
CAL-MAI-0011,Maize Silage,37.44,62.56,9.15,49.69,26.76,0.44081,0.45597,0.4856,0.52184,0.5428,0.50483,0.46924,0.43749,0.42011,0.45739,0.49562,0.54088,0.5625,0.53163,0.49684,0.45734,0.47295,0.44886,0.47339,0.48743,0.5191,0.51143,0.5116,0.51308,0.5166,0.5135
CAL-MAI-0012,Maize Silage,35.26,64.74,8.86,47.03,28.52,0.40318,0.42845,0.46284,0.49718,0.5175,0.48503,0.44731,0.42361,0.40861,0.45023,0.488,0.53885,0.56981,0.5437,0.51669,0.47753,0.46021,0.44291,0.46759,0.50515,0.54082,0.5346,0.53521,0.53913,0.54231,0.54067
CAL-MAI-0013,Maize Silage,36.64,63.36,9.47,47.31,29.59,0.41282,0.42795,0.4693,0.50364,0.51189,0.48602,0.43781,0.42336,0.40283,0.44578,0.48327,0.53405,0.56383,0.54048,0.50832,0.47593,0.46756,0.45088,0.48213,0.50383,0.53622,0.53044,0.53186,0.52869,0.5355,0.53715
CAL-MAI-0014,Maize Silage,33.52,66.48,9.22,45.67,25.92,0.43714,0.4475,0.47841,0.51669,0.53366,0.50746,0.47057,0.43559,0.41587,0.45737,0.49274,0.53738,0.57048,0.55235,0.51839,0.47795,0.43358,0.41419,0.44461,0.49479,0.52637,0.51297,0.51713,0.51166,0.51795,0.51496
CAL-MAI-0015,Maize Silage,36.82,63.18,8.32,45.13,24.5,0.42698,0.44951,0.47694,0.51778,0.54358,0.51574,0.47004,0.4295,0.41642,0.45151,0.49997,0.54706,0.5748,0.55603,0.53012,0.48978,0.46627,0.44583,0.47786,0.49281,0.52564,0.52723,0.52754,0.52338,0.51701,0.51484
CAL-MAI-0016,Maize Silage,33.35,66.65,8.57,50.07,27.76,0.40963,0.43416,0.46249,0.50346,0.51883,0.49073,0.44845,0.4299,0.40388,0.44792,0.49864,0.54212,0.57635,0.5312,0.50327,0.46195,0.44241,0.42118,0.45541,0.50134,0.53649,0.53999,0.53843,0.53707,0.53825,0.53656
CAL-MAI-0017,Maize Silage,29.92,70.08,8.53,42.22,23.86,0.41245,0.43198,0.45806,0.49665,0.52216,0.50036,0.47018,0.42618,0.40413,0.44814,0.48567,0.5404,0.57252,0.57012,0.54368,0.50327,0.41864,0.3955,0.43119,0.51094,0.53407,0.53713,0.54473,0.54108,0.54492,0.54031
CAL-MAI-0018,Maize Silage,34.83,65.17,9.01,49.33,25.56,0.42543,0.44625,0.47829,0.51158,0.5397,0.50551,0.46991,0.42645,0.41061,0.44725,0.48711,0.53967,0.56773,0.53326,0.50288,0.46331,0.44729,0.43178,0.46098,0.49686,0.52671,0.52383,0.52838,0.52136,0.52148,0.51948
CAL-MAI-0019,Maize Silage,31.39,68.61,8.09,46.06,26.6,0.41827,0.43597,0.47112,0.51079,0.52623,0.49491,0.45866,0.42974,0.40498,0.44927,0.49752,0.54419,0.5776,0.54642,0.52494,0.48483,0.42488,0.40688,0.42871,0.49751,0.53025,0.53304,0.53855,0.54255,0.5282,0.52937
CAL-MAI-0020,Maize Silage,38.53,61.47,7.82,46.7,28.83,0.40344,0.42548,0.45898,0.49962,0.51362,0.48283,0.43771,0.42644,0.40409,0.45057,0.49557,0.54648,0.58094,0.55026,0.52025,0.47477,0.48709,0.4633,0.49804,0.50177,0.5383,0.54232,0.54182,0.54874,0.54141,0.53977
CAL-MAI-0021,Maize Silage,33.4,66.6,8.83,46.74,25.17,0.40663,0.4248,0.45635,0.50285,0.52054,0.48761,0.46086,0.43114,0.40346,0.44005,0.48586,0.53711,0.56858,0.54456,0.52082,0.48184,0.44084,0.42861,0.46385,0.5082,0.53786,0.53945,0.5429,0.53705,0.54409,0.54361
CAL-MAI-0022,Maize Silage,34.06,65.94,10.13,43.99,26.98,0.41596,0.43279,0.46633,0.50984,0.5221,0.4884,0.45382,0.42509,0.40717,0.44836,0.47054,0.52121,0.5579,0.55967,0.52394,0.49439,0.44873,0.42618,0.45477,0.50511,0.53405,0.53121,0.52572,0.52602,0.5341,0.53745
CAL-MAI-0023,Maize Silage,37.63,62.37,8.38,45.33,25.38,0.43065,0.45211,0.47558,0.51502,0.53945,0.50711,0.47004,0.42689,0.4105,0.44997,0.48887,0.54227,0.57176,0.55342,0.5267,0.48196,0.46962,0.45188,0.48454,0.49277,0.5223,0.52896,0.52596,0.52791,0.52234,0.52382
CAL-MAI-0024,Maize Silage,34.47,65.53,8.63,43.77,23.75,0.43694,0.45264,0.47943,0.52102,0.55288,0.51147,0.47263,0.43378,0.41974,0.45501,0.49696,0.54005,0.56892,0.56291,0.53055,0.49083,0.44503,0.42524,0.45369,0.4946,0.52349,0.5162,0.51313,0.52169,0.51987,0.51206
CAL-MAI-0025,Maize Silage,34.75,65.25,9.54,49.8,26.87,0.41879,0.43723,0.46995,0.50903,0.52379,0.50299,0.46221,0.43337,0.4072,0.45254,0.48445,0.53387,0.5663,0.53393,0.50426,0.46395,0.45303,0.42666,0.46227,0.49838,0.52622,0.5299,0.53005,0.52895,0.53085,0.53415
CAL-MAI-0026,Maize Silage,35.01,64.99,7.93,46.99,26.19,0.40729,0.43175,0.46237,0.5087,0.52634,0.49439,0.45581,0.42626,0.40622,0.44429,0.49653,0.54545,0.57464,0.54792,0.51826,0.47243,0.45615,0.44021,0.47111,0.50765,0.5354,0.53957,0.53956,0.54455,0.53923,0.54266
CAL-MAI-0027,Maize Silage,34.17,65.83,7.8,45.56,26.43,0.422,0.44067,0.47295,0.51047,0.52859,0.5012,0.45885,0.43188,0.41176,0.44731,0.49903,0.55458,0.57657,0.54674,0.51729,0.48276,0.44672,0.42606,0.45985,0.49062,0.52962,0.53988,0.5316,0.53364,0.52534,0.52471
CAL-MAI-0028,Maize Silage,38.07,61.93,10.27,45.53,28.96,0.42336,0.44826,0.47245,0.51287,0.52188,0.50006,0.45282,0.42931,0.41408,0.44983,0.47448,0.52842,0.55552,0.55406,0.52301,0.48372,0.47891,0.45157,0.48912,0.49536,0.52372,0.51732,0.51749,0.5149,0.5295,0.52272
CAL-MAI-0029,Maize Silage,33.04,66.96,8.76,46.76,24.59,0.41834,0.43666,0.46111,0.50121,0.53341,0.50309,0.46374,0.42823,0.4093,0.45177,0.48627,0.5364,0.56694,0.54823,0.52141,0.47668,0.43187,0.41457,0.44749,0.50032,0.53107,0.53298,0.53224,0.53663,0.5315,0.53124
CAL-MAI-0030,Maize Silage,30.66,69.34,9.11,46.41,25.88,0.42416,0.43758,0.47567,0.50886,0.52664,0.50073,0.45734,0.42748,0.41097,0.4515,0.48489,0.53977,0.57033,0.55331,0.52064,0.48319,0.41381,0.39855,0.42695,0.50067,0.52865,0.52773,0.53392,0.52782,0.5318,0.52991
CAL-MAI-0031,Maize Silage,34.52,65.48,9.16,48.53,28.57,0.40799,0.42987,0.45568,0.49991,0.51414,0.48495,0.44402,0.42697,0.40682,0.44998,0.48469,0.53379,0.5669,0.53007,0.51105,0.45999,0.44857,0.43613,0.46724,0.50324,0.53562,0.5404,0.53587,0.54508,0.54189,0.54416
CAL-MAI-0032,Maize Silage,34.83,65.17,8.0,45.98,26.05,0.40407,0.42835,0.45783,0.50378,0.52227,0.49226,0.45374,0.42546,0.40759,0.44369,0.49253,0.54991,0.57631,0.54732,0.52385,0.48485,0.45134,0.43757,0.47003,0.50728,0.539,0.53945,0.5456,0.54465,0.53944,0.54445
CAL-MAI-0033,Maize Silage,38.99,61.01,9.85,45.98,26.63,0.41902,0.43735,0.46764,0.50998,0.52548,0.49373,0.45494,0.43046,0.40883,0.4501,0.48084,0.52796,0.56162,0.55237,0.51779,0.48608,0.4853,0.4621,0.49419,0.49864,0.53212,0.52404,0.52412,0.52725,0.53404,0.53423
CAL-MAI-0034,Maize Silage,36.04,63.96,7.11,45.47,22.83,0.40055,0.42199,0.45671,0.4987,0.53039,0.49984,0.46437,0.41981,0.40295,0.44748,0.50128,0.55693,0.58811,0.55156,0.52891,0.48965,0.46811,0.44708,0.47835,0.50856,0.54336,0.55224,0.55798,0.55451,0.54738,0.54989
CAL-MAI-0035,Maize Silage,31.06,68.94,9.98,46.5,26.72,0.41947,0.44052,0.4688,0.51369,0.52556,0.5004,0.45514,0.42943,0.40647,0.45112,0.48238,0.52789,0.5576,0.54519,0.51792,0.4739,0.41996,0.40345,0.4368,0.50889,0.52877,0.52666,0.52316,0.52204,0.53211,0.53107
CAL-MAI-0036,Maize Silage,33.48,66.52,7.68,43.11,27.08,0.41854,0.43763,0.46949,0.5119,0.52619,0.49373,0.45943,0.43446,0.41126,0.45274,0.50478,0.5545,0.583,0.56726,0.53707,0.49227,0.44411,0.41799,0.44973,0.50424,0.5329,0.54272,0.53749,0.5349,0.52986,0.53094
CAL-MAI-0037,Maize Silage,37.33,62.67,8.51,46.9,24.62,0.41757,0.43653,0.46457,0.50642,0.53281,0.50285,0.46928,0.42804,0.40791,0.44265,0.48945,0.54165,0.57068,0.55078,0.51644,0.4811,0.47392,0.45415,0.48407,0.50198,0.53743,0.52764,0.52889,0.53357,0.53353,0.53586
CAL-MAI-0038,Maize Silage,33.54,66.46,9.62,48.26,26.38,0.4217,0.43972,0.46732,0.51119,0.52842,0.49819,0.4627,0.42212,0.40532,0.44611,0.48052,0.53094,0.55728,0.53679,0.50726,0.47731,0.44805,0.42151,0.45175,0.49717,0.52499,0.52475,0.5222,0.52504,0.52629,0.5289
CAL-MAI-0039,Maize Silage,35.42,64.58,9.13,43.56,27.38,0.39935,0.42511,0.45464,0.492,0.51151,0.48502,0.44722,0.42155,0.40802,0.44791,0.48224,0.53672,0.57173,0.56982,0.53171,0.49408,0.46689,0.44072,0.47139,0.50803,0.54221,0.53977,0.53958,0.54097,0.54466,0.54561
CAL-MAI-0040,Maize Silage,35.24,64.76,9.51,45.22,25.82,0.40544,0.42062,0.45544,0.49513,0.51592,0.49008,0.45863,0.4244,0.4094,0.44776,0.48277,0.52871,0.56398,0.55757,0.52465,0.48905,0.46112,0.43877,0.46804,0.5029,0.53771,0.53446,0.53209,0.53554,0.54313,0.54427
CAL-MAI-0041,Maize Silage,37.69,62.31,8.0,49.57,25.3,0.41084,0.42889,0.45844,0.49523,0.52431,0.49113,0.45969,0.42914,0.40318,0.44746,0.49338,0.54465,0.57984,0.53354,0.50986,0.46418,0.48198,0.46026,0.49334,0.50505,0.53723,0.54362,0.54244,0.54792,0.54326,0.54408
CAL-MAI-0042,Maize Silage,38.12,61.88,8.5,46.95,25.16,0.43675,0.45354,0.48887,0.52376,0.54443,0.51733,0.4659,0.43129,0.41839,0.45485,0.49709,0.54102,0.5736,0.55161,0.51674,0.47344,0.473,0.4518,0.47526,0.4921,0.52253,0.51603,0.51744,0.51462,0.51176,0.51349
CAL-MAI-0043,Maize Silage,36.04,63.96,9.4,45.7,22.38,0.41,0.43725,0.45578,0.50363,0.53658,0.51309,0.46921,0.42813,0.40917,0.45355,0.48196,0.53426,0.55923,0.55636,0.52107,0.48223,0.46418,0.44012,0.47606,0.50655,0.53509,0.52578,0.53074,0.53389,0.53082,0.53379
CAL-MAI-0044,Maize Silage,35.18,64.82,9.13,49.92,26.8,0.41508,0.44179,0.46357,0.50237,0.52378,0.49437,0.45202,0.42387,0.41445,0.44905,0.48313,0.53862,0.5661,0.53092,0.50392,0.45891,0.45839,0.44362,0.46983,0.50246,0.53262,0.53115,0.53217,0.53235,0.53909,0.5317
CAL-MAI-0045,Maize Silage,33.55,66.45,9.1,43.95,28.09,0.43871,0.45665,0.47803,0.52386,0.53342,0.49619,0.45974,0.43768,0.41706,0.45472,0.49085,0.5432,0.57126,0.55207,0.52852,0.48778,0.43296,0.4173,0.44957,0.48896,0.52203,0.51496,0.5145,0.51975,0.5146,0.51642
CAL-MAI-0046,Maize Silage,39.16,60.84,9.28,45.84,26.96,0.42306,0.45026,0.47515,0.51493,0.53003,0.49918,0.46242,0.43398,0.41458,0.45202,0.48818,0.5348,0.57216,0.54683,0.52473,0.48447,0.48265,0.47131,0.49702,0.49912,0.52571,0.52102,0.52046,0.52167,0.5275,0.52325
CAL-MAI-0047,Maize Silage,36.56,63.44,9.54,47.51,27.22,0.40079,0.42029,0.45194,0.49111,0.51373,0.48424,0.44464,0.41304,0.39964,0.44821,0.47696,0.5315,0.55772,0.54851,0.51523,0.478,0.47862,0.45766,0.48366,0.50779,0.54006,0.53888,0.53851,0.53911,0.55133,0.54805
CAL-MAI-0048,Maize Silage,34.73,65.27,10.23,46.91,27.54,0.42881,0.44754,0.48061,0.52131,0.53181,0.49695,0.45585,0.43055,0.40865,0.4534,0.48129,0.527,0.54938,0.54542,0.51462,0.48052,0.44437,0.42669,0.4621,0.49564,0.5251,0.51288,0.51264,0.51311,0.51747,0.52165
CAL-MAI-0049,Maize Silage,35.32,64.68,8.94,44.97,26.07,0.42065,0.4391,0.47106,0.5086,0.53282,0.4982,0.46358,0.42756,0.40921,0.44883,0.49305,0.53986,0.56804,0.55756,0.51954,0.48553,0.46185,0.43606,0.46566,0.50033,0.53117,0.52129,0.52204,0.52751,0.52554,0.53141
CAL-MAI-0050,Maize Silage,29.66,70.34,7.79,40.7,25.75,0.41627,0.43582,0.47058,0.51119,0.52874,0.4931,0.46161,0.43027,0.40979,0.45206,0.49602,0.55579,0.57714,0.57987,0.54281,0.50534,0.41674,0.39167,0.42522,0.50236,0.53158,0.54334,0.5388,0.53442,0.5305,0.53482
CAL-MAI-0051,Maize Silage,30.58,69.42,8.22,45.04,25.55,0.40636,0.42936,0.45982,0.50508,0.52815,0.49605,0.45607,0.42623,0.40412,0.44389,0.49107,0.54275,0.57192,0.55668,0.52915,0.48296,0.4214,0.40143,0.43387,0.50491,0.53135,0.53674,0.54138,0.54514,0.53211,0.54055
CAL-MAI-0052,Maize Silage,34.12,65.88,9.24,44.79,25.92,0.41716,0.43482,0.47452,0.50858,0.53072,0.49777,0.45754,0.43037,0.40854,0.4517,0.48736,0.5368,0.56639,0.56168,0.52359,0.48646,0.44977,0.43001,0.45179,0.49801,0.53286,0.52707,0.52597,0.52457,0.52699,0.52885
CAL-MAI-0053,Maize Silage,34.39,65.61,8.86,44.84,26.9,0.44806,0.45244,0.48719,0.5224,0.54167,0.50853,0.46914,0.44202,0.41753,0.4588,0.4862,0.54646,0.57127,0.55924,0.5208,0.48043,0.44418,0.42214,0.4515,0.49321,0.51312,0.51935,0.51491,0.51273,0.50782,0.5122
CAL-MAI-0054,Maize Silage,36.12,63.88,7.61,46.31,25.92,0.41991,0.43615,0.46489,0.50574,0.53209,0.50016,0.45769,0.42771,0.404,0.45016,0.49594,0.55376,0.58218,0.55677,0.5166,0.47988,0.46937,0.44784,0.47246,0.50254,0.53217,0.54165,0.539,0.54111,0.52852,0.53401
CAL-MAI-0055,Maize Silage,33.93,66.07,7.51,48.18,26.65,0.41593,0.43742,0.46391,0.50548,0.52491,0.50036,0.45491,0.43109,0.4077,0.45021,0.50212,0.55531,0.58124,0.53547,0.5062,0.4689,0.44223,0.42736,0.45489,0.50811,0.52592,0.54094,0.5371,0.53916,0.53217,0.52492
CAL-MAI-0056,Maize Silage,39.26,60.74,8.44,46.72,27.64,0.41219,0.43153,0.45703,0.50636,0.51854,0.48642,0.45043,0.42503,0.40578,0.44977,0.48815,0.54589,0.56914,0.54571,0.52405,0.48225,0.4904,0.46787,0.49969,0.50402,0.5345,0.53724,0.53801,0.53804,0.53241,0.53577
CAL-MAI-0057,Maize Silage,31.08,68.92,8.65,44.56,26.27,0.42857,0.45339,0.4797,0.51346,0.53796,0.50285,0.46266,0.43522,0.41203,0.4554,0.49114,0.54083,0.56994,0.55611,0.53033,0.48814,0.42504,0.40593,0.42526,0.49515,0.52063,0.52211,0.52177,0.51971,0.51789,0.51983
CAL-MAI-0058,Maize Silage,36.61,63.39,8.07,51.82,25.42,0.4214,0.4372,0.47611,0.51426,0.5344,0.49938,0.46396,0.42716,0.41481,0.45276,0.49787,0.54018,0.57444,0.52392,0.4954,0.45499,0.46173,0.44732,0.47937,0.49441,0.52927,0.53516,0.53334,0.52859,0.52793,0.52783
CAL-MAI-0059,Maize Silage,33.09,66.91,8.45,46.12,26.76,0.4261,0.44522,0.47616,0.50956,0.53354,0.50155,0.46111,0.43597,0.40666,0.44604,0.49577,0.54436,0.57433,0.54873,0.52155,0.48179,0.43822,0.41542,0.43932,0.49866,0.52946,0.52965,0.52452,0.52861,0.52613,0.52767
CAL-MAI-0060,Maize Silage,33.93,66.07,9.4,46.31,24.42,0.43242,0.45202,0.47965,0.51915,0.54353,0.51784,0.46981,0.43316,0.41406,0.45577,0.48176,0.53143,0.55836,0.54908,0.51473,0.47604,0.44433,0.41952,0.45125,0.49329,0.52531,0.51964,0.51525,0.51592,0.52285,0.52
CAL-MAI-0061,Maize Silage,36.14,63.86,7.93,49.03,27.64,0.41267,0.43293,0.46249,0.50581,0.51717,0.48964,0.45221,0.42471,0.4052,0.44412,0.49384,0.54221,0.58054,0.54163,0.51113,0.46264,0.46758,0.45033,0.47535,0.50457,0.52889,0.54245,0.53911,0.54356,0.53286,0.53982
CAL-MAI-0062,Maize Silage,32.54,67.46,7.89,41.89,25.7,0.41004,0.42779,0.46446,0.50241,0.52278,0.49501,0.46054,0.42819,0.40665,0.44956,0.49397,0.54821,0.57921,0.57048,0.54385,0.50086,0.43817,0.41895,0.4392,0.50784,0.52579,0.5401,0.54569,0.54232,0.53316,0.53493
CAL-MAI-0063,Maize Silage,29.7,70.3,9.7,46.09,24.31,0.43246,0.45002,0.48454,0.523,0.54166,0.51447,0.47195,0.44013,0.41107,0.45879,0.48371,0.52919,0.5595,0.54758,0.51502,0.47799,0.40391,0.37991,0.41418,0.4872,0.51922,0.51129,0.51026,0.51774,0.51709,0.51652
CAL-MAI-0064,Maize Silage,32.87,67.13,8.97,44.15,27.46,0.41841,0.441,0.46994,0.51203,0.524,0.49495,0.45489,0.42868,0.41218,0.45128,0.48842,0.53723,0.57075,0.55946,0.52908,0.49016,0.44145,0.41217,0.44834,0.49327,0.52944,0.53215,0.52873,0.52761,0.52646,0.52808
CAL-MAI-0065,Maize Silage,32.54,67.46,8.57,46.6,24.95,0.40486,0.42422,0.46049,0.50197,0.52665,0.49987,0.45825,0.42558,0.40633,0.44616,0.48818,0.54743,0.57045,0.54653,0.52084,0.48132,0.43363,0.42223,0.4496,0.50328,0.5412,0.54215,0.5375,0.54764,0.54368,0.54269
CAL-MAI-0066,Maize Silage,34.9,65.1,8.78,44.88,26.97,0.42938,0.44736,0.47431,0.51644,0.53171,0.49728,0.45623,0.4352,0.40506,0.45284,0.49038,0.5451,0.56906,0.55826,0.52446,0.48535,0.45317,0.42893,0.46268,0.49288,0.52611,0.52752,0.52609,0.52922,0.52039,0.51791
CAL-MAI-0067,Maize Silage,36.15,63.85,9.2,46.4,24.42,0.42258,0.43658,0.47371,0.51878,0.53802,0.50865,0.4654,0.42469,0.40829,0.4468,0.48173,0.54122,0.56685,0.55011,0.51802,0.4784,0.46603,0.44301,0.47468,0.49927,0.52881,0.5228,0.52107,0.5262,0.52992,0.52587
CAL-MAI-0068,Maize Silage,34.63,65.37,7.08,44.37,26.71,0.42954,0.44425,0.47751,0.51943,0.53558,0.5023,0.46051,0.4318,0.41442,0.45293,0.51081,0.55865,0.59004,0.5591,0.5305,0.49009,0.44632,0.42263,0.46202,0.49641,0.51983,0.53423,0.53802,0.5342,0.52076,0.52582
CAL-MAI-0069,Maize Silage,32.5,67.5,8.97,46.98,26.84,0.42018,0.43825,0.46932,0.50728,0.52547,0.49581,0.45634,0.43119,0.41075,0.44942,0.48537,0.53821,0.56812,0.54678,0.52302,0.47503,0.43602,0.41816,0.44545,0.50834,0.5304,0.53152,0.52836,0.52991,0.5331,0.53509
CAL-MAI-0070,Maize Silage,37.65,62.35,8.72,45.54,30.16,0.42611,0.44238,0.47206,0.51092,0.51994,0.48564,0.44672,0.43198,0.41397,0.44884,0.48852,0.54202,0.57276,0.55412,0.5203,0.48437,0.47157,0.45184,0.48018,0.50134,0.52894,0.52899,0.53053,0.53483,0.52034,0.52286
CAL-MAI-0071,Maize Silage,32.37,67.63,7.94,45.6,24.28,0.42532,0.44413,0.47507,0.5148,0.54204,0.50877,0.47591,0.4326,0.40597,0.4482,0.49426,0.54919,0.57843,0.55142,0.52851,0.48378,0.43395,0.40864,0.43809,0.49787,0.52793,0.52753,0.53221,0.53245,0.52538,0.52324
CAL-MAI-0072,Maize Silage,34.06,65.94,8.87,47.41,27.72,0.42774,0.44656,0.47855,0.51838,0.52807,0.50106,0.46094,0.43767,0.41844,0.44981,0.49104,0.54034,0.56932,0.54166,0.50846,0.47251,0.44174,0.42362,0.45029,0.49222,0.52553,0.52408,0.52468,0.52881,0.5229,0.52283
CAL-MAI-0073,Maize Silage,31.28,68.72,10.07,44.35,24.53,0.41878,0.43871,0.46636,0.50824,0.5392,0.50318,0.46151,0.43234,0.41108,0.44783,0.47237,0.52497,0.55713,0.56278,0.52626,0.4892,0.4266,0.39752,0.43785,0.49703,0.53166,0.52263,0.52523,0.52372,0.52389,0.52875
CAL-MAI-0074,Maize Silage,34.01,65.99,9.18,47.78,27.01,0.42277,0.4376,0.4715,0.51384,0.5254,0.50029,0.46085,0.43188,0.40204,0.44712,0.49252,0.53495,0.56036,0.54568,0.51174,0.47474,0.44598,0.42625,0.45569,0.50032,0.53478,0.52792,0.51999,0.5258,0.53028,0.5302
CAL-MAI-0075,Maize Silage,37.41,62.59,9.54,51.35,24.97,0.43754,0.45662,0.48455,0.52182,0.53918,0.51464,0.47552,0.43691,0.42267,0.45538,0.49026,0.53565,0.56582,0.52435,0.49609,0.45063,0.46945,0.44753,0.47404,0.4913,0.52526,0.51103,0.51157,0.51256,0.51588,0.51097
CAL-MAI-0076,Maize Silage,35.79,64.21,7.02,49.14,26.35,0.44049,0.45339,0.48004,0.52408,0.54078,0.508,0.46833,0.446,0.4188,0.45805,0.51379,0.56429,0.58789,0.52844,0.50264,0.46424,0.45253,0.43351,0.46056,0.49541,0.52175,0.53249,0.531,0.52762,0.5145,0.50895
CAL-MAI-0077,Maize Silage,34.88,65.12,9.06,48.62,28.46,0.43758,0.44885,0.47975,0.52122,0.53692,0.50273,0.46062,0.4345,0.41198,0.45597,0.48668,0.53824,0.56758,0.54217,0.5053,0.45802,0.45091,0.42627,0.45747,0.49305,0.52146,0.5218,0.51381,0.51582,0.52021,0.51529
CAL-MAI-0078,Maize Silage,36.17,63.83,9.7,46.11,23.16,0.42717,0.43967,0.47517,0.51118,0.54172,0.51347,0.47384,0.43029,0.41359,0.45008,0.48497,0.53247,0.55912,0.54765,0.5149,0.48031,0.46089,0.43443,0.46954,0.49467,0.53169,0.51516,0.51554,0.52279,0.52942,0.52271
CAL-MAI-0079,Maize Silage,36.04,63.96,6.94,42.48,25.68,0.4185,0.43303,0.46514,0.50873,0.53382,0.49626,0.45843,0.43276,0.40322,0.45136,0.50433,0.55819,0.58764,0.56598,0.5364,0.50067,0.46703,0.44415,0.47524,0.50491,0.53078,0.54943,0.55017,0.55601,0.53453,0.53478
CAL-MAI-0080,Maize Silage,36.55,63.45,8.37,45.39,26.91,0.41976,0.44083,0.47215,0.51469,0.52646,0.49257,0.45217,0.42721,0.40687,0.45016,0.49116,0.54244,0.57205,0.55262,0.52773,0.48557,0.4658,0.44419,0.4741,0.49982,0.53041,0.52875,0.5314,0.52502,0.52857,0.53005
CAL-MAI-0081,Maize Silage,39.04,60.96,8.1,46.63,26.05,0.42451,0.44408,0.47436,0.5162,0.53762,0.5031,0.46516,0.43001,0.41403,0.44906,0.50128,0.55426,0.57688,0.54106,0.5156,0.48056,0.48664,0.46535,0.49724,0.49895,0.53077,0.53442,0.53584,0.53197,0.52829,0.52427
CAL-MAI-0082,Maize Silage,38.77,61.23,8.97,47.81,26.29,0.41498,0.43703,0.47157,0.50919,0.52191,0.49665,0.46291,0.42792,0.40342,0.45477,0.48967,0.53767,0.56703,0.54533,0.51072,0.47605,0.48668,0.46604,0.49601,0.50117,0.53509,0.52841,0.5264,0.53337,0.53489,0.5347
CAL-MAI-0083,Maize Silage,33.7,66.3,9.43,46.11,25.37,0.40728,0.43522,0.45489,0.50254,0.51987,0.49553,0.45549,0.41856,0.40692,0.44556,0.47505,0.5348,0.56753,0.5554,0.52295,0.48295,0.45087,0.43288,0.46218,0.5033,0.53768,0.53492,0.52912,0.5369,0.54766,0.54371
CAL-MAI-0084,Maize Silage,34.96,65.04,8.74,46.96,24.88,0.41547,0.44229,0.47274,0.50578,0.53669,0.50365,0.46506,0.43066,0.41239,0.44979,0.49449,0.54132,0.57239,0.54375,0.52286,0.47792,0.45626,0.42942,0.46191,0.50457,0.53184,0.52578,0.53477,0.53015,0.53574,0.53137
CAL-MAI-0085,Maize Silage,37.45,62.55,8.08,44.21,25.81,0.41336,0.42762,0.45733,0.50554,0.52317,0.49453,0.45087,0.42395,0.40669,0.45024,0.49304,0.55106,0.57476,0.55824,0.53564,0.49239,0.47448,0.4564,0.49165,0.50914,0.53302,0.5411,0.54223,0.53973,0.53822,0.53914
CAL-MAI-0086,Maize Silage,37.52,62.48,8.54,45.77,27.1,0.41729,0.44089,0.46894,0.50637,0.5225,0.49979,0.45505,0.4345,0.40812,0.45061,0.49962,0.53935,0.5669,0.55604,0.51977,0.48227,0.47266,0.4553,0.48172,0.49995,0.53192,0.52946,0.53047,0.5316,0.52659,0.52968
CAL-MAI-0087,Maize Silage,33.5,66.5,8.58,46.16,25.12,0.41811,0.44066,0.46528,0.50844,0.53052,0.50265,0.46657,0.42978,0.40325,0.45025,0.49508,0.54103,0.575,0.54829,0.51622,0.48141,0.43785,0.42272,0.45761,0.49633,0.52854,0.53112,0.53434,0.53375,0.53784,0.53683
CAL-MAI-0088,Maize Silage,34.86,65.14,9.11,44.48,27.39,0.41802,0.44375,0.4747,0.51166,0.52525,0.49687,0.44698,0.4315,0.41015,0.45023,0.48925,0.53679,0.56349,0.55814,0.52866,0.48869,0.45302,0.43554,0.45906,0.49982,0.53306,0.52167,0.52731,0.5249,0.52764,0.52593
CAL-MAI-0089,Maize Silage,39.1,60.9,7.79,43.86,24.15,0.41918,0.43309,0.46488,0.50423,0.5309,0.50351,0.47207,0.43154,0.40528,0.45026,0.49642,0.54407,0.58293,0.56542,0.53555,0.49149,0.48801,0.47123,0.50064,0.50194,0.52874,0.5415,0.54488,0.53853,0.53744,0.537
CAL-MAI-0090,Maize Silage,36.68,63.32,8.24,42.97,25.3,0.42626,0.44168,0.47094,0.50727,0.5409,0.50784,0.46738,0.43449,0.41302,0.45027,0.49578,0.5447,0.5836,0.56769,0.53435,0.49685,0.4634,0.45066,0.47387,0.49963,0.53104,0.5326,0.53144,0.5309,0.52652,0.52467
CAL-MAI-0091,Maize Silage,38.2,61.8,8.71,44.63,25.33,0.43563,0.45337,0.48203,0.5186,0.5432,0.50856,0.46873,0.43833,0.41706,0.45051,0.49077,0.54267,0.57654,0.55162,0.52721,0.48126,0.47424,0.45406,0.48291,0.49199,0.52263,0.52062,0.51685,0.52259,0.52092,0.5202
CAL-MAI-0092,Maize Silage,35.25,64.75,9.34,44.14,26.11,0.4082,0.43499,0.46616,0.49631,0.52964,0.49033,0.45693,0.42787,0.40289,0.44827,0.48198,0.53488,0.56483,0.56436,0.53191,0.4921,0.46247,0.44184,0.47321,0.50396,0.53373,0.5323,0.53305,0.53819,0.54346,0.54098
CAL-MAI-0093,Maize Silage,37.92,62.08,8.99,44.56,28.46,0.4138,0.43484,0.46393,0.50276,0.51205,0.48883,0.44507,0.43653,0.40457,0.44454,0.48838,0.54192,0.56801,0.56018,0.52341,0.48739,0.47583,0.45385,0.49037,0.4964,0.52964,0.53112,0.53072,0.53488,0.53645,0.5387
CAL-MAI-0094,Maize Silage,37.35,62.65,8.8,46.81,26.87,0.43831,0.45526,0.48402,0.52114,0.54035,0.50738,0.46424,0.43588,0.41281,0.45794,0.49383,0.53957,0.57316,0.54457,0.5106,0.47645,0.4662,0.44515,0.47507,0.49413,0.51933,0.51425,0.51805,0.51354,0.51921,0.51212
CAL-MAI-0095,Maize Silage,35.39,64.61,10.36,49.35,28.85,0.418,0.44371,0.46872,0.51148,0.51591,0.48771,0.44754,0.43316,0.41278,0.45113,0.4706,0.52364,0.55225,0.53681,0.50765,0.4672,0.45459,0.42855,0.46138,0.50372,0.52816,0.51614,0.52324,0.52202,0.5291,0.52806
CAL-MAI-0096,Maize Silage,35.07,64.93,10.08,47.04,27.19,0.42096,0.43415,0.47013,0.50718,0.51637,0.48773,0.45127,0.43047,0.40943,0.44984,0.48254,0.52309,0.55702,0.54679,0.51387,0.47637,0.45046,0.43969,0.46362,0.50742,0.53143,0.52585,0.52281,0.52308,0.53059,0.5329
CAL-MAI-0097,Maize Silage,32.54,67.46,8.7,44.98,29.55,0.43552,0.45916,0.48268,0.52278,0.52297,0.49433,0.45504,0.44171,0.41635,0.45857,0.49608,0.54778,0.57145,0.56264,0.52275,0.48064,0.42626,0.41562,0.43983,0.49079,0.52427,0.52203,0.5246,0.51279,0.51468,0.51282
CAL-MAI-0098,Maize Silage,37.15,62.85,8.58,47.68,29.64,0.41971,0.43944,0.471,0.51354,0.51466,0.48441,0.44941,0.43147,0.40414,0.44654,0.49682,0.54346,0.56991,0.54206,0.51255,0.47466,0.46692,0.44841,0.48169,0.4993,0.53126,0.5273,0.532,0.53414,0.53075,0.52965
CAL-MAI-0099,Maize Silage,32.41,67.59,8.74,48.72,25.92,0.40072,0.42324,0.45665,0.49625,0.52087,0.49231,0.45474,0.42696,0.40701,0.44255,0.48454,0.53836,0.56856,0.53465,0.50807,0.4693,0.43594,0.41834,0.45415,0.50924,0.54738,0.54221,0.54216,0.54437,0.54605,0.54792
CAL-MAI-0100,Maize Silage,32.39,67.61,9.49,46.62,23.74,0.41758,0.43945,0.46345,0.50638,0.53103,0.50281,0.47011,0.42652,0.40497,0.44936,0.48061,0.53115,0.56516,0.54463,0.51577,0.47933,0.43733,0.41851,0.44318,0.50527,0.53049,0.53388,0.52538,0.53315,0.53238,0.54077
CAL-MAI-0101,Maize Silage,31.96,68.04,8.38,47.76,27.68,0.41444,0.43521,0.46778,0.50633,0.51617,0.48804,0.45161,0.43129,0.41292,0.45084,0.49397,0.54578,0.57196,0.54194,0.51036,0.46951,0.43218,0.41216,0.4441,0.50442,0.53394,0.53823,0.53686,0.53865,0.53274,0.53646
CAL-MAI-0102,Maize Silage,32.83,67.17,8.84,44.95,25.31,0.41225,0.43977,0.46952,0.50829,0.5361,0.49997,0.46998,0.42739,0.40919,0.44758,0.48983,0.54157,0.56907,0.56174,0.52748,0.48792,0.4351,0.41944,0.44813,0.50045,0.53029,0.5407,0.53224,0.52901,0.53193,0.53422
CAL-MAI-0103,Maize Silage,35.89,64.11,9.34,44.91,26.61,0.41668,0.43751,0.46667,0.50591,0.53068,0.49961,0.46053,0.42981,0.41208,0.44452,0.48704,0.53504,0.56644,0.55762,0.52357,0.48209,0.45915,0.44304,0.47347,0.49625,0.52747,0.52451,0.52566,0.5227,0.52637,0.52822
CAL-MAI-0104,Maize Silage,31.55,68.45,8.71,48.32,24.15,0.43413,0.45665,0.48114,0.51949,0.55133,0.51574,0.4788,0.43778,0.41428,0.45557,0.49484,0.54576,0.56987,0.53895,0.50746,0.46858,0.41918,0.40413,0.4313,0.48838,0.52477,0.52732,0.52244,0.52254,0.51668,0.51026
CAL-MAI-0105,Maize Silage,35.14,64.86,8.33,44.37,26.01,0.42481,0.43837,0.47114,0.51678,0.52917,0.50476,0.46046,0.43294,0.41436,0.45305,0.49806,0.54164,0.5782,0.55647,0.52957,0.48933,0.45573,0.43505,0.46127,0.49441,0.53084,0.53186,0.53451,0.53069,0.52306,0.52994
CAL-MAI-0106,Maize Silage,35.36,64.64,8.28,49.49,24.79,0.41091,0.4329,0.45994,0.50486,0.53461,0.49894,0.46225,0.4182,0.40698,0.4468,0.49111,0.54746,0.57388,0.53335,0.50339,0.45942,0.4557,0.44263,0.46406,0.5019,0.53364,0.54435,0.54207,0.53874,0.54134,0.53585
CAL-MAI-0107,Maize Silage,31.1,68.9,9.66,45.39,24.56,0.42064,0.44202,0.4696,0.51265,0.5353,0.50881,0.46817,0.43039,0.40914,0.45082,0.48332,0.53775,0.56428,0.55694,0.53317,0.48535,0.42391,0.40447,0.42923,0.498,0.52771,0.52505,0.52248,0.52332,0.53207,0.5313
CAL-MAI-0108,Maize Silage,32.83,67.17,9.71,47.75,23.69,0.41764,0.43919,0.47114,0.51165,0.53952,0.51054,0.46909,0.42735,0.4087,0.44966,0.48053,0.52509,0.55967,0.54249,0.51159,0.4718,0.43846,0.41387,0.44234,0.49969,0.53314,0.52967,0.52707,0.52043,0.53061,0.53219
CAL-MAI-0109,Maize Silage,35.85,64.15,8.07,46.33,26.73,0.4302,0.44469,0.47545,0.50776,0.53086,0.50054,0.45843,0.43389,0.41261,0.44538,0.49953,0.54548,0.5791,0.5452,0.51851,0.47696,0.45953,0.43838,0.46662,0.49138,0.52094,0.52813,0.52924,0.52683,0.52477,0.52144
CAL-MAI-0110,Maize Silage,33.8,66.2,8.98,46.85,28.92,0.41832,0.44008,0.47155,0.51018,0.51745,0.48428,0.44737,0.42692,0.40494,0.4477,0.48512,0.53998,0.57001,0.54403,0.51593,0.47111,0.44286,0.42552,0.45677,0.49769,0.53296,0.52397,0.52475,0.53059,0.53472,0.53116
CAL-MAI-0111,Maize Silage,29.01,70.99,7.18,46.46,25.56,0.40082,0.42561,0.45702,0.50078,0.52177,0.49632,0.45393,0.42268,0.40748,0.44262,0.51145,0.5554,0.58669,0.55092,0.52624,0.48426,0.40572,0.39602,0.42205,0.50857,0.53568,0.55369,0.55142,0.55495,0.54374,0.55163
CAL-MAI-0112,Maize Silage,34.62,65.38,8.85,45.45,27.76,0.42144,0.44097,0.47497,0.51023,0.5249,0.49008,0.45674,0.43689,0.41304,0.45506,0.48743,0.54049,0.56676,0.55295,0.52576,0.48355,0.44601,0.42611,0.45572,0.50021,0.53474,0.53208,0.52211,0.53187,0.53058,0.52294
CAL-MAI-0113,Maize Silage,37.24,62.76,9.24,43.58,27.02,0.4085,0.43465,0.46914,0.50619,0.52138,0.49595,0.45661,0.43169,0.41079,0.45182,0.48678,0.53578,0.56566,0.56258,0.53006,0.49124,0.47249,0.45447,0.48847,0.50252,0.53606,0.53361,0.53009,0.53297,0.53395,0.53905
CAL-MAI-0114,Maize Silage,31.52,68.48,8.93,49.5,25.83,0.41853,0.43905,0.46453,0.50939,0.52499,0.49752,0.46285,0.42983,0.40807,0.45055,0.48796,0.53841,0.57057,0.53145,0.50398,0.46315,0.42222,0.40444,0.44213,0.50262,0.52772,0.52639,0.5309,0.53614,0.53203,0.53674
CAL-MAI-0115,Maize Silage,35.68,64.32,7.73,48.08,25.6,0.41154,0.42739,0.46125,0.50266,0.52403,0.49659,0.45546,0.42319,0.41084,0.45005,0.49619,0.55107,0.57802,0.53751,0.51505,0.46772,0.4653,0.44264,0.47365,0.50698,0.53837,0.54252,0.54803,0.5471,0.5364,0.54054
CAL-MAI-0116,Maize Silage,38.69,61.31,9.37,43.82,26.84,0.40261,0.42383,0.4556,0.49593,0.51328,0.48327,0.44099,0.42224,0.40338,0.44609,0.47626,0.5338,0.56963,0.56294,0.53411,0.49682,0.49521,0.46764,0.50292,0.50797,0.54032,0.53939,0.54518,0.54814,0.54969,0.54881
CAL-MAI-0117,Maize Silage,33.43,66.57,8.34,42.65,28.19,0.42253,0.44691,0.46552,0.51409,0.52158,0.49382,0.44649,0.43424,0.41223,0.44978,0.49643,0.54223,0.57282,0.56637,0.53224,0.50041,0.44513,0.41948,0.45266,0.4994,0.53121,0.53157,0.53083,0.53667,0.53015,0.53644
CAL-MAI-0118,Maize Silage,32.18,67.82,9.78,47.46,27.19,0.40825,0.42394,0.45675,0.49784,0.51135,0.48565,0.45168,0.42397,0.40045,0.44104,0.48211,0.52807,0.55763,0.54348,0.5111,0.48103,0.43459,0.4211,0.44838,0.51226,0.53996,0.53611,0.53693,0.53787,0.54514,0.54462
CAL-MAI-0119,Maize Silage,32.23,67.77,8.8,46.23,26.7,0.3977,0.42161,0.45184,0.48929,0.51333,0.48168,0.44146,0.42117,0.4039,0.4457,0.48746,0.53165,0.56504,0.55661,0.51923,0.48589,0.43568,0.41966,0.44921,0.51261,0.54302,0.54292,0.54279,0.54843,0.54569,0.55229
CAL-MAI-0120,Maize Silage,37.88,62.12,9.37,46.03,23.19,0.41379,0.44178,0.46574,0.50619,0.53961,0.5071,0.46678,0.42886,0.40652,0.44715,0.48146,0.53555,0.56347,0.55041,0.52292,0.48088,0.4768,0.45922,0.49,0.50073,0.53159,0.52516,0.5251,0.53017,0.5334,0.53361
CAL-MAI-0121,Maize Silage,34.62,65.38,9.36,48.07,27.47,0.42195,0.44624,0.47258,0.51361,0.52691,0.49663,0.4535,0.4331,0.41935,0.44951,0.48509,0.53336,0.56305,0.54519,0.50836,0.46878,0.44553,0.42784,0.45481,0.50072,0.53705,0.52347,0.51939,0.5269,0.52574,0.53164
CAL-MAI-0122,Maize Silage,32.92,67.08,8.66,47.72,25.76,0.43333,0.45304,0.47863,0.52245,0.53608,0.50892,0.47135,0.43743,0.41711,0.45395,0.4979,0.54598,0.57335,0.54461,0.5129,0.46814,0.42918,0.41329,0.44248,0.49557,0.5183,0.5182,0.52111,0.51833,0.51071,0.51631
CAL-MAI-0123,Maize Silage,32.14,67.86,9.88,49.85,24.28,0.42323,0.44401,0.47888,0.51172,0.53873,0.51447,0.46836,0.43402,0.40709,0.45067,0.47505,0.52653,0.56187,0.53143,0.50029,0.45866,0.42925,0.41048,0.44219,0.48993,0.52498,0.52004,0.51893,0.5201,0.52692,0.52487
CAL-MAI-0124,Maize Silage,33.89,66.11,9.72,44.74,26.01,0.40575,0.43106,0.45666,0.50163,0.52401,0.4913,0.45205,0.4225,0.4039,0.44842,0.47854,0.52974,0.55684,0.55501,0.53553,0.48975,0.44691,0.43471,0.46245,0.50943,0.53847,0.53268,0.53431,0.53185,0.54336,0.54569
CAL-MAI-0125,Maize Silage,34.71,65.29,6.93,46.01,30.21,0.43283,0.44698,0.48037,0.51555,0.51646,0.48866,0.44916,0.42888,0.41024,0.4529,0.50949,0.56109,0.58544,0.55267,0.51616,0.48382,0.44371,0.42476,0.45847,0.49967,0.52481,0.5378,0.53535,0.5314,0.51912,0.51613
CAL-MAI-0126,Maize Silage,35.5,64.5,7.9,46.84,24.15,0.40132,0.42053,0.45778,0.4961,0.52821,0.4938,0.4578,0.41845,0.40171,0.44373,0.49289,0.54299,0.57396,0.54057,0.51598,0.4826,0.45872,0.44098,0.48202,0.50827,0.54271,0.55152,0.55315,0.54816,0.54731,0.54472
CAL-MAI-0127,Maize Silage,30.51,69.49,7.96,44.12,23.86,0.41446,0.43844,0.46051,0.49874,0.52574,0.50249,0.46304,0.42382,0.40721,0.4485,0.49743,0.54628,0.57469,0.56279,0.5316,0.49499,0.42316,0.39729,0.42802,0.50272,0.53259,0.54466,0.54422,0.54723,0.54002,0.54022
CAL-MAI-0128,Maize Silage,35.67,64.33,8.85,49.16,26.27,0.42744,0.44517,0.47913,0.52006,0.53484,0.50825,0.45774,0.43351,0.41289,0.45016,0.49828,0.54026,0.56857,0.53494,0.49818,0.46124,0.46,0.4345,0.46323,0.49958,0.52901,0.52549,0.5219,0.52188,0.5199,0.51866
CAL-MAI-0129,Maize Silage,32.95,67.05,7.97,43.07,26.43,0.4259,0.44988,0.47236,0.51484,0.53316,0.50104,0.46362,0.43461,0.41285,0.45069,0.49824,0.5448,0.57607,0.56356,0.53164,0.49592,0.43977,0.41304,0.4462,0.4942,0.52597,0.53019,0.53365,0.52939,0.52825,0.52407
CAL-MAI-0130,Maize Silage,31.37,68.63,9.0,47.99,26.51,0.42515,0.44284,0.46776,0.50785,0.5287,0.4949,0.46104,0.43039,0.4102,0.45162,0.49283,0.5383,0.56757,0.54564,0.51414,0.4704,0.42539,0.40609,0.43671,0.49675,0.52632,0.52699,0.52688,0.52797,0.53335,0.53106
CAL-MAI-0131,Maize Silage,31.44,68.56,8.43,47.37,26.99,0.41587,0.43868,0.47495,0.50846,0.52302,0.49473,0.45569,0.42868,0.4092,0.44512,0.49041,0.54301,0.57312,0.54251,0.51383,0.4747,0.42873,0.40592,0.43757,0.49939,0.53289,0.53504,0.53667,0.53637,0.53357,0.53166
CAL-MAI-0132,Maize Silage,37.16,62.84,8.28,44.94,26.37,0.42075,0.43707,0.46936,0.50934,0.52193,0.49796,0.45818,0.4293,0.41407,0.44621,0.49264,0.53732,0.57375,0.55512,0.52481,0.48971,0.47399,0.45168,0.48038,0.50333,0.53024,0.53153,0.52888,0.53274,0.53272,0.53732
CAL-MAI-0133,Maize Silage,32.59,67.41,7.85,47.3,23.45,0.42965,0.44981,0.47803,0.51542,0.54772,0.5159,0.47241,0.43907,0.41182,0.45457,0.49382,0.55427,0.58421,0.54425,0.5152,0.47456,0.43052,0.41345,0.43875,0.49401,0.52858,0.53412,0.52844,0.52772,0.5207,0.5242
CAL-MAI-0134,Maize Silage,35.39,64.61,9.4,46.02,27.62,0.4258,0.44553,0.47271,0.51815,0.5262,0.49902,0.45722,0.42979,0.41059,0.45603,0.48597,0.5318,0.56521,0.55018,0.53044,0.4804,0.45411,0.43898,0.45866,0.49679,0.53196,0.52091,0.51552,0.51899,0.52819,0.52442
CAL-MAI-0135,Maize Silage,32.79,67.21,8.35,46.92,28.11,0.42339,0.44158,0.4662,0.50619,0.52373,0.48807,0.45141,0.43101,0.40667,0.44699,0.49424,0.54602,0.57767,0.5482,0.51658,0.4741,0.43302,0.41468,0.44742,0.50089,0.52356,0.53062,0.53657,0.53318,0.52554,0.53684
CAL-MAI-0136,Maize Silage,35.46,64.54,9.12,45.46,25.01,0.41533,0.43285,0.46319,0.50334,0.52385,0.50157,0.4561,0.42599,0.40111,0.44079,0.48555,0.53305,0.56039,0.55574,0.53136,0.49005,0.46001,0.44169,0.47521,0.50911,0.53559,0.53537,0.53705,0.5387,0.53976,0.54068
CAL-MAI-0137,Maize Silage,37.52,62.48,9.18,49.64,25.52,0.42315,0.44004,0.47837,0.50511,0.52908,0.50254,0.46261,0.43509,0.40737,0.45223,0.48932,0.53809,0.56323,0.5371,0.5067,0.46495,0.47529,0.45549,0.48471,0.50282,0.53113,0.52595,0.52549,0.52652,0.53225,0.53164
CAL-MAI-0138,Maize Silage,35.75,64.25,8.3,49.13,25.7,0.42062,0.44321,0.4661,0.50908,0.53585,0.49754,0.46596,0.43538,0.40958,0.45141,0.49876,0.54385,0.5777,0.53325,0.50368,0.46256,0.46051,0.4428,0.46862,0.49519,0.5256,0.53339,0.53759,0.53308,0.52708,0.53038
CAL-MAI-0139,Maize Silage,33.55,66.45,8.03,49.02,22.29,0.4197,0.43613,0.46651,0.51303,0.54126,0.51158,0.47345,0.43006,0.40771,0.44453,0.49453,0.55119,0.57778,0.53738,0.50545,0.46448,0.44822,0.42284,0.45229,0.50469,0.52945,0.53541,0.53744,0.53763,0.53325,0.53896
CAL-MAI-0140,Maize Silage,28.55,71.45,9.06,46.28,26.17,0.42274,0.44175,0.47152,0.51336,0.52947,0.4981,0.46985,0.42873,0.41102,0.44607,0.48814,0.53483,0.56614,0.55268,0.5208,0.48093,0.39657,0.38723,0.40798,0.50355,0.53187,0.52855,0.52409,0.52695,0.52675,0.52809
CAL-MAI-0141,Maize Silage,29.4,70.6,9.7,46.04,25.37,0.43076,0.45252,0.47777,0.51269,0.54259,0.51193,0.46878,0.43203,0.41474,0.44909,0.48043,0.53027,0.56406,0.54923,0.51797,0.48419,0.4068,0.38577,0.41265,0.49174,0.51598,0.51817,0.51561,0.51273,0.51815,0.51977
CAL-MAI-0142,Maize Silage,33.03,66.97,7.89,49.74,27.41,0.41712,0.43889,0.47273,0.51141,0.52331,0.50282,0.45762,0.43306,0.40926,0.45321,0.49869,0.54869,0.58107,0.52725,0.50663,0.46209,0.441,0.41364,0.44379,0.49458,0.52852,0.53403,0.53214,0.53019,0.52277,0.52613
CAL-MAI-0143,Maize Silage,32.79,67.21,10.04,46.04,28.01,0.41417,0.43684,0.46628,0.50169,0.52379,0.48944,0.45242,0.42588,0.40798,0.44621,0.48049,0.52805,0.55856,0.55507,0.5248,0.48397,0.43321,0.41572,0.44514,0.50438,0.53305,0.52004,0.52399,0.52041,0.53373,0.52926
CAL-MAI-0144,Maize Silage,35.44,64.56,10.33,47.9,25.47,0.42739,0.44035,0.47126,0.51475,0.52942,0.50539,0.46204,0.43248,0.40854,0.45265,0.47578,0.52953,0.55495,0.53902,0.51019,0.4665,0.4574,0.43755,0.4728,0.49557,0.52624,0.51423,0.5162,0.51631,0.5253,0.52832
CAL-MAI-0145,Maize Silage,36.97,63.03,9.23,46.18,25.63,0.42469,0.43517,0.46872,0.50578,0.53549,0.503,0.45851,0.4304,0.40984,0.44773,0.48745,0.53655,0.56624,0.5501,0.52172,0.48133,0.47063,0.44873,0.48594,0.49819,0.53284,0.52778,0.53423,0.52645,0.53017,0.52968
CAL-MAI-0146,Maize Silage,31.07,68.93,8.42,41.9,26.46,0.428,0.44427,0.48124,0.5133,0.53741,0.50215,0.4683,0.43643,0.4104,0.44991,0.49754,0.54418,0.5737,0.57496,0.53814,0.4999,0.42274,0.40155,0.42788,0.49419,0.51908,0.52305,0.52642,0.52429,0.52149,0.52362
CAL-MAI-0147,Maize Silage,33.91,66.09,8.95,44.79,28.25,0.41985,0.43822,0.47297,0.50332,0.51943,0.49078,0.44717,0.42964,0.40564,0.45127,0.49109,0.53896,0.56282,0.55426,0.52908,0.48768,0.438,0.43004,0.45695,0.49904,0.53471,0.52887,0.52906,0.53244,0.53799,0.53775
CAL-MAI-0148,Maize Silage,35.66,64.34,9.43,43.69,27.07,0.40578,0.4299,0.45923,0.50237,0.51832,0.47971,0.45043,0.42664,0.40701,0.44633,0.48619,0.53316,0.5645,0.56618,0.5351,0.49228,0.4553,0.44214,0.47682,0.50519,0.53961,0.53418,0.53856,0.53477,0.54245,0.54353
CAL-MAI-0149,Maize Silage,30.23,69.77,8.43,47.9,28.42,0.39887,0.41902,0.45392,0.496,0.50479,0.47861,0.4429,0.42606,0.40436,0.44401,0.48913,0.54272,0.57245,0.54296,0.51096,0.47978,0.41856,0.40244,0.43577,0.51734,0.54184,0.54543,0.54752,0.5559,0.54167,0.54884
CAL-MAI-0150,Maize Silage,35.98,64.02,7.92,46.12,26.2,0.42443,0.44726,0.47275,0.50982,0.53324,0.49863,0.45748,0.42555,0.40599,0.44784,0.49569,0.55001,0.57533,0.54091,0.51706,0.47863,0.45947,0.4457,0.46915,0.50166,0.52881,0.53478,0.53225,0.53443,0.52597,0.52862
CAL-MAI-0151,Maize Silage,32.14,67.86,9.59,47.05,25.43,0.40752,0.42787,0.45655,0.5004,0.52204,0.49211,0.45111,0.42324,0.40705,0.4443,0.48704,0.53317,0.56546,0.54863,0.52284,0.47595,0.42704,0.41442,0.44846,0.50717,0.53857,0.53719,0.53541,0.53769,0.53906,0.53963
CAL-MAI-0152,Maize Silage,34.75,65.25,8.3,44.96,25.13,0.42236,0.44028,0.46927,0.51283,0.53517,0.50991,0.46711,0.43277,0.40939,0.45089,0.49697,0.54767,0.57488,0.55927,0.5257,0.4877,0.44929,0.42496,0.46085,0.49984,0.52903,0.53171,0.52903,0.5273,0.52753,0.52679
CAL-MAI-0153,Maize Silage,37.27,62.73,8.09,45.03,28.55,0.42344,0.4397,0.47157,0.5111,0.51251,0.48797,0.45046,0.4293,0.41104,0.45362,0.49627,0.54399,0.57807,0.55482,0.52527,0.48479,0.47868,0.44516,0.48065,0.49955,0.52715,0.53707,0.53675,0.5341,0.52842,0.52883
CAL-MAI-0154,Maize Silage,34.3,65.7,8.65,46.7,27.23,0.41108,0.43203,0.46036,0.50862,0.52267,0.49386,0.44847,0.43305,0.40629,0.44904,0.49302,0.53792,0.56966,0.54822,0.52668,0.47943,0.45472,0.43393,0.46184,0.49975,0.53632,0.53012,0.53983,0.53605,0.52686,0.53421
CAL-MAI-0155,Maize Silage,33.91,66.09,9.37,44.5,24.14,0.42348,0.44349,0.47206,0.51649,0.5378,0.51099,0.46996,0.42696,0.40737,0.45107,0.49096,0.53646,0.55925,0.54902,0.53026,0.48747,0.44765,0.42129,0.45468,0.50062,0.52644,0.5222,0.52326,0.52452,0.52656,0.52923
CAL-MAI-0156,Maize Silage,31.18,68.82,10.38,44.99,25.25,0.42568,0.4456,0.47377,0.51441,0.53729,0.50746,0.45939,0.43823,0.41167,0.45339,0.47122,0.52348,0.5524,0.56022,0.52358,0.48715,0.41984,0.39996,0.43011,0.5008,0.52081,0.51099,0.50862,0.51073,0.52216,0.51928
CAL-MAI-0157,Maize Silage,29.46,70.54,7.99,48.6,26.71,0.42776,0.44361,0.47144,0.51205,0.53234,0.5045,0.46403,0.43506,0.41038,0.45209,0.49862,0.5484,0.58454,0.53242,0.50643,0.47019,0.40329,0.38518,0.41495,0.49559,0.52089,0.53259,0.53223,0.53118,0.52077,0.52306
CAL-MAI-0158,Maize Silage,33.67,66.33,10.52,46.39,24.32,0.4105,0.42671,0.45797,0.49925,0.52896,0.50391,0.46364,0.42715,0.40309,0.44556,0.47158,0.51968,0.55154,0.55077,0.5192,0.48173,0.45094,0.42645,0.4613,0.5069,0.53162,0.52146,0.52307,0.52381,0.53897,0.54189
CAL-MAI-0159,Maize Silage,35.27,64.73,8.44,42.04,26.21,0.40811,0.42954,0.46627,0.50463,0.5238,0.48951,0.45182,0.42445,0.40337,0.44815,0.49224,0.53886,0.57668,0.57161,0.53707,0.50306,0.46036,0.44339,0.47042,0.50871,0.53774,0.53669,0.53734,0.54591,0.5446,0.54293
CAL-MAI-0160,Maize Silage,37.14,62.86,9.35,44.38,28.7,0.42884,0.4455,0.47407,0.51627,0.51952,0.49605,0.45051,0.43429,0.41104,0.45123,0.48371,0.53492,0.57049,0.56298,0.52931,0.48759,0.47164,0.45192,0.47546,0.49601,0.52019,0.52462,0.52687,0.52034,0.51697,0.52459
CAL-MAI-0161,Maize Silage,32.84,67.16,9.3,46.71,25.37,0.43053,0.45186,0.47926,0.51616,0.54042,0.51144,0.46889,0.43125,0.41746,0.44528,0.48614,0.53462,0.56593,0.54864,0.51934,0.47282,0.435,0.41283,0.43611,0.49921,0.51819,0.51926,0.51817,0.51683,0.51703,0.52
CAL-MAI-0162,Maize Silage,34.34,65.66,8.35,44.85,26.74,0.41448,0.43092,0.46499,0.5035,0.5188,0.4914,0.45198,0.42406,0.40814,0.44825,0.48799,0.53851,0.57544,0.55468,0.52873,0.49087,0.44732,0.4276,0.46756,0.5056,0.53399,0.5363,0.53828,0.53693,0.5407,0.53642
CAL-MAI-0163,Maize Silage,33.5,66.5,7.97,45.35,22.16,0.41088,0.43143,0.46511,0.49768,0.54327,0.51295,0.47495,0.42599,0.40989,0.44313,0.49873,0.54498,0.57304,0.55124,0.52533,0.48354,0.44557,0.41972,0.44946,0.50867,0.53797,0.53865,0.54249,0.54626,0.53932,0.53921
CAL-MAI-0164,Maize Silage,32.67,67.33,8.82,46.16,25.69,0.4206,0.44184,0.47159,0.5082,0.53524,0.49977,0.4619,0.42989,0.41171,0.44414,0.49278,0.53793,0.57348,0.54867,0.51982,0.48557,0.43406,0.41847,0.44473,0.50033,0.52915,0.53117,0.52643,0.52539,0.52646,0.52853
CAL-MAI-0165,Maize Silage,36.28,63.72,9.84,44.25,25.0,0.40252,0.43397,0.45985,0.50143,0.52143,0.4965,0.45908,0.42345,0.40849,0.45325,0.47409,0.52492,0.5564,0.5651,0.53447,0.49199,0.468,0.4465,0.48267,0.50571,0.53712,0.53348,0.53214,0.53305,0.54215,0.54556
CAL-MAI-0166,Maize Silage,35.96,64.04,9.44,45.8,25.04,0.42106,0.43968,0.46497,0.50833,0.53339,0.50217,0.46822,0.43104,0.41379,0.45054,0.48364,0.53066,0.56357,0.55207,0.51801,0.48056,0.46099,0.44327,0.47349,0.49872,0.53195,0.52557,0.51758,0.5248,0.53407,0.52586
CAL-MAI-0167,Maize Silage,38.46,61.54,8.19,46.2,24.14,0.40796,0.42418,0.45592,0.5012,0.5283,0.49504,0.45708,0.42404,0.40203,0.43891,0.49254,0.53961,0.58026,0.55119,0.51929,0.48127,0.48078,0.4645,0.5022,0.5155,0.54233,0.54549,0.54583,0.54561,0.55175,0.54636
CAL-MAI-0168,Maize Silage,37.98,62.02,7.41,44.87,25.1,0.42776,0.44718,0.48571,0.51285,0.54014,0.51067,0.46817,0.43385,0.40975,0.45256,0.50706,0.55587,0.58596,0.56058,0.52851,0.48527,0.47211,0.45319,0.48369,0.49659,0.52376,0.5315,0.5301,0.52807,0.52193,0.51759
CAL-MAI-0169,Maize Silage,33.52,66.48,7.73,46.96,27.21,0.42424,0.44411,0.47656,0.51233,0.52722,0.50268,0.46127,0.4344,0.4149,0.44572,0.50593,0.55257,0.58396,0.54713,0.51564,0.4742,0.44157,0.41907,0.45213,0.49218,0.52484,0.53961,0.53113,0.53182,0.52193,0.52512
CAL-MAI-0170,Maize Silage,34.04,65.96,9.48,44.8,27.28,0.42849,0.44871,0.47548,0.5243,0.53253,0.49986,0.45577,0.43236,0.41645,0.45682,0.48885,0.53629,0.55968,0.55821,0.52254,0.48132,0.44532,0.42569,0.45635,0.49836,0.52798,0.5182,0.52035,0.51566,0.51845,0.5262
CAL-MAI-0171,Maize Silage,36.68,63.32,9.69,44.96,26.99,0.42415,0.4401,0.47552,0.51325,0.52931,0.50606,0.45507,0.43385,0.40922,0.45444,0.48325,0.53301,0.55854,0.55365,0.52824,0.49028,0.46717,0.44255,0.47577,0.50409,0.52663,0.52401,0.51691,0.51852,0.52622,0.52506
CAL-MAI-0172,Maize Silage,32.48,67.52,9.59,48.58,28.37,0.42222,0.43747,0.46639,0.51163,0.5209,0.48606,0.44617,0.43007,0.40832,0.44903,0.48467,0.53399,0.56596,0.53242,0.50923,0.47081,0.43012,0.41299,0.44269,0.50172,0.5368,0.5327,0.52445,0.52873,0.53461,0.53435
CAL-MAI-0173,Maize Silage,35.26,64.74,10.15,48.4,24.51,0.407,0.42852,0.45802,0.5017,0.52646,0.49773,0.45872,0.41717,0.40422,0.44369,0.46986,0.52895,0.5574,0.5395,0.50913,0.47294,0.46336,0.43913,0.47283,0.51061,0.53343,0.53084,0.53096,0.53307,0.54265,0.5458
CAL-MAI-0174,Maize Silage,33.69,66.31,9.03,50.19,25.27,0.43207,0.44611,0.48091,0.51729,0.53873,0.50708,0.46487,0.43314,0.41508,0.45182,0.48804,0.53771,0.57091,0.53346,0.49726,0.45672,0.4428,0.42572,0.45404,0.4928,0.52523,0.52107,0.52253,0.52761,0.51963,0.51851
CAL-MAI-0175,Maize Silage,35.22,64.78,9.3,47.07,27.86,0.40899,0.4383,0.46426,0.50784,0.51508,0.48953,0.45068,0.43095,0.40318,0.44849,0.48063,0.53586,0.56714,0.54972,0.51471,0.47955,0.46143,0.43288,0.4701,0.50585,0.53266,0.52678,0.5337,0.52773,0.53473,0.5356
CAL-MAI-0176,Maize Silage,32.93,67.07,8.25,46.4,27.61,0.4223,0.43128,0.46712,0.50327,0.52392,0.48841,0.44957,0.42623,0.40813,0.44969,0.49602,0.54491,0.5713,0.55138,0.5194,0.48341,0.43662,0.4143,0.44937,0.50626,0.53322,0.53634,0.53469,0.54294,0.53111,0.53238
CAL-MAI-0177,Maize Silage,29.86,70.14,9.82,47.45,27.45,0.4064,0.42547,0.45398,0.49797,0.5113,0.4869,0.44908,0.42771,0.40562,0.4485,0.47586,0.52654,0.56061,0.54321,0.5164,0.47363,0.41451,0.40028,0.43226,0.50498,0.54117,0.53165,0.53452,0.53994,0.54647,0.54766
CAL-MAI-0178,Maize Silage,32.74,67.26,8.01,44.76,25.72,0.40153,0.42889,0.45879,0.50368,0.52483,0.49288,0.45737,0.42715,0.40359,0.44533,0.48893,0.54325,0.5752,0.5579,0.52575,0.48796,0.43544,0.42054,0.45222,0.50714,0.53688,0.53865,0.54233,0.54388,0.53928,0.54163
CAL-MAI-0179,Maize Silage,36.53,63.47,8.01,47.56,27.06,0.41488,0.44006,0.46725,0.50372,0.52569,0.49519,0.45407,0.4287,0.40687,0.45107,0.49723,0.54808,0.57886,0.53986,0.51086,0.46713,0.46869,0.44358,0.47783,0.50252,0.53343,0.53375,0.53739,0.54281,0.53763,0.53566
CAL-MAI-0180,Maize Silage,31.99,68.01,9.37,45.88,26.94,0.40989,0.43193,0.46359,0.5045,0.52253,0.48997,0.44834,0.43126,0.41451,0.44904,0.47864,0.53095,0.56545,0.55593,0.51893,0.48285,0.43278,0.41545,0.44248,0.49958,0.53679,0.53493,0.53197,0.53409,0.53613,0.53567
CAL-MAI-0181,Maize Silage,35.47,64.53,9.19,49.2,24.52,0.41097,0.43369,0.46212,0.50675,0.53075,0.49893,0.46269,0.42727,0.41015,0.44912,0.48599,0.53615,0.56522,0.53313,0.50673,0.46545,0.46488,0.44443,0.47289,0.50497,0.53416,0.52848,0.53221,0.53375,0.53747,0.53878
CAL-MAI-0182,Maize Silage,32.77,67.23,8.25,49.1,27.26,0.43372,0.45338,0.4822,0.52141,0.53692,0.51191,0.46369,0.43854,0.4103,0.45271,0.50213,0.54846,0.56289,0.53692,0.50946,0.45653,0.43655,0.40248,0.44242,0.49223,0.51402,0.52504,0.52596,0.52241,0.51805,0.51387
CAL-MAI-0183,Maize Silage,36.23,63.77,10.2,48.46,23.12,0.41523,0.43725,0.46503,0.50996,0.54295,0.5075,0.47414,0.4317,0.40827,0.44942,0.47011,0.52498,0.55602,0.53922,0.50987,0.46948,0.46311,0.44478,0.47694,0.49983,0.53109,0.5198,0.51843,0.52196,0.52854,0.53138
CAL-MAI-0184,Maize Silage,33.74,66.26,8.54,45.18,23.63,0.42099,0.44055,0.47241,0.50828,0.54545,0.50864,0.46716,0.42695,0.40474,0.45455,0.49671,0.54441,0.56993,0.56052,0.52405,0.48431,0.44828,0.42596,0.4606,0.50083,0.52891,0.53011,0.52642,0.53114,0.53358,0.53196
CAL-MAI-0185,Maize Silage,32.01,67.99,8.98,48.23,26.75,0.42319,0.44008,0.47486,0.50265,0.53039,0.50674,0.45429,0.43046,0.41094,0.44937,0.49183,0.53993,0.56875,0.54216,0.5096,0.47887,0.4298,0.40972,0.43379,0.49697,0.53183,0.52289,0.52021,0.52657,0.53164,0.52744
CAL-MAI-0186,Maize Silage,29.85,70.15,9.16,47.52,23.43,0.42234,0.44132,0.47251,0.51094,0.54193,0.51162,0.47274,0.42408,0.40512,0.4475,0.48578,0.53742,0.56731,0.54678,0.51696,0.47098,0.41384,0.39067,0.42273,0.50152,0.52041,0.53542,0.52997,0.52657,0.53676,0.53002
CAL-MAI-0187,Maize Silage,33.28,66.72,10.12,45.99,26.32,0.40543,0.42503,0.45456,0.49951,0.52436,0.48915,0.45,0.42251,0.40739,0.44311,0.47231,0.51999,0.55251,0.55022,0.52306,0.48999,0.44696,0.42407,0.45607,0.51358,0.54429,0.5332,0.53324,0.5394,0.54375,0.54936
CAL-MAI-0188,Maize Silage,35.01,64.99,8.18,47.02,25.39,0.39559,0.42349,0.45636,0.49369,0.51793,0.4878,0.45185,0.41941,0.39969,0.45001,0.49356,0.54549,0.57805,0.54902,0.51708,0.48076,0.45896,0.4427,0.47403,0.50937,0.53815,0.54854,0.5491,0.54566,0.55013,0.55312
CAL-MAI-0189,Maize Silage,33.52,66.48,8.37,43.98,26.41,0.41151,0.4292,0.46184,0.49715,0.52534,0.49098,0.45391,0.42172,0.40498,0.44661,0.49246,0.54466,0.57826,0.56366,0.53507,0.49725,0.44643,0.42534,0.45921,0.50795,0.5374,0.53484,0.5374,0.53983,0.54071,0.53903
CAL-MAI-0190,Maize Silage,37.79,62.21,9.76,48.61,24.54,0.42333,0.43991,0.46663,0.51057,0.54147,0.50873,0.47325,0.43136,0.41802,0.45106,0.48085,0.52679,0.56381,0.53636,0.50578,0.47141,0.47925,0.45902,0.48439,0.49887,0.52869,0.52435,0.52652,0.52281,0.5342,0.53081
CAL-MAI-0191,Maize Silage,36.57,63.43,10.16,50.2,27.88,0.42202,0.44113,0.47336,0.5165,0.5255,0.49541,0.45404,0.42987,0.41021,0.45095,0.48189,0.52587,0.55659,0.52734,0.50193,0.46373,0.4709,0.44649,0.47744,0.49853,0.53042,0.52007,0.51915,0.51923,0.52957,0.52718
CAL-MAI-0192,Maize Silage,38.77,61.23,10.97,43.79,24.21,0.41157,0.43457,0.46801,0.50755,0.53429,0.50581,0.46259,0.42682,0.40794,0.44369,0.46372,0.51428,0.55039,0.563,0.53454,0.48764,0.48125,0.46814,0.48826,0.50657,0.52787,0.52113,0.51638,0.52264,0.54474,0.52874
CAL-MAI-0193,Maize Silage,29.98,70.02,9.14,45.79,26.29,0.41892,0.44386,0.46704,0.51498,0.52912,0.496,0.46487,0.43053,0.41632,0.45413,0.48452,0.53653,0.56702,0.55658,0.52318,0.48227,0.41277,0.39309,0.42702,0.49915,0.52782,0.52479,0.52469,0.52202,0.52623,0.53284
CAL-MAI-0194,Maize Silage,36.26,63.74,6.82,47.34,25.86,0.41818,0.4402,0.4682,0.50334,0.53348,0.50147,0.45983,0.42694,0.40546,0.45057,0.5146,0.56039,0.58567,0.54501,0.5142,0.47698,0.46601,0.43527,0.47589,0.49718,0.52596,0.54357,0.5454,0.53927,0.53246,0.53267
CAL-MAI-0195,Maize Silage,32.33,67.67,8.02,48.25,23.83,0.41698,0.43379,0.46449,0.50015,0.5344,0.50718,0.46183,0.42876,0.40803,0.44633,0.49916,0.54048,0.57863,0.54485,0.51481,0.47215,0.43348,0.41298,0.44447,0.50486,0.53131,0.54198,0.54661,0.54052,0.53168,0.53218
CAL-MAI-0196,Maize Silage,34.35,65.65,9.5,45.13,27.35,0.44027,0.45688,0.48622,0.52217,0.54509,0.50717,0.46774,0.43752,0.41431,0.45511,0.49044,0.53391,0.5612,0.55497,0.52434,0.48612,0.44406,0.42327,0.45184,0.48576,0.51466,0.50773,0.50533,0.51005,0.51179,0.5095
CAL-MAI-0197,Maize Silage,39.64,60.36,8.08,50.3,23.93,0.41966,0.43532,0.47285,0.50829,0.5369,0.50584,0.47212,0.43306,0.41619,0.44853,0.49823,0.54354,0.57623,0.52784,0.50062,0.46211,0.4935,0.46783,0.50318,0.49878,0.52777,0.53146,0.53173,0.53847,0.52899,0.52843
CAL-MAI-0198,Maize Silage,40.61,59.39,9.84,44.76,25.69,0.43603,0.45578,0.4819,0.52399,0.54734,0.50771,0.46693,0.43589,0.41469,0.46066,0.4859,0.53439,0.55943,0.55568,0.52085,0.48622,0.49572,0.47677,0.50095,0.4909,0.5205,0.51403,0.50561,0.51089,0.5146,0.51015
CAL-MAI-0199,Maize Silage,34.16,65.84,9.96,49.55,26.63,0.42642,0.44036,0.47331,0.50905,0.52669,0.49616,0.45196,0.4341,0.40827,0.44775,0.47499,0.52787,0.56373,0.53951,0.49821,0.46208,0.44402,0.43004,0.4579,0.49781,0.5299,0.5201,0.52633,0.52308,0.53152,0.52146
CAL-MAI-0200,Maize Silage,39.71,60.29,9.86,42.51,25.63,0.4153,0.44413,0.46981,0.50687,0.53124,0.4934,0.45806,0.42963,0.41214,0.44387,0.47803,0.53229,0.55499,0.5692,0.5388,0.50383,0.49128,0.47154,0.50471,0.49659,0.52999,0.52195,0.52299,0.52604,0.53267,0.52885
CAL-MAI-0201,Maize Silage,38.23,61.77,8.13,46.49,25.81,0.41973,0.43503,0.47416,0.50761,0.53418,0.49925,0.45924,0.4336,0.41295,0.4506,0.49892,0.54578,0.57662,0.54657,0.52127,0.47648,0.48429,0.45889,0.48991,0.50232,0.53012,0.53382,0.53463,0.53741,0.52809,0.5297
CAL-MAI-0202,Maize Silage,36.66,63.34,8.72,49.82,25.87,0.41547,0.43598,0.46284,0.50399,0.52675,0.50206,0.45886,0.42687,0.41231,0.45358,0.4938,0.53778,0.56916,0.53751,0.5031,0.46188,0.47052,0.45169,0.47726,0.50264,0.53507,0.52967,0.5335,0.53042,0.53056,0.53213
CAL-MAI-0203,Maize Silage,33.69,66.31,8.28,46.3,24.38,0.42046,0.44263,0.46907,0.50876,0.53744,0.5003,0.46806,0.43894,0.40933,0.44941,0.49725,0.55002,0.57808,0.54305,0.52127,0.48737,0.44566,0.42039,0.45477,0.49659,0.5342,0.53133,0.53448,0.53175,0.52912,0.53529
CAL-MAI-0204,Maize Silage,33.1,66.9,7.88,42.46,24.22,0.42436,0.44664,0.4717,0.51777,0.53809,0.50921,0.46636,0.43474,0.41774,0.44584,0.49893,0.55344,0.57498,0.57026,0.5419,0.49815,0.43934,0.42265,0.45289,0.49772,0.52599,0.53092,0.53629,0.52892,0.52554,0.52628
CAL-MAI-0205,Maize Silage,35.2,64.8,10.85,45.96,25.45,0.4106,0.42927,0.46386,0.50103,0.5234,0.48979,0.45128,0.41902,0.40666,0.44243,0.47076,0.51808,0.54825,0.54918,0.52458,0.48129,0.45613,0.44364,0.47214,0.50577,0.53939,0.52413,0.52625,0.52364,0.54766,0.54071
CAL-MAI-0206,Maize Silage,34.03,65.97,9.45,47.67,27.82,0.40088,0.42796,0.4616,0.49661,0.51194,0.48159,0.44345,0.42783,0.40101,0.44253,0.48506,0.53343,0.56924,0.54197,0.51503,0.47399,0.4513,0.42687,0.46558,0.5096,0.53978,0.53559,0.53541,0.5416,0.54175,0.54813
CAL-MAI-0207,Maize Silage,38.21,61.79,7.6,45.13,26.73,0.40891,0.42579,0.46201,0.5017,0.52581,0.49018,0.45532,0.42141,0.403,0.44912,0.50312,0.54786,0.58168,0.55166,0.52613,0.49005,0.48145,0.46288,0.49111,0.50371,0.5418,0.54605,0.54369,0.54663,0.53522,0.53784
CAL-MAI-0208,Maize Silage,34.14,65.86,10.31,46.01,26.05,0.42199,0.43204,0.47067,0.5099,0.53472,0.50315,0.45685,0.43376,0.40924,0.4473,0.47548,0.52427,0.55949,0.55197,0.52156,0.48364,0.45041,0.42948,0.46138,0.50179,0.53046,0.52308,0.51909,0.51946,0.5351,0.5348
CAL-MAI-0209,Maize Silage,33.37,66.63,9.97,47.8,26.57,0.42339,0.445,0.47359,0.51132,0.53145,0.50152,0.45924,0.43463,0.41543,0.45413,0.47834,0.53108,0.5587,0.53811,0.51349,0.47156,0.44749,0.42373,0.45115,0.49848,0.52788,0.51583,0.51328,0.51553,0.52585,0.51933
CAL-MAI-0210,Maize Silage,33.88,66.12,8.63,44.88,25.59,0.42199,0.43906,0.46564,0.50738,0.5298,0.49783,0.45809,0.43163,0.40759,0.44582,0.49096,0.5417,0.56568,0.55662,0.5296,0.48861,0.45263,0.42995,0.4608,0.51006,0.53418,0.53386,0.53655,0.5322,0.53325,0.53124
CAL-MAI-0211,Maize Silage,32.87,67.13,8.25,47.03,25.89,0.42668,0.4471,0.47703,0.51683,0.54055,0.50896,0.47051,0.43774,0.4177,0.45532,0.49862,0.55029,0.57875,0.54649,0.51818,0.46633,0.4326,0.41156,0.44493,0.49823,0.51817,0.5296,0.52086,0.51995,0.51783,0.51658
CAL-MAI-0212,Maize Silage,36.12,63.88,9.34,48.31,25.45,0.40986,0.43069,0.46665,0.49388,0.52292,0.49661,0.45414,0.42482,0.40602,0.44522,0.48275,0.53525,0.56346,0.5385,0.51016,0.47144,0.46058,0.44799,0.47605,0.50899,0.53778,0.53652,0.53078,0.5335,0.53549,0.5379
CAL-MAI-0213,Maize Silage,38.22,61.78,7.88,45.28,25.99,0.41662,0.43,0.46088,0.50757,0.52112,0.49604,0.45827,0.42899,0.40773,0.44747,0.50069,0.54942,0.57704,0.5549,0.52635,0.49076,0.48355,0.46524,0.49018,0.5011,0.53237,0.53949,0.53731,0.54454,0.53737,0.53422
CAL-MAI-0214,Maize Silage,35.06,64.94,9.38,43.51,25.88,0.43051,0.4517,0.47709,0.51062,0.5349,0.5071,0.46662,0.43975,0.4156,0.45324,0.48628,0.53884,0.5629,0.56259,0.52889,0.49556,0.45264,0.42849,0.45941,0.49597,0.52283,0.5171,0.51588,0.51801,0.51909,0.51795
CAL-MAI-0215,Maize Silage,34.69,65.31,8.66,45.56,26.4,0.428,0.4474,0.47649,0.51365,0.53102,0.49913,0.46002,0.43259,0.40971,0.4519,0.4897,0.53716,0.57414,0.55156,0.52002,0.47878,0.45121,0.43361,0.45781,0.49636,0.52976,0.52167,0.53254,0.53352,0.51659,0.52396
CAL-MAI-0216,Maize Silage,33.84,66.16,8.47,47.82,25.93,0.42597,0.44749,0.47885,0.51306,0.53165,0.51187,0.46327,0.43342,0.41194,0.45408,0.50041,0.54613,0.56914,0.53738,0.50964,0.46934,0.4371,0.42403,0.44762,0.49996,0.53024,0.52568,0.52705,0.52134,0.52387,0.51981
CAL-MAI-0217,Maize Silage,33.78,66.22,8.43,45.55,27.52,0.40876,0.43703,0.45856,0.5081,0.51521,0.48897,0.44821,0.42506,0.40921,0.45201,0.49552,0.54145,0.57392,0.55126,0.52134,0.48159,0.44539,0.42816,0.45239,0.50448,0.53988,0.54201,0.5376,0.53588,0.53955,0.53193
CAL-MAI-0218,Maize Silage,33.97,66.03,10.27,42.75,27.48,0.42937,0.44791,0.47402,0.51914,0.5331,0.50565,0.46255,0.43247,0.41047,0.4486,0.4817,0.52418,0.56018,0.56846,0.5371,0.49441,0.445,0.4222,0.45036,0.49706,0.52376,0.51077,0.51419,0.51143,0.52257,0.51897
CAL-MAI-0219,Maize Silage,38.84,61.16,10.04,47.97,25.52,0.43074,0.45485,0.47871,0.51695,0.54586,0.50917,0.47368,0.43093,0.41574,0.45947,0.48004,0.52823,0.55459,0.54394,0.50746,0.46855,0.47774,0.46518,0.49305,0.49385,0.51956,0.51803,0.5114,0.50825,0.51401,0.51642
CAL-MAI-0220,Maize Silage,32.94,67.06,9.4,45.45,26.63,0.42276,0.44473,0.4799,0.5127,0.53237,0.49613,0.46499,0.43074,0.41493,0.45101,0.48687,0.53665,0.56288,0.55683,0.52089,0.4851,0.43499,0.41682,0.44399,0.49759,0.52382,0.52322,0.52222,0.52007,0.5253,0.52547
CAL-MAI-0221,Maize Silage,34.18,65.82,8.0,50.89,27.69,0.41098,0.43446,0.45579,0.49485,0.51575,0.4836,0.44782,0.42629,0.40922,0.44383,0.49727,0.54691,0.57869,0.52538,0.50187,0.4582,0.4555,0.4286,0.46398,0.50494,0.53492,0.54422,0.54221,0.53591,0.52987,0.54366
CAL-MAI-0222,Maize Silage,39.22,60.78,8.79,43.61,25.47,0.42188,0.43868,0.4765,0.51812,0.53521,0.50359,0.45959,0.43545,0.41089,0.44965,0.49195,0.5386,0.57065,0.55853,0.53597,0.49224,0.49071,0.46648,0.49653,0.4954,0.53117,0.52622,0.52724,0.52855,0.52866,0.52304
CAL-MAI-0223,Maize Silage,36.49,63.51,8.5,45.75,26.34,0.41414,0.43187,0.46529,0.50882,0.52215,0.49461,0.45203,0.43041,0.40775,0.44591,0.49221,0.53876,0.56971,0.54809,0.5197,0.48742,0.46524,0.44928,0.47581,0.50513,0.53021,0.53596,0.53644,0.54371,0.53693,0.5337
CAL-MAI-0224,Maize Silage,39.85,60.15,7.5,44.52,25.74,0.41587,0.43635,0.46367,0.51202,0.5252,0.49909,0.46306,0.42864,0.40603,0.44515,0.50177,0.55042,0.58354,0.55434,0.53121,0.48935,0.49414,0.47812,0.50272,0.49932,0.53008,0.54051,0.54104,0.53905,0.52658,0.5312
CAL-MAI-0225,Maize Silage,34.84,65.16,9.76,50.11,27.24,0.41259,0.43167,0.46542,0.50677,0.52044,0.49063,0.44882,0.42479,0.40483,0.44863,0.47593,0.52844,0.55288,0.53608,0.50117,0.46412,0.46033,0.43779,0.47214,0.50228,0.54412,0.5344,0.53269,0.53726,0.53712,0.54069
CAL-MAI-0226,Maize Silage,29.83,70.17,9.25,47.26,29.05,0.40959,0.43963,0.46357,0.50436,0.51067,0.48153,0.44645,0.42417,0.41018,0.44643,0.48075,0.53325,0.5663,0.54407,0.51546,0.4779,0.41749,0.39376,0.42201,0.50317,0.53481,0.52633,0.52849,0.52946,0.53458,0.53337
CAL-MAI-0227,Maize Silage,30.49,69.51,7.54,45.53,25.84,0.41118,0.43408,0.46506,0.50544,0.52848,0.4964,0.46317,0.42951,0.40598,0.44904,0.50212,0.55575,0.58066,0.55582,0.524,0.4887,0.42302,0.40009,0.42907,0.50384,0.53213,0.54692,0.54247,0.54137,0.53272,0.53081
CAL-MAI-0228,Maize Silage,32.45,67.55,9.68,43.61,26.29,0.44076,0.44947,0.4906,0.52188,0.54143,0.51134,0.47042,0.43844,0.41922,0.4564,0.48996,0.53486,0.5678,0.56494,0.52543,0.4973,0.42703,0.41185,0.43606,0.49418,0.51755,0.51396,0.50993,0.51404,0.51539,0.5155
CAL-MAI-0229,Maize Silage,34.29,65.71,9.13,46.65,27.54,0.42027,0.4414,0.47469,0.5042,0.52693,0.49405,0.45221,0.43161,0.41417,0.4535,0.48658,0.53951,0.56937,0.54745,0.51552,0.47559,0.45042,0.42767,0.45455,0.49424,0.53168,0.52513,0.52765,0.53027,0.52482,0.5285
CAL-MAI-0230,Maize Silage,35.45,64.55,9.79,43.54,26.95,0.4274,0.4434,0.4732,0.51453,0.53054,0.50091,0.4605,0.42895,0.41452,0.45471,0.48151,0.52612,0.55991,0.56371,0.52934,0.49135,0.45216,0.43787,0.4662,0.49282,0.52847,0.51996,0.52134,0.51827,0.52363,0.52338
CAL-MAI-0231,Maize Silage,34.55,65.45,8.92,45.82,25.47,0.41967,0.44819,0.46829,0.50887,0.54291,0.50424,0.45877,0.43285,0.40753,0.45293,0.48833,0.53758,0.57367,0.55358,0.52474,0.48307,0.44884,0.43195,0.46369,0.50003,0.53497,0.53123,0.52926,0.52932,0.52975,0.52553
CAL-MAI-0232,Maize Silage,35.05,64.95,8.47,46.88,26.13,0.4309,0.44988,0.47771,0.51242,0.54108,0.50459,0.46409,0.43275,0.41162,0.45703,0.4992,0.54569,0.57335,0.54814,0.51582,0.47434,0.45304,0.43001,0.46141,0.49615,0.52666,0.52464,0.52794,0.52241,0.52039,0.51984
CAL-MAI-0233,Maize Silage,37.04,62.96,8.02,44.8,27.98,0.41367,0.43519,0.46309,0.50899,0.52187,0.49192,0.45168,0.42819,0.40677,0.44626,0.5007,0.54949,0.57549,0.55729,0.52664,0.48453,0.47214,0.45073,0.47949,0.49796,0.52808,0.53745,0.53868,0.53668,0.5362,0.53442
CAL-MAI-0234,Maize Silage,34.04,65.96,8.17,46.43,24.21,0.42243,0.43793,0.47343,0.5096,0.54131,0.50469,0.46596,0.4315,0.4138,0.45523,0.49658,0.55191,0.57546,0.55212,0.51594,0.47996,0.43909,0.42269,0.45739,0.49564,0.5308,0.53658,0.53229,0.53082,0.52783,0.52629
CAL-MAI-0235,Maize Silage,34.76,65.24,8.56,49.55,25.02,0.43667,0.44837,0.48071,0.52304,0.54621,0.51055,0.47248,0.43676,0.41288,0.45535,0.50053,0.54536,0.57465,0.53477,0.49737,0.46214,0.44549,0.42577,0.46303,0.49274,0.52028,0.52668,0.51938,0.51988,0.52225,0.51764
CAL-MAI-0236,Maize Silage,35.86,64.14,8.48,49.28,25.19,0.42328,0.44544,0.46755,0.50952,0.53489,0.50114,0.46451,0.42938,0.40931,0.45018,0.49341,0.54368,0.57138,0.53293,0.50423,0.46444,0.45953,0.44181,0.46538,0.49774,0.52908,0.52957,0.53701,0.53217,0.53041,0.52842
CAL-MAI-0237,Maize Silage,31.46,68.54,8.66,44.33,25.68,0.40203,0.42715,0.46574,0.50467,0.52862,0.49965,0.45833,0.42411,0.40318,0.45056,0.48949,0.54761,0.56985,0.5657,0.53014,0.49544,0.43367,0.40633,0.43877,0.50225,0.53249,0.53995,0.53818,0.53976,0.54114,0.53472
CAL-MAI-0238,Maize Silage,33.63,66.37,9.23,47.44,28.16,0.43466,0.44741,0.48275,0.52198,0.52886,0.5012,0.45848,0.43256,0.41741,0.4525,0.48752,0.53615,0.57005,0.54307,0.51223,0.46948,0.44021,0.42167,0.44837,0.49427,0.52283,0.51269,0.51301,0.51382,0.51404,0.51183
CAL-MAI-0239,Maize Silage,31.13,68.87,8.59,46.06,24.91,0.44239,0.45908,0.49188,0.52635,0.55191,0.51866,0.47207,0.43947,0.41427,0.45588,0.49425,0.54586,0.56891,0.54985,0.51975,0.47899,0.41457,0.39515,0.42388,0.49312,0.51227,0.51364,0.52302,0.51201,0.50395,0.5061
CAL-MAI-0240,Maize Silage,35.1,64.9,9.45,44.38,25.39,0.41338,0.42611,0.45815,0.50218,0.52418,0.49631,0.45415,0.42651,0.40617,0.44902,0.48225,0.53302,0.55881,0.56097,0.52925,0.49049,0.46059,0.43604,0.473,0.50922,0.53789,0.52891,0.52604,0.53659,0.53897,0.53715
CAL-MAI-0241,Maize Silage,32.35,67.65,8.46,47.25,24.43,0.41812,0.44184,0.46933,0.51256,0.53903,0.50577,0.45886,0.426,0.41173,0.44491,0.4921,0.54422,0.57774,0.54309,0.51301,0.4749,0.43426,0.41287,0.4466,0.49841,0.53129,0.53477,0.53235,0.5362,0.53188,0.53392
CAL-MAI-0242,Maize Silage,35.44,64.56,8.29,44.94,27.94,0.43928,0.45292,0.48514,0.51609,0.53275,0.50596,0.46131,0.438,0.40721,0.45369,0.49955,0.54854,0.57864,0.55498,0.52373,0.47884,0.45205,0.42749,0.45434,0.48771,0.5241,0.52091,0.52099,0.5174,0.50864,0.51543
CAL-MAI-0243,Maize Silage,33.11,66.89,8.76,46.66,25.01,0.42647,0.44862,0.47782,0.51679,0.54542,0.50791,0.47149,0.43575,0.4172,0.45296,0.49521,0.54136,0.57222,0.54271,0.50834,0.47643,0.43684,0.41602,0.44206,0.49824,0.52143,0.52342,0.52298,0.52539,0.51802,0.51606
CAL-MAI-0244,Maize Silage,38.38,61.62,9.14,47.11,30.78,0.42381,0.4387,0.47179,0.50923,0.51204,0.48179,0.44101,0.42707,0.4158,0.45169,0.48652,0.53924,0.56816,0.54618,0.51718,0.47531,0.48227,0.46229,0.49029,0.49787,0.53289,0.52428,0.52666,0.5265,0.52557,0.52475
CAL-MAI-0245,Maize Silage,33.27,66.73,7.63,44.9,26.5,0.42416,0.44199,0.4625,0.5122,0.52697,0.49998,0.45855,0.42958,0.40982,0.45003,0.50577,0.55165,0.58494,0.55932,0.52847,0.48108,0.44341,0.41865,0.45215,0.4969,0.52623,0.54385,0.53502,0.5413,0.53003,0.52838
CAL-MAI-0246,Maize Silage,31.25,68.75,8.79,44.03,25.51,0.42274,0.44073,0.46552,0.51253,0.53233,0.50072,0.46459,0.42948,0.40649,0.45553,0.49005,0.53986,0.56889,0.56437,0.52926,0.4862,0.42195,0.40797,0.43649,0.49925,0.53414,0.53235,0.5293,0.52961,0.53102,0.52754
CAL-MAI-0247,Maize Silage,35.27,64.73,7.45,45.82,25.65,0.43195,0.44262,0.4763,0.51529,0.54073,0.50701,0.47182,0.43589,0.41196,0.4532,0.50421,0.55714,0.57985,0.54907,0.5222,0.4838,0.44708,0.4371,0.46185,0.48974,0.51568,0.52883,0.53265,0.5318,0.52374,0.51949
CAL-MAI-0248,Maize Silage,33.47,66.53,8.83,46.66,24.92,0.41868,0.43443,0.46401,0.50531,0.53522,0.50192,0.46056,0.43101,0.41498,0.4495,0.49263,0.54236,0.56775,0.54793,0.51433,0.47788,0.44099,0.42198,0.45126,0.50123,0.53401,0.53219,0.52728,0.53096,0.52915,0.53476
CAL-MAI-0249,Maize Silage,35.14,64.86,8.17,46.69,25.39,0.41743,0.44301,0.47317,0.51349,0.53157,0.50687,0.46178,0.43233,0.40877,0.44957,0.48921,0.5455,0.57661,0.54627,0.5227,0.47387,0.4532,0.43211,0.46307,0.50265,0.53393,0.53173,0.5316,0.53023,0.53314,0.53252
CAL-MAI-0250,Maize Silage,31.01,68.99,7.75,46.54,26.92,0.42316,0.44764,0.48272,0.51646,0.53754,0.50427,0.45832,0.43324,0.41298,0.44976,0.49942,0.5561,0.5779,0.55115,0.51586,0.47635,0.42114,0.39691,0.42966,0.48899,0.5257,0.52355,0.52953,0.53202,0.52326,0.51675
CAL-MAI-0251,Maize Silage,32.78,67.22,8.95,42.14,26.08,0.41879,0.43718,0.46978,0.50904,0.527,0.49299,0.45937,0.4262,0.40749,0.45084,0.49233,0.53814,0.57009,0.56607,0.54131,0.50057,0.44051,0.41538,0.44644,0.50429,0.53101,0.52709,0.53824,0.52752,0.53178,0.53318
CAL-MAI-0252,Maize Silage,34.03,65.97,8.65,45.73,24.43,0.43392,0.44621,0.47807,0.51467,0.54071,0.50981,0.46593,0.4328,0.41147,0.45561,0.48938,0.54064,0.56908,0.55638,0.51884,0.48254,0.44702,0.42308,0.44879,0.49202,0.5281,0.52217,0.52653,0.5251,0.52426,0.52395
CAL-MAI-0253,Maize Silage,32.06,67.94,9.37,44.94,21.97,0.42347,0.43829,0.47268,0.51534,0.54759,0.5204,0.47776,0.43543,0.40736,0.4504,0.4866,0.53389,0.5678,0.55494,0.53232,0.49236,0.43091,0.4116,0.44339,0.49565,0.52515,0.52873,0.52566,0.52404,0.52863,0.52132
CAL-MAI-0254,Maize Silage,32.62,67.38,9.53,48.19,26.97,0.42569,0.43965,0.47555,0.51531,0.53334,0.5056,0.4538,0.43082,0.40939,0.45178,0.4836,0.53249,0.56592,0.53657,0.50639,0.46608,0.4326,0.40963,0.44281,0.49716,0.52494,0.52442,0.52126,0.52426,0.52527,0.52543
CAL-MAI-0255,Maize Silage,34.48,65.52,9.37,45.38,26.88,0.42351,0.44775,0.47325,0.51707,0.53111,0.50502,0.45652,0.42819,0.41029,0.44751,0.48134,0.53688,0.56453,0.55244,0.52224,0.48113,0.45315,0.42551,0.45328,0.4993,0.52579,0.52809,0.51992,0.52356,0.52778,0.52249
CAL-MAI-0256,Maize Silage,36.35,63.65,9.26,43.38,24.41,0.41826,0.44718,0.47414,0.51397,0.53569,0.507,0.46839,0.43056,0.41247,0.45339,0.49338,0.53604,0.56898,0.56138,0.52838,0.49188,0.45839,0.44276,0.4699,0.49109,0.53169,0.52118,0.51741,0.52455,0.52242,0.5274
CAL-MAI-0257,Maize Silage,33.15,66.85,9.08,47.39,27.25,0.42119,0.44293,0.47346,0.51171,0.52595,0.49193,0.45795,0.43077,0.40928,0.45424,0.48325,0.54235,0.56723,0.54496,0.51271,0.46877,0.43835,0.41966,0.45057,0.49865,0.52255,0.52245,0.53312,0.52357,0.53294,0.52574
CAL-MAI-0258,Maize Silage,36.06,63.94,8.14,49.38,26.21,0.43194,0.44891,0.48085,0.52276,0.53633,0.51107,0.4632,0.43694,0.41527,0.44975,0.49932,0.54785,0.57442,0.53473,0.50325,0.46175,0.45934,0.43843,0.46675,0.49493,0.52173,0.53538,0.52234,0.52397,0.51877,0.52556
CAL-MAI-0259,Maize Silage,35.56,64.44,9.0,46.87,27.95,0.42193,0.43707,0.46914,0.5031,0.52171,0.48917,0.45113,0.42419,0.4106,0.44443,0.48811,0.53413,0.5654,0.5502,0.51863,0.48046,0.46368,0.43682,0.47377,0.4965,0.53327,0.5283,0.52712,0.5319,0.53442,0.53446
CAL-MAI-0260,Maize Silage,34.83,65.17,9.22,46.81,26.91,0.40957,0.43237,0.45585,0.50122,0.51509,0.49096,0.45594,0.42372,0.40641,0.44918,0.47737,0.53289,0.56644,0.53871,0.51536,0.48247,0.45874,0.43774,0.47014,0.50639,0.53829,0.53361,0.53579,0.53443,0.54395,0.5456
CAL-MAI-0261,Maize Silage,33.48,66.52,8.04,48.75,26.92,0.41127,0.42916,0.46311,0.49936,0.52203,0.49504,0.45658,0.42785,0.40235,0.44787,0.50211,0.54386,0.57706,0.54186,0.51025,0.47661,0.44236,0.42237,0.45979,0.50147,0.53524,0.54175,0.54584,0.54535,0.54031,0.53851
CAL-MAI-0262,Maize Silage,44.56,55.44,9.35,46.4,24.15,0.41071,0.43257,0.4622,0.50434,0.5381,0.5071,0.46347,0.42313,0.41136,0.44779,0.47781,0.53572,0.56725,0.54202,0.51742,0.48015,0.53479,0.51163,0.54127,0.50602,0.53302,0.53277,0.5284,0.52827,0.53906,0.53814
CAL-MAI-0263,Maize Silage,33.17,66.83,8.16,48.92,23.82,0.42964,0.44938,0.47752,0.51241,0.54069,0.51204,0.46831,0.4297,0.41405,0.4536,0.49439,0.5491,0.57796,0.54069,0.50739,0.46839,0.43913,0.42017,0.4429,0.49657,0.52635,0.52972,0.53131,0.53141,0.52576,0.52358
CAL-MAI-0264,Maize Silage,37.24,62.76,9.08,44.16,25.81,0.4104,0.43609,0.46574,0.50496,0.53295,0.49507,0.46101,0.43464,0.41166,0.44868,0.48293,0.53259,0.56579,0.5583,0.52855,0.49008,0.47286,0.45497,0.48015,0.50022,0.53214,0.53042,0.53687,0.53241,0.52918,0.53562
CAL-MAI-0265,Maize Silage,34.19,65.81,7.83,49.72,24.5,0.4323,0.45009,0.48047,0.52296,0.54512,0.51093,0.4751,0.43264,0.4142,0.44901,0.49867,0.5511,0.58122,0.5269,0.50267,0.4579,0.44845,0.42273,0.44959,0.49486,0.52106,0.53359,0.52896,0.52768,0.52229,0.51667
CAL-MAI-0266,Maize Silage,35.52,64.48,7.92,44.0,27.36,0.42487,0.43927,0.47091,0.50979,0.53255,0.49967,0.45543,0.43318,0.40712,0.4489,0.49977,0.55055,0.57864,0.56161,0.53084,0.48985,0.45636,0.4357,0.46741,0.49952,0.52862,0.53038,0.53066,0.53459,0.53139,0.52716
CAL-MAI-0267,Maize Silage,35.06,64.94,7.89,48.82,26.38,0.42593,0.44681,0.47509,0.51997,0.53368,0.50411,0.46473,0.43127,0.41344,0.45305,0.49602,0.55081,0.57928,0.53698,0.50606,0.4661,0.45627,0.42809,0.45997,0.49787,0.52668,0.53234,0.53859,0.53154,0.52608,0.52114
CAL-MAI-0268,Maize Silage,33.71,66.29,9.37,47.01,26.7,0.41433,0.43426,0.46524,0.50835,0.52669,0.49155,0.45725,0.42584,0.4096,0.44802,0.488,0.53245,0.56464,0.54795,0.51391,0.47672,0.44432,0.42398,0.45461,0.50595,0.53122,0.53113,0.53078,0.52604,0.53618,0.53078
CAL-MAI-0269,Maize Silage,33.23,66.77,8.81,43.61,26.28,0.43521,0.44901,0.47862,0.52081,0.53916,0.49942,0.47177,0.43705,0.41656,0.45305,0.48685,0.54345,0.56873,0.56408,0.5308,0.49117,0.43405,0.41798,0.44082,0.50027,0.52926,0.5264,0.52433,0.51926,0.52207,0.51728
CAL-MAI-0270,Maize Silage,38.26,61.74,9.7,46.14,24.26,0.42606,0.44173,0.4794,0.51113,0.54353,0.50951,0.46713,0.43415,0.41181,0.4547,0.47873,0.52964,0.55412,0.54345,0.52477,0.485,0.47815,0.45478,0.48573,0.49856,0.52377,0.51908,0.5177,0.51541,0.52123,0.52306
CAL-MAI-0271,Maize Silage,35.63,64.37,8.42,46.45,28.18,0.42332,0.44628,0.46784,0.5115,0.52438,0.49976,0.44781,0.4314,0.41575,0.44872,0.4939,0.54523,0.57448,0.55327,0.51961,0.48194,0.45688,0.43544,0.46667,0.49453,0.52915,0.52888,0.52772,0.53092,0.52305,0.52848
CAL-MAI-0272,Maize Silage,37.4,62.6,8.49,47.46,26.37,0.42052,0.43875,0.46357,0.51172,0.52749,0.50026,0.4601,0.42693,0.40664,0.45149,0.49189,0.54575,0.57254,0.54682,0.51516,0.47489,0.47254,0.4545,0.48752,0.50073,0.53262,0.53351,0.53388,0.53881,0.53518,0.53195
CAL-MAI-0273,Maize Silage,32.75,67.25,8.66,46.82,27.38,0.43299,0.44656,0.48196,0.5179,0.52924,0.50535,0.46487,0.43552,0.416,0.45531,0.49772,0.54486,0.56783,0.55251,0.51881,0.47323,0.42986,0.41361,0.4404,0.4954,0.52578,0.52196,0.51945,0.5231,0.51851,0.51969
CAL-MAI-0274,Maize Silage,33.87,66.13,9.37,47.41,24.92,0.411,0.43499,0.46707,0.50704,0.52946,0.50233,0.46638,0.4282,0.40312,0.44907,0.48931,0.52976,0.56415,0.54348,0.51489,0.47562,0.44991,0.42719,0.46121,0.5025,0.53225,0.52772,0.52472,0.53144,0.54122,0.53687
CAL-MAI-0275,Maize Silage,33.47,66.53,8.6,48.17,29.11,0.41206,0.431,0.45968,0.5012,0.50725,0.47616,0.43811,0.42469,0.40466,0.44212,0.48936,0.53951,0.56794,0.53954,0.51068,0.47079,0.44799,0.4205,0.45124,0.50646,0.53773,0.54102,0.53918,0.53904,0.54139,0.54108
CAL-MAI-0276,Maize Silage,33.69,66.31,8.76,51.15,25.81,0.42995,0.44956,0.47915,0.51716,0.53738,0.50644,0.46375,0.43462,0.41907,0.45595,0.49299,0.54399,0.56815,0.52413,0.4971,0.45805,0.43888,0.41908,0.45642,0.49598,0.5305,0.52529,0.52474,0.52243,0.52521,0.52579
CAL-MAI-0277,Maize Silage,33.62,66.38,9.53,45.94,25.36,0.41823,0.4389,0.46462,0.50699,0.52607,0.4974,0.46084,0.42798,0.40537,0.44651,0.47852,0.53347,0.55658,0.54845,0.51628,0.48351,0.43889,0.42477,0.45998,0.50751,0.52746,0.52903,0.52555,0.52533,0.53407,0.53848
CAL-MAI-0278,Maize Silage,32.71,67.29,9.36,41.71,24.97,0.44576,0.46621,0.49311,0.53103,0.55319,0.52153,0.48082,0.44287,0.41931,0.45911,0.49248,0.53608,0.56531,0.57479,0.53574,0.5022,0.42377,0.4045,0.43042,0.49188,0.51155,0.50535,0.50348,0.50262,0.50304,0.50137
CAL-MAI-0279,Maize Silage,34.64,65.36,8.81,48.28,28.06,0.42309,0.44581,0.46976,0.51508,0.52291,0.49078,0.45349,0.43581,0.41186,0.45551,0.48834,0.54344,0.56805,0.54014,0.50983,0.47087,0.45087,0.42761,0.46218,0.5033,0.52606,0.52191,0.52862,0.52584,0.52625,0.52802
CAL-MAI-0280,Maize Silage,33.83,66.17,8.72,49.14,26.15,0.41452,0.43478,0.46893,0.50527,0.52393,0.50066,0.46095,0.42812,0.41024,0.45007,0.49225,0.5424,0.56291,0.53465,0.50707,0.46443,0.44523,0.42751,0.45564,0.50544,0.53444,0.53141,0.53131,0.5235,0.53065,0.52771
CAL-MAI-0281,Maize Silage,34.88,65.12,9.36,48.99,26.06,0.4376,0.4506,0.47511,0.51649,0.53636,0.50839,0.46291,0.43384,0.41339,0.45167,0.48902,0.53765,0.56836,0.53461,0.50835,0.45979,0.44588,0.42554,0.45835,0.49801,0.52174,0.51735,0.51728,0.51878,0.51867,0.51764
CAL-MAI-0282,Maize Silage,33.07,66.93,9.74,46.38,24.99,0.42364,0.43818,0.47421,0.51416,0.53456,0.4999,0.47127,0.43113,0.40901,0.45285,0.48267,0.53451,0.55859,0.55005,0.51554,0.4811,0.43851,0.41943,0.44816,0.49928,0.52743,0.52582,0.52792,0.52179,0.53172,0.53136
CAL-MAI-0283,Maize Silage,30.68,69.32,7.76,44.64,22.89,0.42585,0.4426,0.47127,0.50466,0.53847,0.5138,0.47959,0.42862,0.41318,0.44902,0.5009,0.55425,0.57944,0.55567,0.53187,0.48762,0.42229,0.39683,0.43297,0.49998,0.53033,0.53658,0.53454,0.53592,0.52718,0.53125
CAL-MAI-0284,Maize Silage,30.76,69.24,7.46,42.75,27.03,0.41936,0.44349,0.47277,0.51194,0.52952,0.49845,0.44962,0.43027,0.41229,0.45571,0.50906,0.54968,0.5825,0.56246,0.54149,0.49974,0.42033,0.39956,0.43298,0.50217,0.53179,0.53886,0.53622,0.53935,0.52986,0.52662
CAL-MAI-0285,Maize Silage,37.33,62.67,10.13,44.7,25.7,0.43031,0.44998,0.47621,0.52269,0.53914,0.50873,0.47167,0.43273,0.41307,0.44883,0.47802,0.52333,0.5593,0.55838,0.52555,0.48534,0.47236,0.44593,0.47921,0.49728,0.5191,0.51644,0.50862,0.51255,0.51799,0.52504
CAL-MAI-0286,Maize Silage,30.37,69.63,8.91,45.37,23.84,0.42177,0.43421,0.46706,0.50842,0.54157,0.51303,0.47244,0.42963,0.40279,0.45123,0.49338,0.54266,0.57033,0.55056,0.52254,0.4899,0.41269,0.39348,0.42974,0.4986,0.52634,0.5337,0.53049,0.52794,0.52638,0.53595
CAL-MAI-0287,Maize Silage,37.99,62.01,9.51,45.16,25.33,0.41722,0.43784,0.45839,0.50624,0.52787,0.49571,0.46016,0.42282,0.40604,0.44561,0.47993,0.53178,0.55952,0.56021,0.52754,0.49202,0.47946,0.45886,0.49635,0.50197,0.53374,0.532,0.52669,0.53311,0.5383,0.54093
CAL-MAI-0288,Maize Silage,37.75,62.25,8.71,44.47,29.26,0.41928,0.43927,0.47494,0.51781,0.52053,0.49266,0.44336,0.4302,0.40577,0.45342,0.48701,0.53751,0.57258,0.56166,0.52769,0.48956,0.47653,0.45396,0.48102,0.49969,0.52952,0.53067,0.52862,0.52387,0.52852,0.52613
CAL-MAI-0289,Maize Silage,33.76,66.24,8.25,47.98,23.97,0.41846,0.44034,0.47605,0.51426,0.53457,0.51343,0.47331,0.42711,0.40295,0.45019,0.49918,0.55047,0.57297,0.54631,0.50425,0.46972,0.44245,0.42705,0.45737,0.50211,0.52508,0.53547,0.5343,0.52764,0.52247,0.53167
CAL-MAI-0290,Maize Silage,31.29,68.71,8.63,46.93,25.98,0.42412,0.45373,0.48038,0.51566,0.53558,0.50684,0.46167,0.43483,0.40917,0.45225,0.48991,0.53936,0.57695,0.54619,0.51593,0.46857,0.42005,0.40252,0.43102,0.48897,0.52536,0.5263,0.52835,0.52183,0.5152,0.51823
CAL-MAI-0291,Maize Silage,36.34,63.66,6.63,45.3,28.24,0.41673,0.43966,0.46231,0.50269,0.52352,0.48977,0.45004,0.4252,0.40912,0.44564,0.51464,0.56952,0.59305,0.55271,0.51728,0.48009,0.47032,0.44283,0.47507,0.50368,0.53642,0.54686,0.5465,0.5482,0.53115,0.53157
CAL-MAI-0292,Maize Silage,34.96,65.04,10.51,47.08,27.83,0.41939,0.44397,0.47002,0.51316,0.52693,0.4948,0.46167,0.43543,0.41447,0.45302,0.47876,0.51895,0.55716,0.54253,0.51361,0.47678,0.45668,0.42931,0.46102,0.49894,0.52788,0.51886,0.52639,0.51714,0.5254,0.52351
CAL-MAI-0293,Maize Silage,32.15,67.85,9.17,47.1,25.41,0.42822,0.43988,0.47154,0.51364,0.537,0.50797,0.46524,0.43415,0.40882,0.45339,0.48943,0.54107,0.56134,0.54267,0.51768,0.46707,0.43204,0.41356,0.43847,0.49753,0.52542,0.52428,0.52418,0.52343,0.5257,0.52692
CAL-MAI-0294,Maize Silage,39.19,60.81,8.48,46.89,25.23,0.42066,0.43712,0.46732,0.50822,0.53566,0.50815,0.45936,0.42942,0.40677,0.44989,0.49687,0.5421,0.57311,0.55083,0.51764,0.47379,0.48728,0.46413,0.49768,0.50028,0.52444,0.53108,0.53001,0.5318,0.53026,0.52901
CAL-MAI-0295,Maize Silage,36.83,63.17,8.1,43.56,21.31,0.41112,0.42956,0.46391,0.4975,0.54134,0.51538,0.47158,0.42741,0.40521,0.44748,0.49704,0.5488,0.57692,0.56111,0.53287,0.49685,0.46803,0.45125,0.48132,0.5042,0.53217,0.53523,0.54304,0.54506,0.5326,0.53977
CAL-MAI-0296,Maize Silage,35.99,64.01,8.47,44.31,26.22,0.41887,0.43857,0.46789,0.50533,0.52951,0.49981,0.45914,0.42951,0.41436,0.4476,0.4968,0.54091,0.57659,0.56321,0.52878,0.49479,0.46385,0.43996,0.47162,0.50437,0.53389,0.53043,0.53334,0.53451,0.5302,0.53894
CAL-MAI-0297,Maize Silage,34.35,65.65,9.75,45.47,27.61,0.42254,0.44558,0.47948,0.52044,0.52676,0.49581,0.45958,0.43145,0.41191,0.45474,0.48035,0.52548,0.55687,0.55338,0.51716,0.48125,0.44248,0.43097,0.46194,0.4929,0.52625,0.51532,0.51667,0.52241,0.52166,0.5216
CAL-MAI-0298,Maize Silage,37.37,62.63,6.19,45.31,26.03,0.41229,0.43732,0.46879,0.50141,0.53266,0.49257,0.46116,0.42793,0.40643,0.44717,0.51486,0.56604,0.59312,0.55396,0.5228,0.48193,0.47208,0.45154,0.48419,0.50428,0.5338,0.55809,0.546,0.5545,0.53529,0.53818
CAL-MAI-0299,Maize Silage,34.09,65.91,8.94,44.71,27.02,0.42344,0.45068,0.47755,0.51544,0.53179,0.50129,0.46493,0.44369,0.41693,0.45085,0.49232,0.54173,0.56621,0.5533,0.52616,0.48805,0.43932,0.42127,0.45442,0.49541,0.5288,0.51863,0.52919,0.5168,0.51556,0.52075
CAL-MAI-0300,Maize Silage,34.4,65.6,8.74,45.81,24.84,0.4167,0.43482,0.46945,0.50596,0.52903,0.49723,0.46215,0.42417,0.4043,0.4503,0.48434,0.54427,0.57089,0.55201,0.51941,0.48517,0.4505,0.42882,0.46185,0.49734,0.52785,0.53018,0.53496,0.53426,0.53738,0.53184
CAL-GRE-0001,Green Fodder,21.77,78.23,10.26,52.96,30.88,0.38251,0.40417,0.4333,0.48288,0.50223,0.4692,0.43298,0.39953,0.37852,0.42051,0.47251,0.52051,0.54801,0.51329,0.48656,0.43711,0.41934,0.39097,0.422,0.46617,0.50387,0.50865,0.50538,0.50398,0.49037,0.49608
CAL-GRE-0002,Green Fodder,20.37,79.63,11.35,50.82,32.56,0.37874,0.40441,0.43118,0.48223,0.49775,0.46312,0.4266,0.40136,0.37966,0.41986,0.4589,0.50669,0.53866,0.52487,0.49351,0.45975,0.40691,0.38415,0.41537,0.46455,0.49596,0.49486,0.49172,0.49626,0.4943,0.49438
CAL-GRE-0003,Green Fodder,27.92,72.08,10.54,46.83,28.12,0.39459,0.41534,0.4383,0.49319,0.52212,0.48834,0.44714,0.40596,0.38706,0.42464,0.46706,0.51758,0.55306,0.54612,0.51699,0.47502,0.46472,0.44324,0.47462,0.46575,0.4934,0.49418,0.49644,0.49409,0.48775,0.49572
CAL-GRE-0004,Green Fodder,23.92,76.08,10.34,52.33,35.62,0.37112,0.39232,0.42491,0.4729,0.48008,0.44631,0.41035,0.39338,0.37242,0.41764,0.46272,0.52246,0.5438,0.51549,0.49032,0.4478,0.43246,0.42361,0.44497,0.47253,0.50297,0.51224,0.51198,0.50859,0.50453,0.50531
CAL-GRE-0005,Green Fodder,19.66,80.34,13.22,50.1,30.98,0.36604,0.38647,0.41858,0.46913,0.4917,0.46084,0.4267,0.39304,0.37355,0.41589,0.4407,0.48921,0.5191,0.52561,0.49732,0.45775,0.40816,0.38667,0.41333,0.47375,0.50381,0.49034,0.49522,0.49381,0.51588,0.51423
CAL-GRE-0006,Green Fodder,23.34,76.66,10.78,53.49,30.37,0.38065,0.39731,0.42723,0.47716,0.50485,0.46567,0.43582,0.39758,0.37425,0.41656,0.45843,0.51568,0.54094,0.5132,0.48644,0.44136,0.43112,0.40836,0.44144,0.47993,0.50488,0.50505,0.50435,0.50639,0.50429,0.50298
CAL-GRE-0007,Green Fodder,20.09,79.91,10.24,52.93,28.9,0.37711,0.39529,0.42025,0.47647,0.49991,0.47745,0.43503,0.40332,0.38139,0.4154,0.46251,0.51671,0.54572,0.52105,0.48595,0.44919,0.40531,0.38603,0.41688,0.47596,0.50398,0.50699,0.51543,0.51009,0.5033,0.49659
CAL-GRE-0008,Green Fodder,22.2,77.8,11.3,50.99,29.96,0.39207,0.41351,0.44298,0.48932,0.51595,0.48181,0.43948,0.40639,0.38066,0.42439,0.45701,0.5075,0.53347,0.52398,0.49828,0.45205,0.41986,0.40393,0.42703,0.46085,0.49021,0.49034,0.48739,0.48656,0.49083,0.4899
CAL-GRE-0009,Green Fodder,20.36,79.64,10.74,53.5,33.06,0.39105,0.40131,0.43123,0.484,0.49173,0.46311,0.42206,0.39343,0.38143,0.42028,0.46904,0.51501,0.54099,0.51162,0.47588,0.43829,0.40799,0.38511,0.41838,0.46257,0.49751,0.49982,0.50388,0.50279,0.49922,0.50168
CAL-GRE-0010,Green Fodder,24.67,75.33,10.16,49.3,32.35,0.37684,0.40297,0.43144,0.48425,0.49533,0.46556,0.42681,0.39861,0.37837,0.4218,0.47063,0.51938,0.55025,0.53824,0.50202,0.46182,0.43586,0.42075,0.45273,0.4718,0.49951,0.50925,0.50847,0.50951,0.5017,0.50335
CAL-GRE-0011,Green Fodder,19.35,80.65,11.86,53.95,33.83,0.38375,0.40575,0.43178,0.48062,0.48448,0.45957,0.41699,0.40059,0.38013,0.42139,0.45305,0.50616,0.52519,0.51082,0.48386,0.44587,0.40099,0.38385,0.40931,0.47006,0.50164,0.49541,0.49308,0.49388,0.49675,0.50168
CAL-GRE-0012,Green Fodder,21.28,78.72,10.63,53.26,32.4,0.3902,0.40865,0.44428,0.48621,0.50527,0.47739,0.43631,0.4082,0.38702,0.43056,0.46138,0.51591,0.54876,0.51213,0.48577,0.44085,0.41082,0.38852,0.41669,0.46129,0.49266,0.4924,0.49649,0.49451,0.49079,0.48302
CAL-GRE-0013,Green Fodder,21.99,78.01,14.1,55.17,30.0,0.37653,0.39782,0.42191,0.4805,0.50026,0.47087,0.4316,0.40135,0.37603,0.41355,0.43103,0.47431,0.50992,0.50792,0.47648,0.43825,0.42312,0.40887,0.43026,0.47366,0.50153,0.48581,0.48313,0.48885,0.50277,0.50897
CAL-GRE-0014,Green Fodder,21.94,78.06,11.74,52.65,31.64,0.37905,0.39759,0.42872,0.4747,0.49974,0.46353,0.42661,0.4018,0.3824,0.41458,0.45423,0.50591,0.53472,0.52078,0.48431,0.44065,0.422,0.39799,0.42435,0.4697,0.50389,0.49264,0.50346,0.49397,0.50057,0.49668
CAL-GRE-0015,Green Fodder,21.73,78.27,9.71,59.06,30.11,0.37112,0.3961,0.42923,0.47776,0.49493,0.46977,0.42408,0.39945,0.37243,0.41552,0.47341,0.52534,0.55382,0.48953,0.45773,0.41809,0.41624,0.40562,0.42871,0.47906,0.5105,0.51699,0.51914,0.50739,0.50622,0.5107
CAL-GRE-0016,Green Fodder,19.56,80.44,10.91,45.66,31.74,0.37593,0.40485,0.43488,0.47978,0.49967,0.46732,0.42857,0.39725,0.38244,0.41552,0.45776,0.51276,0.54237,0.55246,0.51957,0.48705,0.40052,0.38061,0.41038,0.47219,0.50078,0.50231,0.50306,0.49525,0.49318,0.49819
CAL-GRE-0017,Green Fodder,23.16,76.84,11.22,53.45,28.76,0.39073,0.40588,0.4402,0.48255,0.51733,0.48102,0.44342,0.40742,0.38456,0.41808,0.45994,0.50659,0.53515,0.51265,0.48312,0.4419,0.42807,0.40537,0.43372,0.46118,0.49222,0.48857,0.48914,0.49108,0.48974,0.49843
CAL-GRE-0018,Green Fodder,21.75,78.25,9.78,51.03,30.38,0.37888,0.39529,0.42636,0.47593,0.49581,0.46835,0.42945,0.39862,0.38036,0.41827,0.47275,0.51864,0.55571,0.52291,0.49753,0.45953,0.41846,0.39624,0.42955,0.47294,0.50124,0.51076,0.51443,0.51453,0.50232,0.49869
CAL-GRE-0019,Green Fodder,20.47,79.53,11.41,52.38,27.6,0.38861,0.40924,0.43894,0.48671,0.51336,0.49245,0.44918,0.40007,0.38065,0.42304,0.46157,0.5074,0.54067,0.5124,0.48398,0.44024,0.40269,0.38924,0.42022,0.46635,0.49307,0.49215,0.49356,0.48678,0.49059,0.49594
CAL-GRE-0020,Green Fodder,20.5,79.5,11.21,52.71,29.87,0.36552,0.38829,0.42353,0.46844,0.49438,0.47026,0.42521,0.38956,0.37546,0.41911,0.45801,0.50781,0.53493,0.51687,0.49192,0.4457,0.4114,0.39215,0.42239,0.47839,0.51015,0.51121,0.50815,0.50732,0.51432,0.51319
CAL-GRE-0021,Green Fodder,25.77,74.23,13.19,49.65,32.02,0.38394,0.40349,0.43005,0.48484,0.4968,0.46708,0.42198,0.40252,0.3797,0.42177,0.44106,0.49079,0.52001,0.53406,0.501,0.45712,0.45149,0.42725,0.4556,0.46624,0.50006,0.48488,0.47866,0.4838,0.50229,0.49732
CAL-GRE-0022,Green Fodder,24.09,75.91,12.0,54.55,26.01,0.37542,0.39291,0.42917,0.47022,0.50802,0.48412,0.44405,0.39766,0.3797,0.417,0.44937,0.50244,0.53088,0.5066,0.48151,0.44296,0.44268,0.4197,0.44457,0.47464,0.50359,0.50069,0.49985,0.50259,0.50588,0.50594
CAL-GRE-0023,Green Fodder,20.06,79.94,11.2,54.39,32.65,0.37918,0.39796,0.42948,0.48168,0.49251,0.45598,0.42017,0.40068,0.37697,0.42396,0.45917,0.50987,0.54324,0.50765,0.47898,0.44141,0.40097,0.38478,0.41838,0.47186,0.50632,0.49745,0.49736,0.505,0.50554,0.50262
CAL-GRE-0024,Green Fodder,23.49,76.51,10.39,50.23,31.34,0.36558,0.38074,0.41502,0.46625,0.48824,0.45833,0.41809,0.39621,0.37222,0.41433,0.45994,0.51394,0.549,0.53048,0.50269,0.46391,0.44298,0.41585,0.4446,0.47576,0.50817,0.51442,0.519,0.52384,0.52038,0.51864
CAL-GRE-0025,Green Fodder,21.29,78.71,9.57,54.63,27.69,0.38671,0.40982,0.43723,0.48625,0.5158,0.48859,0.45092,0.40401,0.38074,0.41877,0.47569,0.52858,0.55772,0.50407,0.46913,0.4363,0.40909,0.39313,0.41808,0.46237,0.49507,0.5124,0.50685,0.50429,0.49282,0.48577
CAL-GRE-0026,Green Fodder,16.98,83.02,12.93,55.82,31.71,0.39565,0.40937,0.44215,0.49696,0.50793,0.47462,0.42982,0.41085,0.38528,0.419,0.44298,0.4907,0.52292,0.50092,0.46757,0.43019,0.37579,0.35752,0.38205,0.47121,0.48916,0.47482,0.47323,0.47445,0.48082,0.48564
CAL-GRE-0027,Green Fodder,22.32,77.68,9.85,51.05,32.09,0.39496,0.40417,0.43631,0.48394,0.49851,0.46833,0.4323,0.40208,0.38964,0.4235,0.47209,0.52338,0.55143,0.52684,0.48888,0.44913,0.41856,0.40174,0.43275,0.46996,0.49676,0.50374,0.50573,0.49927,0.48706,0.49326
CAL-GRE-0028,Green Fodder,21.87,78.13,11.32,52.62,32.69,0.3842,0.40215,0.43011,0.48162,0.49262,0.46368,0.43199,0.4013,0.38196,0.41836,0.46221,0.51129,0.54117,0.51747,0.4898,0.45037,0.41933,0.398,0.43089,0.4664,0.49682,0.49784,0.49264,0.50021,0.49554,0.49688
CAL-GRE-0029,Green Fodder,22.08,77.92,10.86,51.83,30.89,0.3791,0.39808,0.43361,0.47402,0.50011,0.46929,0.43191,0.39583,0.37866,0.41982,0.46673,0.51449,0.5399,0.51936,0.49345,0.44715,0.42027,0.40044,0.42928,0.47786,0.4985,0.50346,0.49977,0.50362,0.50221,0.4978
CAL-GRE-0030,Green Fodder,20.21,79.79,10.06,54.59,30.0,0.37066,0.40336,0.42583,0.47766,0.50748,0.4723,0.43241,0.39539,0.37434,0.41891,0.47211,0.52211,0.54992,0.50718,0.47178,0.43884,0.40675,0.39235,0.41662,0.46827,0.50111,0.50846,0.51091,0.50986,0.49816,0.4972
CAL-GRE-0031,Green Fodder,24.77,75.23,11.28,54.03,32.82,0.392,0.40786,0.43999,0.49213,0.50191,0.47167,0.42714,0.40432,0.38368,0.42298,0.46495,0.50351,0.53975,0.50915,0.47438,0.43961,0.43682,0.41703,0.45275,0.46721,0.495,0.49297,0.49044,0.49603,0.4921,0.48655
CAL-GRE-0032,Green Fodder,23.13,76.87,11.14,48.43,31.77,0.37263,0.39555,0.42581,0.47319,0.49435,0.46148,0.4222,0.39552,0.38103,0.41732,0.46336,0.51512,0.53808,0.52936,0.51178,0.46815,0.42831,0.40967,0.44071,0.4773,0.50442,0.5087,0.50686,0.50498,0.50487,0.50825
CAL-GRE-0033,Green Fodder,23.99,76.01,10.94,52.44,32.05,0.3722,0.39047,0.42199,0.47422,0.49326,0.46558,0.41827,0.39528,0.37653,0.42052,0.4597,0.51053,0.53811,0.51953,0.48812,0.44718,0.43703,0.42172,0.44586,0.47093,0.50775,0.50658,0.5089,0.50862,0.50601,0.50561
CAL-GRE-0034,Green Fodder,24.32,75.68,12.28,49.04,33.35,0.38322,0.40168,0.4331,0.48576,0.49514,0.46241,0.42535,0.40231,0.37983,0.41908,0.45125,0.49943,0.5252,0.53719,0.50286,0.46874,0.43319,0.41651,0.44461,0.46484,0.49596,0.4948,0.48958,0.48643,0.49057,0.49054
CAL-GRE-0035,Green Fodder,20.73,79.27,10.98,46.32,30.83,0.38669,0.40819,0.42735,0.48034,0.50055,0.47326,0.42888,0.40664,0.38143,0.42064,0.46774,0.51263,0.54359,0.54601,0.51386,0.47585,0.41541,0.39046,0.4191,0.46519,0.50057,0.49504,0.49412,0.49686,0.50254,0.50208
CAL-GRE-0036,Green Fodder,20.65,79.35,9.56,52.2,31.29,0.39555,0.41486,0.44048,0.49168,0.50569,0.47835,0.43417,0.40718,0.38588,0.4239,0.48142,0.52327,0.55374,0.51769,0.48311,0.44517,0.4044,0.3884,0.41384,0.46623,0.493,0.50091,0.50187,0.5026,0.49145,0.48642
CAL-GRE-0037,Green Fodder,18.56,81.44,10.87,46.16,34.23,0.38343,0.3996,0.42805,0.48433,0.48485,0.455,0.41563,0.40106,0.38245,0.42404,0.46673,0.51346,0.54639,0.54715,0.51356,0.47688,0.38964,0.37003,0.39892,0.46776,0.50088,0.50632,0.49586,0.49704,0.49612,0.50066
CAL-GRE-0038,Green Fodder,20.55,79.45,11.92,54.39,30.97,0.36426,0.38858,0.41814,0.46918,0.48956,0.46494,0.42397,0.39726,0.37922,0.41766,0.44866,0.50436,0.5337,0.51639,0.48057,0.4428,0.41301,0.3929,0.42349,0.47779,0.50954,0.50748,0.50601,0.50476,0.51125,0.50932
CAL-GRE-0039,Green Fodder,20.92,79.08,12.17,52.69,31.55,0.3695,0.3883,0.41857,0.47747,0.49125,0.4651,0.42669,0.3943,0.37762,0.41729,0.44482,0.49855,0.53168,0.51545,0.48679,0.44805,0.42052,0.38949,0.42731,0.47452,0.50417,0.4993,0.50294,0.50393,0.5099,0.51343
CAL-GRE-0040,Green Fodder,23.63,76.37,10.65,53.24,31.9,0.38302,0.40032,0.42853,0.48437,0.50102,0.46614,0.43239,0.40286,0.38602,0.42264,0.46336,0.51749,0.54769,0.51196,0.47884,0.44303,0.42853,0.41446,0.43943,0.47233,0.49035,0.50051,0.50395,0.49656,0.49449,0.49332
CAL-GRE-0041,Green Fodder,22.49,77.51,9.9,51.72,31.93,0.3709,0.38922,0.42599,0.47576,0.48741,0.45733,0.41903,0.39792,0.37778,0.42,0.47028,0.51917,0.55537,0.52006,0.49296,0.44843,0.42457,0.40999,0.43549,0.47684,0.49808,0.51314,0.51498,0.5214,0.50427,0.51047
CAL-GRE-0042,Green Fodder,20.56,79.44,10.83,52.35,28.33,0.38769,0.41216,0.43918,0.48641,0.51716,0.48784,0.44769,0.40232,0.38786,0.42649,0.46758,0.51229,0.54104,0.51689,0.48733,0.44111,0.4074,0.38906,0.4162,0.46326,0.49218,0.49736,0.49527,0.49634,0.49347,0.49422
CAL-GRE-0043,Green Fodder,22.44,77.56,10.84,51.75,32.56,0.38478,0.4059,0.43284,0.48108,0.49428,0.45969,0.42876,0.39985,0.38219,0.42256,0.46027,0.51109,0.54835,0.52203,0.48927,0.45048,0.42628,0.40568,0.42833,0.47394,0.50178,0.50082,0.49756,0.50415,0.49972,0.49377
CAL-GRE-0044,Green Fodder,28.25,71.75,11.22,50.15,29.18,0.40488,0.42054,0.45066,0.49561,0.52433,0.48645,0.44792,0.40947,0.39119,0.42643,0.46187,0.51237,0.53559,0.52153,0.49942,0.45424,0.46376,0.44547,0.4756,0.46143,0.49405,0.48809,0.48592,0.48417,0.47814,0.4833
CAL-GRE-0045,Green Fodder,20.83,79.17,11.22,50.03,30.19,0.38574,0.40352,0.42813,0.47876,0.49957,0.4755,0.43262,0.3942,0.38038,0.42138,0.4627,0.50958,0.53866,0.53582,0.49987,0.46199,0.40894,0.39261,0.41616,0.4685,0.49624,0.49787,0.50342,0.49782,0.50195,0.50433
CAL-GRE-0046,Green Fodder,23.99,76.01,11.73,52.29,32.35,0.389,0.40129,0.43005,0.47959,0.49995,0.47007,0.4248,0.39512,0.37923,0.42262,0.45519,0.50565,0.53326,0.52145,0.48916,0.44961,0.4354,0.41622,0.44574,0.46541,0.49903,0.49629,0.4971,0.49461,0.4939,0.49408
CAL-GRE-0047,Green Fodder,22.38,77.62,11.08,49.19,28.97,0.36825,0.38563,0.42502,0.48282,0.50982,0.47193,0.43575,0.39321,0.3741,0.41488,0.45946,0.51002,0.54176,0.53625,0.50369,0.46525,0.42128,0.40096,0.43093,0.47478,0.50226,0.49895,0.50481,0.50169,0.51,0.50372
CAL-GRE-0048,Green Fodder,24.18,75.82,10.25,52.19,32.0,0.36562,0.38754,0.41364,0.47047,0.48454,0.45823,0.42112,0.39553,0.37575,0.4178,0.46867,0.52227,0.54886,0.52013,0.49361,0.45052,0.43754,0.4242,0.45328,0.47403,0.51034,0.52099,0.51299,0.52212,0.50593,0.51352
CAL-GRE-0049,Green Fodder,21.34,78.66,11.29,53.91,27.91,0.37176,0.39241,0.42848,0.46987,0.50546,0.4745,0.43486,0.39966,0.37704,0.41597,0.45586,0.5064,0.53734,0.50701,0.4807,0.44108,0.41484,0.39826,0.42919,0.47273,0.50464,0.5116,0.51216,0.50331,0.50504,0.50528
CAL-GRE-0050,Green Fodder,21.2,78.8,11.44,56.99,30.98,0.37186,0.39212,0.41962,0.47538,0.49055,0.46794,0.42298,0.39405,0.37304,0.41435,0.45427,0.49908,0.53649,0.49392,0.46864,0.42836,0.41437,0.39594,0.42743,0.47979,0.50369,0.50314,0.50274,0.5025,0.51036,0.51087
CAL-GRE-0051,Green Fodder,24.08,75.92,13.6,51.82,30.53,0.37987,0.40556,0.43352,0.48482,0.50102,0.47519,0.43445,0.40208,0.37931,0.42462,0.44293,0.48315,0.51834,0.51214,0.49248,0.44456,0.43403,0.41137,0.44436,0.47056,0.49217,0.47958,0.47881,0.4848,0.49783,0.4927
CAL-GRE-0052,Green Fodder,25.11,74.89,11.91,49.7,30.52,0.37632,0.39565,0.42237,0.47571,0.50407,0.469,0.43007,0.39911,0.38558,0.41919,0.45554,0.50071,0.53196,0.53163,0.49951,0.46146,0.44839,0.42357,0.45621,0.47367,0.49931,0.50031,0.49748,0.497,0.49671,0.50185
CAL-GRE-0053,Green Fodder,25.49,74.51,11.77,54.82,28.82,0.38148,0.40538,0.4289,0.48431,0.51217,0.48065,0.43869,0.39786,0.386,0.42242,0.45572,0.50331,0.53451,0.50634,0.4769,0.43775,0.44506,0.42285,0.45736,0.46379,0.49791,0.49323,0.49608,0.50041,0.49245,0.50496
CAL-GRE-0054,Green Fodder,22.7,77.3,9.79,54.49,31.07,0.36781,0.38314,0.42014,0.47341,0.49083,0.46602,0.42686,0.39279,0.38046,0.41677,0.4719,0.523,0.55388,0.50013,0.47842,0.43585,0.43381,0.41464,0.4434,0.47553,0.50418,0.51609,0.52485,0.51791,0.50398,0.51509
CAL-GRE-0055,Green Fodder,25.32,74.68,12.24,55.0,31.1,0.37204,0.39849,0.43041,0.47828,0.4979,0.46569,0.42571,0.40475,0.385,0.41951,0.45011,0.49647,0.53147,0.51033,0.4706,0.43672,0.44865,0.42876,0.46224,0.47701,0.50034,0.49593,0.4943,0.49229,0.50241,0.50375
CAL-GRE-0056,Green Fodder,20.24,79.76,10.74,50.86,29.48,0.36948,0.39071,0.42331,0.46872,0.49654,0.47385,0.42961,0.39505,0.37535,0.42019,0.46586,0.5166,0.54426,0.52354,0.50285,0.46056,0.40774,0.3943,0.41934,0.48019,0.51131,0.50827,0.5137,0.51522,0.51839,0.50923
CAL-GRE-0057,Green Fodder,22.03,77.97,9.96,51.7,31.0,0.38096,0.40474,0.43635,0.48386,0.50117,0.47202,0.43212,0.40247,0.38482,0.42197,0.46903,0.52122,0.55308,0.52471,0.4949,0.456,0.41951,0.40108,0.42409,0.46914,0.49429,0.50569,0.51464,0.50613,0.4936,0.49709
CAL-GRE-0058,Green Fodder,20.08,79.92,13.3,54.67,31.62,0.36956,0.39054,0.42685,0.47388,0.48196,0.46922,0.42324,0.39695,0.37993,0.4188,0.43936,0.48659,0.51491,0.50788,0.48207,0.43657,0.40504,0.39163,0.41733,0.47359,0.50444,0.49138,0.4876,0.49144,0.50921,0.50993
CAL-GRE-0059,Green Fodder,25.68,74.32,12.71,54.29,30.73,0.37439,0.39661,0.42861,0.47962,0.5004,0.46846,0.43149,0.40214,0.38129,0.41886,0.44163,0.49185,0.52268,0.50949,0.48058,0.43507,0.44897,0.43151,0.45838,0.47325,0.50132,0.48979,0.49242,0.49373,0.5009,0.50301
CAL-GRE-0060,Green Fodder,20.48,79.52,9.54,48.16,30.25,0.36859,0.3921,0.42873,0.4702,0.49709,0.47493,0.43036,0.39562,0.37684,0.4192,0.48017,0.52409,0.55401,0.53537,0.51041,0.46648,0.4085,0.38777,0.42431,0.47235,0.50567,0.51186,0.51767,0.51426,0.50558,0.51409
CAL-GRE-0061,Green Fodder,21.74,78.26,14.4,49.71,33.1,0.39961,0.42154,0.44629,0.49917,0.50824,0.47521,0.43747,0.40895,0.38969,0.42924,0.4284,0.47867,0.50914,0.53236,0.5028,0.45595,0.41022,0.38661,0.41828,0.45652,0.48465,0.46087,0.46087,0.45558,0.47541,0.47709
CAL-GRE-0062,Green Fodder,20.79,79.21,10.05,55.01,30.21,0.36852,0.39084,0.41999,0.47135,0.49681,0.46603,0.42679,0.39266,0.37301,0.41744,0.47047,0.51605,0.5534,0.50764,0.47906,0.43782,0.41499,0.40042,0.42375,0.47196,0.50127,0.51999,0.52081,0.51351,0.50683,0.50882
CAL-GRE-0063,Green Fodder,19.43,80.57,9.23,57.42,31.56,0.37711,0.39547,0.42782,0.47223,0.49234,0.46551,0.41873,0.39722,0.37738,0.4179,0.47716,0.52617,0.55403,0.49351,0.46252,0.41963,0.40078,0.38005,0.40989,0.46574,0.5046,0.51296,0.51719,0.51491,0.50275,0.50771
CAL-GRE-0064,Green Fodder,24.26,75.74,11.53,52.99,27.79,0.38688,0.40653,0.44025,0.48443,0.51894,0.4882,0.45037,0.40304,0.3853,0.41708,0.45342,0.50079,0.53937,0.51676,0.4868,0.44145,0.4342,0.4149,0.44897,0.47101,0.49768,0.49336,0.49574,0.49034,0.49162,0.49178
CAL-GRE-0065,Green Fodder,21.65,78.35,10.08,54.56,31.98,0.39499,0.40496,0.44469,0.48342,0.49977,0.47064,0.43557,0.40539,0.38312,0.42062,0.46919,0.52586,0.554,0.51082,0.47709,0.42712,0.41047,0.39474,0.42138,0.46276,0.49027,0.50339,0.50106,0.50034,0.48825,0.48983
CAL-GRE-0066,Green Fodder,21.74,78.26,8.67,48.08,30.42,0.38456,0.39224,0.42411,0.4787,0.50588,0.47139,0.43309,0.39786,0.37754,0.41953,0.48279,0.53714,0.56036,0.54237,0.51003,0.46947,0.41371,0.39591,0.43265,0.47071,0.50237,0.5168,0.51956,0.51573,0.50266,0.50368
CAL-GRE-0067,Green Fodder,20.19,79.81,10.86,53.34,30.62,0.38412,0.4103,0.43134,0.48703,0.50145,0.47648,0.43624,0.40066,0.37814,0.41548,0.46257,0.5156,0.54039,0.51338,0.47826,0.44159,0.40071,0.38351,0.41185,0.46384,0.49503,0.4962,0.49466,0.50145,0.49433,0.48841
CAL-GRE-0068,Green Fodder,23.83,76.17,10.44,55.74,29.46,0.39,0.41092,0.43848,0.48233,0.50911,0.48477,0.43817,0.40666,0.38177,0.4228,0.46515,0.51681,0.54533,0.50162,0.47054,0.43097,0.43079,0.40879,0.44145,0.4625,0.49814,0.49921,0.4979,0.49958,0.49196,0.48653
CAL-GRE-0069,Green Fodder,24.12,75.88,11.28,47.8,31.63,0.37202,0.39158,0.42127,0.47821,0.48728,0.46117,0.42455,0.40196,0.37939,0.4157,0.46249,0.50434,0.53971,0.54274,0.50913,0.47437,0.43715,0.42128,0.44418,0.47428,0.50254,0.50715,0.50407,0.50845,0.50732,0.50592
CAL-GRE-0070,Green Fodder,23.59,76.41,11.67,46.27,29.23,0.3915,0.403,0.43882,0.48771,0.5099,0.4755,0.43919,0.40947,0.38006,0.41968,0.45376,0.50981,0.53485,0.54648,0.52201,0.47892,0.42789,0.40639,0.44294,0.46623,0.49094,0.48635,0.48776,0.4868,0.4871,0.48935
CAL-GRE-0071,Green Fodder,21.07,78.93,12.89,51.33,30.7,0.38092,0.39873,0.43069,0.48038,0.50116,0.47914,0.43363,0.39649,0.38089,0.41746,0.44429,0.48887,0.51972,0.52439,0.4964,0.45496,0.41533,0.39394,0.42338,0.4688,0.5028,0.49164,0.48842,0.48831,0.50533,0.50054
CAL-GRE-0072,Green Fodder,22.97,77.03,11.1,49.95,31.68,0.38436,0.40965,0.43613,0.48162,0.50251,0.47089,0.43354,0.4004,0.38218,0.42096,0.46205,0.50886,0.54289,0.53133,0.50357,0.45933,0.42526,0.4085,0.43339,0.47092,0.50056,0.50141,0.49841,0.49546,0.4962,0.49666
CAL-GRE-0073,Green Fodder,24.67,75.33,11.78,49.77,34.39,0.38222,0.39849,0.42913,0.48593,0.49323,0.46063,0.4214,0.4045,0.38236,0.42153,0.4562,0.50664,0.53205,0.53327,0.5053,0.46015,0.43985,0.42207,0.44853,0.46505,0.50229,0.49328,0.49453,0.49249,0.50206,0.50063
CAL-GRE-0074,Green Fodder,19.64,80.36,10.85,53.43,31.34,0.38711,0.40687,0.43797,0.48503,0.5046,0.46975,0.43983,0.40213,0.38305,0.4236,0.46359,0.51431,0.54373,0.50986,0.48338,0.43657,0.40448,0.38106,0.41006,0.46126,0.49355,0.50199,0.50973,0.50032,0.49687,0.49479
CAL-GRE-0075,Green Fodder,23.99,76.01,10.1,48.97,28.71,0.3744,0.39198,0.42314,0.47347,0.49999,0.47204,0.43287,0.39203,0.37542,0.41437,0.47104,0.52197,0.54679,0.53458,0.51172,0.4639,0.43959,0.41931,0.45296,0.47532,0.50382,0.51371,0.51444,0.5146,0.50389,0.51226
CAL-GRE-0076,Green Fodder,19.91,80.09,10.9,51.44,28.92,0.37229,0.39605,0.42716,0.47408,0.50743,0.48055,0.43976,0.39869,0.37372,0.42156,0.46303,0.51403,0.54873,0.52042,0.48444,0.45007,0.40534,0.38413,0.41057,0.46684,0.5002,0.4998,0.50527,0.50264,0.50006,0.49983
CAL-GRE-0077,Green Fodder,22.09,77.91,11.4,52.45,30.87,0.38141,0.40195,0.4326,0.48962,0.49954,0.47197,0.43316,0.40107,0.38484,0.42034,0.45818,0.51096,0.54359,0.52179,0.4868,0.4467,0.41956,0.3995,0.42616,0.47047,0.49792,0.49539,0.49135,0.49499,0.49018,0.49375
CAL-GRE-0078,Green Fodder,22.57,77.43,13.08,53.43,33.61,0.36663,0.3893,0.42272,0.46618,0.47678,0.4524,0.4116,0.39393,0.37375,0.41393,0.443,0.48607,0.52265,0.51504,0.47995,0.44342,0.42689,0.41179,0.44022,0.4777,0.50481,0.50422,0.49868,0.50119,0.51246,0.51334
CAL-GRE-0079,Green Fodder,18.17,81.83,11.48,48.97,30.27,0.37654,0.39562,0.42881,0.47112,0.50092,0.47172,0.42804,0.40386,0.37766,0.41886,0.45513,0.50678,0.54108,0.54262,0.50757,0.46872,0.39491,0.37063,0.40472,0.47318,0.50136,0.50015,0.49376,0.50022,0.49679,0.49667
CAL-GRE-0080,Green Fodder,19.77,80.23,11.19,52.35,31.33,0.36709,0.39331,0.42117,0.47357,0.48816,0.46203,0.42667,0.39842,0.37394,0.41551,0.45507,0.50688,0.53547,0.51826,0.49139,0.44795,0.40476,0.38518,0.41983,0.47347,0.50439,0.50445,0.50439,0.5102,0.50898,0.51036
CAL-GRE-0081,Green Fodder,24.66,75.34,9.55,53.62,31.41,0.35819,0.3822,0.40767,0.46887,0.48603,0.45353,0.416,0.38591,0.37171,0.41283,0.4684,0.52634,0.55948,0.51264,0.48344,0.44729,0.44697,0.42542,0.45834,0.47973,0.513,0.52544,0.52768,0.5241,0.52078,0.52043
CAL-GRE-0082,Green Fodder,21.22,78.78,11.52,59.07,31.35,0.3712,0.38913,0.42737,0.46999,0.49404,0.46203,0.42357,0.39195,0.38094,0.41676,0.4514,0.50949,0.53491,0.48598,0.45819,0.41778,0.40961,0.39898,0.42728,0.47348,0.50483,0.49875,0.50484,0.50086,0.50705,0.50906
CAL-GRE-0083,Green Fodder,20.36,79.64,12.65,54.37,30.23,0.36349,0.38354,0.41974,0.46777,0.49773,0.46314,0.42354,0.3949,0.3732,0.41634,0.44581,0.49425,0.52532,0.50931,0.47467,0.44198,0.41106,0.39431,0.4245,0.47625,0.51101,0.49792,0.5006,0.49998,0.51351,0.51205
CAL-GRE-0084,Green Fodder,26.03,73.97,12.07,55.85,28.23,0.37319,0.39669,0.42798,0.47747,0.50442,0.48301,0.44622,0.40272,0.38234,0.41996,0.44822,0.50117,0.53748,0.49978,0.46967,0.43457,0.45651,0.43065,0.46262,0.46982,0.50174,0.49893,0.49341,0.49929,0.50265,0.50953
CAL-GRE-0085,Green Fodder,21.81,78.19,11.77,51.16,27.77,0.38716,0.40648,0.43184,0.48577,0.51208,0.48661,0.44775,0.40376,0.3816,0.42195,0.45348,0.50523,0.53474,0.5212,0.49407,0.45342,0.41574,0.40288,0.42456,0.46506,0.49401,0.48771,0.49205,0.4873,0.49105,0.49051
CAL-GRE-0086,Green Fodder,18.5,81.5,10.74,54.18,31.35,0.38199,0.39978,0.42931,0.4836,0.49646,0.46716,0.42715,0.40345,0.37904,0.4173,0.46585,0.51186,0.54612,0.51043,0.47884,0.44132,0.38827,0.37344,0.40178,0.47999,0.50208,0.50328,0.50115,0.50942,0.50143,0.50032
CAL-GRE-0087,Green Fodder,23.3,76.7,11.83,52.05,31.29,0.38173,0.40196,0.43214,0.48407,0.49972,0.46702,0.42896,0.40272,0.37501,0.41495,0.45662,0.50834,0.52991,0.52001,0.48843,0.44876,0.43102,0.40615,0.43662,0.46856,0.49895,0.49148,0.49715,0.49344,0.49779,0.49982
CAL-GRE-0088,Green Fodder,23.67,76.33,10.27,48.51,30.44,0.3576,0.3755,0.40687,0.46338,0.4846,0.45432,0.42338,0.38817,0.37532,0.41376,0.4657,0.51599,0.54047,0.53496,0.5098,0.47308,0.43435,0.42137,0.44997,0.48245,0.51349,0.52412,0.5269,0.52688,0.52336,0.52153
CAL-GRE-0089,Green Fodder,19.56,80.44,10.67,54.25,32.35,0.38514,0.40541,0.42684,0.48757,0.49647,0.47053,0.42039,0.40239,0.37963,0.42275,0.46696,0.51682,0.54225,0.50841,0.47775,0.43948,0.40244,0.37963,0.40505,0.46841,0.50562,0.50613,0.49197,0.50079,0.49941,0.49577
CAL-GRE-0090,Green Fodder,21.47,78.53,11.75,49.13,33.14,0.39266,0.409,0.44415,0.48512,0.4985,0.46742,0.43454,0.40359,0.37815,0.42185,0.45841,0.50837,0.54182,0.53806,0.50338,0.45912,0.41701,0.39,0.41811,0.46208,0.48855,0.48602,0.48568,0.48755,0.48703,0.48337
CAL-GRE-0091,Green Fodder,22.42,77.58,11.27,50.61,30.16,0.37794,0.40121,0.42495,0.47782,0.50405,0.4691,0.43164,0.39847,0.37491,0.4196,0.45872,0.51055,0.53558,0.52709,0.50146,0.46381,0.4281,0.40098,0.43612,0.47023,0.50279,0.49937,0.4968,0.50117,0.50513,0.50409
CAL-GRE-0092,Green Fodder,22.43,77.57,11.6,53.32,30.51,0.38615,0.41066,0.43538,0.48461,0.5063,0.47487,0.43374,0.40322,0.38061,0.42122,0.45476,0.50699,0.53794,0.51251,0.47665,0.44397,0.42217,0.39836,0.43318,0.46274,0.4996,0.49298,0.48588,0.49275,0.49335,0.49243
CAL-GRE-0093,Green Fodder,21.75,78.25,10.71,47.36,33.29,0.37452,0.39344,0.42263,0.4787,0.48372,0.45839,0.41662,0.39633,0.37498,0.41681,0.46393,0.51499,0.54231,0.54313,0.51644,0.46917,0.41928,0.39682,0.4269,0.47325,0.50121,0.50297,0.51098,0.51014,0.49857,0.50032
CAL-GRE-0094,Green Fodder,21.43,78.57,12.7,53.54,31.54,0.37599,0.40061,0.42538,0.4832,0.49847,0.4648,0.42977,0.40631,0.37901,0.42139,0.44351,0.49514,0.52043,0.51233,0.48254,0.44788,0.41032,0.39494,0.42972,0.46977,0.50005,0.48764,0.48742,0.48481,0.49898,0.49798
CAL-GRE-0095,Green Fodder,20.42,79.58,10.72,50.87,30.91,0.38025,0.3985,0.4318,0.4846,0.50198,0.46962,0.43093,0.39466,0.38024,0.41931,0.46236,0.51276,0.54364,0.52856,0.49871,0.4525,0.40533,0.38526,0.41902,0.46948,0.49918,0.50372,0.50017,0.50591,0.4983,0.4956
CAL-GRE-0096,Green Fodder,24.46,75.54,10.77,54.37,29.87,0.37601,0.40042,0.42596,0.48118,0.50441,0.47087,0.43341,0.39761,0.38044,0.42519,0.4628,0.51565,0.54426,0.50827,0.47784,0.4359,0.44119,0.41945,0.44774,0.47392,0.50131,0.50344,0.50828,0.49889,0.50538,0.49905
CAL-GRE-0097,Green Fodder,20.82,79.18,10.28,55.28,34.34,0.38914,0.41002,0.4384,0.49264,0.48696,0.46365,0.41955,0.39724,0.38245,0.42829,0.46922,0.52278,0.55322,0.50315,0.47276,0.42647,0.4057,0.38978,0.41646,0.46601,0.49452,0.50637,0.49772,0.50305,0.49138,0.49528
CAL-GRE-0098,Green Fodder,22.37,77.63,10.81,52.35,33.2,0.38261,0.40502,0.42923,0.47865,0.49225,0.46197,0.42141,0.39777,0.38413,0.41932,0.46851,0.51415,0.54594,0.51987,0.48561,0.44906,0.42833,0.40318,0.43501,0.47131,0.50004,0.50231,0.50328,0.50381,0.49459,0.49927
CAL-GRE-0099,Green Fodder,21.22,78.78,12.5,50.17,28.49,0.39112,0.40377,0.43155,0.48936,0.51646,0.4867,0.44326,0.39969,0.37959,0.42163,0.44497,0.49901,0.526,0.52937,0.49858,0.45858,0.41279,0.38956,0.42045,0.46617,0.48747,0.48693,0.48474,0.48529,0.48811,0.49032
CAL-GRE-0100,Green Fodder,23.49,76.51,9.79,49.68,31.96,0.37739,0.39655,0.43212,0.4823,0.49783,0.46827,0.42508,0.39907,0.3778,0.4203,0.47232,0.52267,0.55582,0.53519,0.50289,0.46714,0.43,0.40666,0.44437,0.46806,0.49961,0.50502,0.50769,0.50593,0.49936,0.49954
CAL-GRE-0101,Green Fodder,24.48,75.52,11.88,47.94,32.09,0.38728,0.40609,0.43576,0.48589,0.49827,0.46924,0.43278,0.40094,0.37941,0.42176,0.45123,0.4989,0.53248,0.54435,0.50933,0.46942,0.4315,0.41865,0.44706,0.4644,0.49638,0.49105,0.48681,0.49043,0.49721,0.49238
CAL-GRE-0102,Green Fodder,21.64,78.36,12.05,48.93,32.04,0.3843,0.40655,0.43363,0.48311,0.50471,0.46541,0.43058,0.40798,0.38434,0.41778,0.44888,0.49996,0.53218,0.53575,0.50075,0.46144,0.41295,0.39434,0.43033,0.46391,0.49327,0.48631,0.49111,0.48857,0.49149,0.49258
CAL-GRE-0103,Green Fodder,22.59,77.41,13.88,53.38,30.83,0.37404,0.39232,0.42887,0.47903,0.49658,0.47193,0.42867,0.40058,0.37946,0.41836,0.4295,0.48224,0.51552,0.51175,0.48491,0.44066,0.42818,0.4071,0.43287,0.47139,0.50517,0.48013,0.48101,0.48433,0.51005,0.50194
CAL-GRE-0104,Green Fodder,22.52,77.48,10.61,52.4,30.19,0.37258,0.38917,0.42459,0.47787,0.49908,0.47269,0.43166,0.39703,0.37583,0.41676,0.46021,0.51433,0.54608,0.52339,0.49033,0.44666,0.42162,0.40583,0.43939,0.47264,0.50544,0.5079,0.5111,0.50467,0.51065,0.50301
CAL-GRE-0105,Green Fodder,21.46,78.54,11.08,51.4,31.46,0.37481,0.39714,0.42871,0.47601,0.49884,0.4645,0.42798,0.3984,0.37599,0.41871,0.46135,0.51027,0.54213,0.52587,0.49373,0.4455,0.42252,0.39712,0.42606,0.47004,0.50293,0.50359,0.50359,0.50428,0.50763,0.51266
CAL-GRE-0106,Green Fodder,24.25,75.75,10.82,52.26,31.77,0.35914,0.38135,0.4167,0.46892,0.48429,0.45202,0.41622,0.38737,0.37343,0.41548,0.45919,0.51223,0.54427,0.52022,0.48735,0.45171,0.44448,0.42949,0.45545,0.48147,0.51396,0.51489,0.52044,0.52211,0.52151,0.52026
CAL-GRE-0107,Green Fodder,20.77,79.23,13.32,53.92,33.41,0.36606,0.39059,0.42338,0.46687,0.48103,0.44614,0.41306,0.39184,0.37467,0.42514,0.44132,0.48288,0.51991,0.51331,0.48094,0.44353,0.41462,0.39079,0.42277,0.47727,0.50809,0.49183,0.49261,0.49577,0.5146,0.51275
CAL-GRE-0108,Green Fodder,20.61,79.39,11.39,51.11,32.06,0.37707,0.40524,0.42444,0.4847,0.49564,0.46707,0.42947,0.40232,0.3776,0.42164,0.46355,0.50534,0.5444,0.52561,0.4932,0.45187,0.40836,0.38321,0.41788,0.46952,0.49713,0.50129,0.49844,0.49723,0.49956,0.50165
CAL-GRE-0109,Green Fodder,20.6,79.4,11.33,51.87,28.95,0.38828,0.41015,0.4394,0.48626,0.51645,0.48075,0.44011,0.40327,0.38778,0.42305,0.45975,0.51447,0.53825,0.52697,0.488,0.44577,0.40573,0.38475,0.41234,0.47305,0.49547,0.4943,0.49079,0.48971,0.49467,0.48583
CAL-GRE-0110,Green Fodder,21.51,78.49,12.55,51.06,31.75,0.38552,0.40889,0.42982,0.48634,0.50011,0.47304,0.42738,0.40247,0.38165,0.41852,0.44374,0.4954,0.5271,0.52219,0.49304,0.44794,0.41341,0.39715,0.42576,0.46691,0.49747,0.48436,0.49128,0.49218,0.49549,0.50233
CAL-GRE-0111,Green Fodder,19.5,80.5,10.49,51.45,35.16,0.39169,0.40895,0.43783,0.49294,0.49487,0.45941,0.41424,0.40213,0.38967,0.42557,0.4698,0.52421,0.55347,0.52213,0.49119,0.44849,0.39562,0.37101,0.4,0.45832,0.49574,0.49176,0.50129,0.49225,0.49368,0.48638
CAL-GRE-0112,Green Fodder,24.57,75.43,12.6,49.73,30.4,0.37891,0.40114,0.43169,0.48019,0.49804,0.47162,0.43535,0.40009,0.3796,0.41766,0.44448,0.5004,0.52263,0.53342,0.50127,0.46173,0.43789,0.4189,0.44981,0.46759,0.50002,0.49045,0.49547,0.48965,0.49276,0.50186
CAL-GRE-0113,Green Fodder,26.02,73.98,12.67,50.74,32.3,0.38361,0.40497,0.43656,0.48744,0.50116,0.46827,0.43506,0.40128,0.37712,0.41727,0.45079,0.49571,0.52598,0.52447,0.49431,0.45288,0.45209,0.42996,0.46112,0.46821,0.49548,0.48166,0.48096,0.49425,0.49947,0.49862
CAL-GRE-0114,Green Fodder,22.02,77.98,10.38,48.72,29.94,0.37845,0.39743,0.42244,0.47485,0.50273,0.46921,0.4316,0.39877,0.37918,0.41921,0.46509,0.51584,0.54453,0.53194,0.50672,0.46996,0.41756,0.40296,0.43494,0.46737,0.50251,0.51441,0.51157,0.50474,0.50706,0.50329
CAL-GRE-0115,Green Fodder,20.62,79.38,11.15,50.66,31.01,0.36241,0.38472,0.41313,0.4694,0.4897,0.4556,0.4247,0.39248,0.37477,0.41785,0.45834,0.51212,0.53902,0.53046,0.49899,0.46142,0.41462,0.3984,0.42811,0.47693,0.50761,0.51102,0.51016,0.51056,0.50823,0.51124
CAL-GRE-0116,Green Fodder,20.69,79.31,13.1,53.01,30.91,0.37627,0.40073,0.43633,0.48526,0.50171,0.46738,0.42789,0.39778,0.38411,0.42511,0.44171,0.49015,0.52564,0.51199,0.48502,0.44619,0.40669,0.38731,0.41701,0.47385,0.50528,0.48649,0.48528,0.48422,0.49929,0.49757
CAL-GRE-0117,Green Fodder,22.83,77.17,10.79,51.53,30.67,0.3977,0.41584,0.44796,0.48887,0.51874,0.48293,0.44287,0.41038,0.38459,0.42248,0.46469,0.51555,0.5469,0.51987,0.49196,0.44154,0.42023,0.4034,0.42789,0.45781,0.48684,0.48107,0.48562,0.49034,0.48109,0.47995
CAL-GRE-0118,Green Fodder,18.74,81.26,12.39,53.54,28.66,0.37954,0.40123,0.42761,0.47508,0.50984,0.48192,0.44186,0.40326,0.37585,0.42057,0.44758,0.49801,0.52752,0.51025,0.47306,0.44548,0.3945,0.36894,0.4047,0.46791,0.49788,0.48839,0.49219,0.48807,0.49539,0.50196
CAL-GRE-0119,Green Fodder,21.71,78.29,11.89,50.33,30.16,0.3839,0.39812,0.43317,0.48,0.50797,0.4768,0.43617,0.39649,0.38076,0.4173,0.45356,0.49649,0.52857,0.53179,0.49909,0.45669,0.41408,0.39331,0.42693,0.46742,0.50285,0.49257,0.49306,0.48848,0.49617,0.49755
CAL-GRE-0120,Green Fodder,21.03,78.97,11.53,55.79,31.26,0.3829,0.40137,0.43281,0.47777,0.49797,0.46803,0.43032,0.40214,0.38018,0.42248,0.45493,0.50932,0.53976,0.50312,0.47153,0.43331,0.4097,0.39302,0.42337,0.46629,0.50174,0.49433,0.49683,0.49828,0.4983,0.50078
CAL-GRE-0121,Green Fodder,20.36,79.64,11.77,50.09,35.12,0.39298,0.40873,0.43823,0.49356,0.49135,0.45742,0.42301,0.40461,0.38675,0.42653,0.45781,0.5131,0.52968,0.52657,0.49719,0.46367,0.40854,0.38595,0.40864,0.46105,0.48953,0.48462,0.49039,0.48411,0.48742,0.48901
CAL-GRE-0122,Green Fodder,22.11,77.89,10.1,51.26,29.94,0.38024,0.40266,0.43247,0.48098,0.5068,0.47291,0.43739,0.40033,0.37932,0.41822,0.47068,0.52684,0.55086,0.52016,0.49618,0.45183,0.42109,0.39825,0.43374,0.46711,0.5029,0.50307,0.50516,0.51007,0.49852,0.50466
CAL-GRE-0123,Green Fodder,22.51,77.49,13.11,48.22,28.05,0.36643,0.39216,0.41578,0.47329,0.50577,0.48113,0.43911,0.39617,0.38005,0.41849,0.43733,0.48617,0.51879,0.53925,0.51079,0.46475,0.42658,0.40822,0.44067,0.48069,0.50726,0.49154,0.48971,0.49812,0.50768,0.51378
CAL-GRE-0124,Green Fodder,18.91,81.09,11.75,55.23,32.83,0.37601,0.39956,0.42809,0.48332,0.49547,0.45595,0.42296,0.40342,0.38127,0.42108,0.45383,0.50156,0.5345,0.50391,0.47541,0.43547,0.39491,0.37775,0.40316,0.46447,0.50005,0.49494,0.49586,0.49039,0.50325,0.49983
CAL-GRE-0125,Green Fodder,20.13,79.87,12.28,49.25,35.07,0.36237,0.39063,0.41618,0.47274,0.47078,0.4443,0.40792,0.39504,0.37762,0.41412,0.44632,0.50108,0.52648,0.53612,0.50501,0.46755,0.40971,0.38835,0.4212,0.47865,0.50917,0.50792,0.50749,0.50659,0.51224,0.51332
CAL-GRE-0126,Green Fodder,19.98,80.02,11.31,52.9,30.44,0.36873,0.39005,0.42142,0.47159,0.50061,0.46726,0.42637,0.39669,0.37903,0.41665,0.45992,0.50406,0.54204,0.51579,0.48634,0.44506,0.40247,0.38182,0.41519,0.47606,0.50207,0.50018,0.50275,0.50499,0.50656,0.50787
CAL-GRE-0127,Green Fodder,24.5,75.5,13.21,47.94,29.46,0.37974,0.39647,0.43061,0.47883,0.5093,0.47788,0.43812,0.39773,0.37886,0.41843,0.43496,0.49408,0.52209,0.53937,0.51451,0.46889,0.43513,0.42386,0.44719,0.47064,0.50203,0.48872,0.4903,0.48968,0.50382,0.49998
CAL-GRE-0128,Green Fodder,18.99,81.01,12.76,48.49,30.38,0.37165,0.39377,0.42635,0.47508,0.50294,0.47054,0.42882,0.39767,0.38208,0.4215,0.44008,0.49181,0.52563,0.53877,0.50491,0.47066,0.39447,0.3814,0.40943,0.46889,0.50105,0.49041,0.49288,0.49214,0.5006,0.50021
CAL-GRE-0129,Green Fodder,22.57,77.43,11.31,52.68,29.89,0.37364,0.40126,0.42772,0.47388,0.49819,0.46173,0.43407,0.39932,0.37588,0.41377,0.4541,0.50945,0.5384,0.51897,0.4877,0.4509,0.42762,0.40955,0.43135,0.46989,0.50305,0.5072,0.51015,0.50457,0.50452,0.50104
CAL-GRE-0130,Green Fodder,20.9,79.1,14.16,50.15,34.79,0.39067,0.40467,0.43777,0.48872,0.48989,0.46241,0.42167,0.4055,0.38298,0.41883,0.43187,0.48196,0.50513,0.52941,0.49794,0.45367,0.40784,0.38723,0.42328,0.46628,0.49805,0.47321,0.46727,0.47423,0.49028,0.49057
CAL-GRE-0131,Green Fodder,22.15,77.85,12.27,54.33,33.86,0.36741,0.37751,0.41149,0.46107,0.47839,0.44583,0.40787,0.39153,0.37475,0.41057,0.44202,0.49722,0.53223,0.50898,0.4781,0.43545,0.429,0.40536,0.43554,0.4741,0.50635,0.50175,0.50534,0.50385,0.51691,0.51704
CAL-GRE-0132,Green Fodder,18.59,81.41,11.36,52.44,29.14,0.37615,0.3985,0.42682,0.48101,0.49807,0.47241,0.43969,0.40092,0.38013,0.42254,0.45181,0.51028,0.54141,0.51601,0.49621,0.44924,0.38731,0.37536,0.40239,0.47565,0.50413,0.49989,0.50652,0.50516,0.50132,0.50368
CAL-GRE-0133,Green Fodder,21.27,78.73,10.87,52.09,29.08,0.36335,0.39157,0.41568,0.46946,0.49559,0.46676,0.43378,0.39496,0.37564,0.41327,0.45939,0.51328,0.54279,0.52241,0.49363,0.45077,0.4114,0.39548,0.42826,0.47284,0.5028,0.50931,0.51719,0.50923,0.50914,0.50601
CAL-GRE-0134,Green Fodder,23.75,76.25,12.01,55.4,30.23,0.3801,0.40606,0.43274,0.47411,0.50513,0.47194,0.43629,0.40167,0.37514,0.42109,0.45278,0.50315,0.53371,0.50745,0.47412,0.43287,0.43716,0.42036,0.4463,0.4701,0.50069,0.49444,0.49365,0.50001,0.49683,0.50246
CAL-GRE-0135,Green Fodder,19.04,80.96,11.01,50.63,32.04,0.36992,0.38741,0.42572,0.4754,0.49356,0.46034,0.42035,0.39756,0.37454,0.41749,0.45929,0.50626,0.54185,0.52593,0.49735,0.46,0.40303,0.37749,0.40986,0.47309,0.50372,0.50657,0.5086,0.51177,0.51049,0.50718
CAL-GRE-0136,Green Fodder,23.89,76.11,10.3,55.06,31.59,0.39748,0.41758,0.445,0.49527,0.51041,0.4774,0.4309,0.40948,0.38534,0.42736,0.47405,0.52012,0.5528,0.5046,0.47304,0.4307,0.43514,0.40651,0.43625,0.45696,0.49141,0.49236,0.49126,0.48968,0.48368,0.4783
CAL-GRE-0137,Green Fodder,22.92,77.08,9.09,54.14,33.81,0.37662,0.40124,0.4275,0.4826,0.48545,0.44995,0.41704,0.40385,0.38057,0.41765,0.48154,0.5337,0.56076,0.51732,0.47812,0.44291,0.43042,0.40626,0.43732,0.47456,0.50217,0.51777,0.51208,0.51919,0.50352,0.5027
CAL-GRE-0138,Green Fodder,21.18,78.82,10.61,51.4,30.16,0.38373,0.40015,0.42473,0.48397,0.50013,0.47175,0.43457,0.39285,0.37828,0.41749,0.46597,0.51669,0.54557,0.52276,0.49656,0.45449,0.41436,0.39491,0.4302,0.47198,0.50014,0.50033,0.50198,0.5051,0.50226,0.50114
CAL-GRE-0139,Green Fodder,20.86,79.14,10.29,53.53,33.46,0.36415,0.38921,0.41376,0.46606,0.47986,0.45603,0.41129,0.39204,0.3756,0.4166,0.46428,0.5236,0.54785,0.51318,0.48264,0.44617,0.41812,0.4004,0.42413,0.47982,0.50916,0.51784,0.51565,0.51636,0.51433,0.51539
CAL-GRE-0140,Green Fodder,22.4,77.6,11.09,45.85,28.1,0.38433,0.40177,0.43707,0.48026,0.51384,0.48352,0.44808,0.4006,0.38334,0.42213,0.46488,0.51428,0.54119,0.54544,0.51939,0.47959,0.42249,0.39898,0.43417,0.46718,0.49393,0.49563,0.50235,0.49811,0.49808,0.49136
CAL-GRE-0141,Green Fodder,20.64,79.36,11.38,51.56,30.12,0.36785,0.38744,0.42017,0.47493,0.49146,0.46793,0.43191,0.39458,0.37443,0.41968,0.45299,0.50676,0.53459,0.51701,0.49305,0.4506,0.41216,0.39642,0.42953,0.47603,0.50969,0.50743,0.50597,0.50223,0.51506,0.50791
CAL-GRE-0142,Green Fodder,23.07,76.93,10.22,52.78,34.84,0.39564,0.40861,0.43713,0.48868,0.49165,0.46486,0.4226,0.39978,0.38535,0.42255,0.47208,0.52183,0.5538,0.51859,0.48253,0.44372,0.42416,0.39957,0.43341,0.4698,0.48825,0.49926,0.49828,0.49843,0.48697,0.4847
CAL-GRE-0143,Green Fodder,24.66,75.34,10.22,50.75,34.79,0.395,0.41686,0.44764,0.49612,0.49255,0.46303,0.4247,0.41336,0.38391,0.42334,0.47453,0.52375,0.55256,0.52302,0.49258,0.45345,0.44026,0.41439,0.44366,0.45798,0.49527,0.49564,0.49704,0.49252,0.48443,0.47829
CAL-GRE-0144,Green Fodder,24.5,75.5,11.28,52.52,28.75,0.36531,0.39216,0.42515,0.46903,0.50286,0.47237,0.4324,0.40028,0.37433,0.42037,0.45797,0.50773,0.54286,0.51877,0.48857,0.45396,0.44713,0.42795,0.44364,0.47755,0.50783,0.5075,0.51039,0.5103,0.51306,0.51118
CAL-GRE-0145,Green Fodder,23.56,76.44,11.74,53.23,33.08,0.37866,0.39561,0.42927,0.47717,0.49442,0.46232,0.4175,0.40505,0.37211,0.42068,0.4516,0.50969,0.53516,0.51162,0.48356,0.44257,0.43278,0.41306,0.44215,0.4731,0.50382,0.49621,0.49458,0.50084,0.50565,0.5066
CAL-GRE-0146,Green Fodder,25.15,74.85,12.2,58.7,36.58,0.36612,0.38549,0.42275,0.47497,0.47159,0.44462,0.40239,0.39413,0.37527,0.41699,0.45084,0.49754,0.52882,0.48856,0.45694,0.42157,0.44482,0.42485,0.45987,0.47569,0.50257,0.50291,0.50534,0.49837,0.51238,0.50146
CAL-GRE-0147,Green Fodder,20.28,79.72,12.18,49.6,30.88,0.37359,0.3957,0.43215,0.47665,0.50412,0.46695,0.4329,0.39337,0.37771,0.41728,0.45406,0.50032,0.52382,0.52824,0.49946,0.46561,0.40981,0.38681,0.41638,0.47422,0.499,0.49725,0.49731,0.49569,0.50485,0.50429
CAL-GRE-0148,Green Fodder,19.33,80.67,11.81,54.57,31.58,0.40936,0.42502,0.45582,0.50114,0.51298,0.48668,0.43712,0.41297,0.38877,0.42637,0.45988,0.50503,0.53649,0.50624,0.47201,0.43567,0.39155,0.37063,0.40078,0.45987,0.48521,0.47605,0.47047,0.47317,0.47793,0.47351
CAL-GRE-0149,Green Fodder,23.74,76.26,12.13,51.25,32.78,0.37547,0.39204,0.42842,0.47132,0.48835,0.45856,0.41707,0.39809,0.38162,0.42195,0.45157,0.49483,0.52642,0.52452,0.49443,0.45355,0.44143,0.41655,0.44837,0.4763,0.50401,0.50562,0.49554,0.49705,0.50307,0.5111
CAL-GRE-0150,Green Fodder,20.91,79.09,10.34,55.46,31.65,0.385,0.40052,0.43218,0.48148,0.49604,0.46742,0.42424,0.40182,0.38256,0.42318,0.47079,0.51835,0.55333,0.50534,0.47676,0.43689,0.4107,0.39218,0.42328,0.46615,0.49616,0.50163,0.50514,0.5044,0.49499,0.49968
CAL-GRE-0151,Green Fodder,24.36,75.64,13.21,53.14,29.75,0.38525,0.40307,0.43206,0.47993,0.50587,0.47647,0.43915,0.40299,0.38667,0.42295,0.44181,0.48935,0.51689,0.51245,0.4818,0.43595,0.43496,0.42253,0.44856,0.46715,0.49921,0.4778,0.48424,0.48696,0.49659,0.49137
CAL-GRE-0152,Green Fodder,24.56,75.44,11.46,48.45,35.26,0.37609,0.39913,0.42676,0.47678,0.48149,0.45477,0.41675,0.39877,0.37691,0.42139,0.45891,0.50812,0.53823,0.5374,0.50804,0.46721,0.44372,0.42721,0.45107,0.47006,0.50086,0.49632,0.5006,0.49964,0.49888,0.50286
CAL-GRE-0153,Green Fodder,20.06,79.94,11.55,52.59,32.73,0.37862,0.39611,0.42533,0.47706,0.49154,0.46221,0.42197,0.39802,0.3816,0.41689,0.46315,0.50831,0.53295,0.51775,0.48982,0.44676,0.40108,0.38276,0.41781,0.46675,0.49798,0.50178,0.49982,0.49871,0.50208,0.49946
CAL-GRE-0154,Green Fodder,20.39,79.61,10.66,52.87,30.54,0.37509,0.39146,0.42875,0.47811,0.49839,0.46706,0.43043,0.40021,0.37929,0.42413,0.46691,0.5147,0.54746,0.51592,0.48614,0.45011,0.40518,0.38817,0.42189,0.47238,0.50057,0.50053,0.49906,0.51233,0.5035,0.50104
CAL-GRE-0155,Green Fodder,20.1,79.9,10.87,49.65,28.46,0.38151,0.40241,0.43964,0.48299,0.5171,0.48774,0.4443,0.40255,0.38322,0.42094,0.46849,0.51988,0.54797,0.52499,0.49951,0.46021,0.40403,0.37684,0.40616,0.46985,0.49362,0.49253,0.49306,0.49691,0.49033,0.4929
CAL-GRE-0156,Green Fodder,18.51,81.49,12.62,53.0,30.4,0.37832,0.40429,0.43168,0.48335,0.50057,0.47248,0.43355,0.3983,0.37967,0.41822,0.44693,0.49178,0.52747,0.51596,0.48443,0.44639,0.39103,0.37012,0.40378,0.47182,0.49855,0.48833,0.48957,0.48847,0.50468,0.50107
CAL-GRE-0157,Green Fodder,20.13,79.87,11.94,50.47,29.83,0.37498,0.39441,0.41633,0.47395,0.50009,0.46928,0.43137,0.39134,0.36887,0.41502,0.45199,0.49205,0.52979,0.52217,0.4978,0.46499,0.40648,0.3874,0.42082,0.47388,0.50376,0.5026,0.50182,0.50186,0.50633,0.5063
CAL-GRE-0158,Green Fodder,21.33,78.67,12.43,49.38,33.58,0.3782,0.39413,0.42882,0.4756,0.48759,0.45628,0.4176,0.40141,0.3804,0.41572,0.44384,0.49811,0.52859,0.53119,0.50825,0.46617,0.41364,0.39361,0.42535,0.47068,0.5057,0.49653,0.49393,0.49612,0.50543,0.5034
CAL-GRE-0159,Green Fodder,23.19,76.81,11.69,50.05,29.78,0.37046,0.3899,0.4183,0.47544,0.50002,0.46566,0.42965,0.39563,0.37742,0.41433,0.44933,0.50564,0.53018,0.52938,0.4998,0.4611,0.43269,0.41743,0.43852,0.47714,0.49767,0.50667,0.49705,0.51118,0.50681,0.51254
CAL-GRE-0160,Green Fodder,21.13,78.87,10.84,49.91,32.42,0.38532,0.40361,0.43715,0.48232,0.49783,0.46861,0.42583,0.40143,0.38698,0.42123,0.46384,0.51386,0.54522,0.5271,0.50095,0.45991,0.4058,0.39602,0.4245,0.46417,0.49268,0.49872,0.49323,0.50107,0.49253,0.49827
CAL-GRE-0161,Green Fodder,21.78,78.22,12.47,51.19,31.49,0.38116,0.39639,0.42444,0.47402,0.49835,0.46794,0.43013,0.39825,0.37495,0.41235,0.45551,0.49865,0.52765,0.52496,0.49,0.45208,0.42403,0.40094,0.42684,0.46742,0.49972,0.49162,0.49888,0.49234,0.49838,0.50194
CAL-GRE-0162,Green Fodder,19.44,80.56,11.6,55.02,31.25,0.37195,0.39321,0.42027,0.4753,0.49609,0.46292,0.43188,0.39989,0.37258,0.4131,0.45189,0.51002,0.53842,0.50999,0.4756,0.43539,0.39735,0.3826,0.41141,0.47224,0.50825,0.50065,0.50548,0.49717,0.51327,0.50454
CAL-GRE-0163,Green Fodder,23.73,76.27,10.7,54.05,32.57,0.37136,0.39192,0.42468,0.47472,0.49349,0.46194,0.42014,0.39896,0.37152,0.41634,0.46454,0.51754,0.54531,0.5144,0.48315,0.4396,0.43526,0.41742,0.44537,0.47797,0.50057,0.50885,0.51062,0.508,0.50436,0.50627
CAL-GRE-0164,Green Fodder,21.0,79.0,10.13,54.88,31.72,0.38075,0.40018,0.43463,0.48162,0.49341,0.46717,0.42427,0.39764,0.37494,0.4185,0.47187,0.52022,0.5473,0.50114,0.48223,0.43705,0.41017,0.39421,0.42957,0.47304,0.493,0.51699,0.50366,0.50878,0.49869,0.50006
CAL-GRE-0165,Green Fodder,17.86,82.14,11.11,54.87,29.48,0.38388,0.40698,0.43574,0.48433,0.50798,0.48246,0.44204,0.40034,0.38011,0.42266,0.45962,0.5124,0.54563,0.50516,0.47105,0.43523,0.38408,0.36352,0.39475,0.46789,0.49528,0.49498,0.50071,0.49747,0.4951,0.49235
CAL-GRE-0166,Green Fodder,24.25,75.75,11.34,50.56,30.56,0.38308,0.40867,0.43707,0.48509,0.50569,0.4733,0.42847,0.39839,0.37992,0.419,0.46062,0.51171,0.53841,0.5312,0.49415,0.45561,0.43621,0.41916,0.44572,0.46729,0.49145,0.49222,0.49773,0.48774,0.49853,0.49552
CAL-GRE-0167,Green Fodder,20.34,79.66,13.1,55.53,30.79,0.37616,0.39415,0.42684,0.47475,0.49774,0.47374,0.42836,0.39499,0.37437,0.41919,0.43791,0.49127,0.51601,0.5046,0.46969,0.43335,0.40686,0.39337,0.41907,0.47805,0.50423,0.49389,0.48933,0.49133,0.50756,0.50696
CAL-GRE-0168,Green Fodder,21.34,78.66,11.04,54.84,33.42,0.38131,0.40061,0.42988,0.48484,0.48962,0.46462,0.42355,0.39972,0.3858,0.41648,0.46718,0.51292,0.53549,0.51043,0.47832,0.43388,0.41099,0.38893,0.43064,0.46562,0.49435,0.49981,0.49385,0.49557,0.50014,0.4983
CAL-GRE-0169,Green Fodder,22.04,77.96,10.76,51.85,29.63,0.3629,0.38403,0.41492,0.47146,0.49735,0.46347,0.42391,0.39277,0.38094,0.41262,0.46087,0.51285,0.54348,0.52001,0.49608,0.45521,0.42713,0.40759,0.43973,0.48274,0.51321,0.52052,0.51842,0.51399,0.51668,0.51749
CAL-GRE-0170,Green Fodder,20.07,79.93,11.76,50.3,31.92,0.37228,0.39493,0.41982,0.477,0.49211,0.46252,0.42848,0.39574,0.37848,0.41832,0.4536,0.51024,0.53433,0.52709,0.50498,0.45901,0.40169,0.38485,0.4139,0.46828,0.50316,0.5007,0.50502,0.50393,0.50826,0.5044
CAL-GRE-0171,Green Fodder,24.78,75.22,11.59,53.06,28.72,0.38324,0.40541,0.43103,0.47827,0.50867,0.47789,0.43806,0.40198,0.38087,0.42303,0.45718,0.50347,0.53456,0.51303,0.48415,0.45009,0.4481,0.42474,0.45258,0.46588,0.50061,0.49482,0.50207,0.49236,0.50108,0.4973
CAL-GRE-0172,Green Fodder,23.33,76.67,12.22,51.85,32.37,0.37422,0.39725,0.42982,0.47811,0.49035,0.46141,0.42559,0.39506,0.3758,0.42074,0.4477,0.49497,0.53368,0.51761,0.49062,0.44966,0.43083,0.40937,0.44447,0.4723,0.50523,0.4936,0.50213,0.49032,0.49873,0.50905
CAL-GRE-0173,Green Fodder,22.68,77.32,11.63,53.43,31.54,0.3806,0.40567,0.43492,0.48694,0.50551,0.47093,0.42598,0.40686,0.3782,0.42199,0.45562,0.50482,0.53812,0.51345,0.48398,0.43971,0.42396,0.40189,0.43333,0.46782,0.50343,0.49382,0.48795,0.49823,0.49813,0.49611
CAL-GRE-0174,Green Fodder,20.11,79.89,13.14,52.13,27.87,0.36593,0.38977,0.41782,0.46585,0.4993,0.47073,0.43925,0.39316,0.36954,0.41694,0.43803,0.48747,0.51696,0.51676,0.49442,0.45311,0.4105,0.391,0.42246,0.47642,0.50842,0.50017,0.50212,0.49541,0.51323,0.51757
CAL-GRE-0175,Green Fodder,25.56,74.44,10.4,55.19,31.11,0.38517,0.40424,0.42792,0.4832,0.50398,0.47074,0.4299,0.39618,0.38278,0.4212,0.4656,0.51722,0.5485,0.5023,0.47383,0.42841,0.45199,0.42783,0.45432,0.46156,0.50187,0.50586,0.50466,0.50645,0.50071,0.49855
CAL-GRE-0176,Green Fodder,21.17,78.83,11.62,55.49,30.81,0.39451,0.41039,0.43961,0.49487,0.51255,0.48182,0.43359,0.41101,0.38338,0.42214,0.45133,0.50798,0.53294,0.50336,0.46784,0.43591,0.41216,0.39654,0.41582,0.46941,0.48855,0.49082,0.4875,0.48724,0.48918,0.48718
CAL-GRE-0177,Green Fodder,21.12,78.88,11.32,54.91,31.53,0.3658,0.37929,0.41384,0.46868,0.48687,0.45467,0.42147,0.39062,0.3713,0.41651,0.45532,0.50515,0.53646,0.50295,0.47639,0.44229,0.41861,0.40217,0.43226,0.47736,0.50567,0.50844,0.51062,0.51181,0.51922,0.52061
CAL-GRE-0178,Green Fodder,20.47,79.53,12.8,55.98,30.58,0.37136,0.39446,0.42137,0.47194,0.49295,0.45855,0.42665,0.39344,0.37315,0.41845,0.43766,0.49524,0.52507,0.49931,0.47113,0.42855,0.41285,0.39197,0.42299,0.47674,0.50411,0.4911,0.49934,0.49934,0.50765,0.51129
CAL-GRE-0179,Green Fodder,24.28,75.72,10.64,48.28,28.63,0.38193,0.40702,0.43022,0.48039,0.50958,0.47961,0.44094,0.39742,0.38428,0.42037,0.47366,0.51247,0.55053,0.54267,0.50703,0.46685,0.43465,0.41446,0.44696,0.46857,0.49348,0.50889,0.501,0.50174,0.49549,0.49634
CAL-GRE-0180,Green Fodder,21.99,78.01,11.19,54.01,31.41,0.38958,0.40684,0.43696,0.48495,0.50645,0.47381,0.43177,0.40272,0.38236,0.42218,0.46147,0.50936,0.54274,0.51212,0.4844,0.43664,0.41986,0.39154,0.42916,0.46175,0.49257,0.49602,0.49257,0.49156,0.49168,0.49473
CAL-GRE-0181,Green Fodder,21.89,78.11,10.82,54.05,32.53,0.37276,0.40154,0.42671,0.47939,0.4899,0.46397,0.43065,0.39962,0.378,0.41882,0.45903,0.51793,0.54466,0.50667,0.47691,0.44014,0.42241,0.3963,0.43324,0.47063,0.49825,0.50243,0.50921,0.49994,0.4994,0.50459
CAL-GRE-0182,Green Fodder,20.42,79.58,12.16,54.53,31.6,0.38639,0.40619,0.43776,0.48232,0.50719,0.47765,0.43118,0.40469,0.38652,0.42817,0.45667,0.49613,0.52973,0.50852,0.47488,0.44105,0.40992,0.38193,0.41323,0.46347,0.49448,0.48698,0.48986,0.48367,0.48458,0.48696
CAL-GRE-0183,Green Fodder,20.69,79.31,11.39,49.3,28.82,0.38222,0.40126,0.43254,0.48201,0.51419,0.47876,0.44025,0.40057,0.38423,0.42094,0.46228,0.50527,0.53818,0.53157,0.49922,0.46229,0.41331,0.38515,0.41692,0.46346,0.49262,0.49292,0.49353,0.49327,0.49471,0.49005
CAL-GRE-0184,Green Fodder,23.0,77.0,9.84,51.11,31.53,0.37413,0.39779,0.42248,0.47999,0.49659,0.46595,0.42944,0.39746,0.37688,0.42313,0.4784,0.52108,0.5531,0.52772,0.49463,0.45693,0.43136,0.40761,0.44084,0.47181,0.49846,0.50893,0.51023,0.51525,0.50612,0.50577
CAL-GRE-0185,Green Fodder,22.83,77.17,11.48,53.02,31.86,0.36621,0.38882,0.41887,0.47604,0.49503,0.45432,0.42629,0.39605,0.37959,0.41884,0.45963,0.5067,0.53275,0.51497,0.4876,0.44617,0.43126,0.40986,0.43903,0.47172,0.50457,0.50518,0.49946,0.50376,0.50282,0.50773
CAL-GRE-0186,Green Fodder,19.63,80.37,11.9,59.12,33.62,0.37118,0.39409,0.41814,0.46827,0.48335,0.4552,0.41802,0.39424,0.37726,0.41789,0.45073,0.50164,0.53004,0.4856,0.45608,0.41491,0.4056,0.38743,0.41711,0.47167,0.50583,0.49862,0.50238,0.5001,0.51232,0.51157
CAL-GRE-0187,Green Fodder,24.1,75.9,10.93,50.94,34.14,0.38008,0.39646,0.4335,0.48087,0.49237,0.45853,0.4177,0.40483,0.37559,0.4184,0.46016,0.50619,0.54535,0.52362,0.49797,0.45637,0.43849,0.41525,0.44428,0.46997,0.50241,0.50135,0.49935,0.49782,0.50008,0.49776
CAL-GRE-0188,Green Fodder,21.52,78.48,10.76,52.73,32.0,0.38953,0.40561,0.43783,0.4803,0.49367,0.46814,0.43047,0.4037,0.38494,0.41341,0.46893,0.51589,0.53996,0.51835,0.4864,0.44674,0.41816,0.39616,0.42016,0.46768,0.49297,0.50259,0.50455,0.49634,0.49464,0.49372
CAL-GRE-0189,Green Fodder,22.82,77.18,10.76,53.63,32.92,0.38143,0.39492,0.43258,0.48297,0.49571,0.46073,0.4191,0.39622,0.37602,0.41951,0.4666,0.51813,0.5429,0.5118,0.48176,0.44031,0.42933,0.40836,0.43785,0.47205,0.50297,0.50619,0.50201,0.50736,0.50249,0.50057
CAL-GRE-0190,Green Fodder,22.69,77.31,12.28,49.38,33.38,0.38196,0.40022,0.42998,0.47843,0.48652,0.46363,0.42739,0.39598,0.37783,0.42278,0.44942,0.50191,0.52895,0.53126,0.50217,0.45555,0.42155,0.40768,0.43826,0.47324,0.50019,0.48437,0.48909,0.49481,0.50313,0.5022
CAL-GRE-0191,Green Fodder,19.39,80.61,11.16,52.04,33.82,0.3938,0.41211,0.44124,0.49117,0.49952,0.46442,0.42237,0.40988,0.3798,0.42858,0.4573,0.51023,0.54385,0.51929,0.48429,0.44847,0.39562,0.37373,0.40145,0.46308,0.49039,0.49867,0.4896,0.48815,0.48631,0.49222
CAL-GRE-0192,Green Fodder,22.72,77.28,10.96,48.44,29.53,0.37897,0.39558,0.42911,0.48368,0.50506,0.47035,0.43233,0.39827,0.37823,0.4199,0.46293,0.51735,0.5423,0.53442,0.51149,0.47198,0.427,0.40573,0.43849,0.4704,0.49502,0.50471,0.50586,0.50766,0.49963,0.50266
CAL-GRE-0193,Green Fodder,22.17,77.83,11.31,52.09,31.38,0.38485,0.40608,0.42994,0.48148,0.49899,0.46836,0.42499,0.40123,0.38238,0.42027,0.45935,0.51042,0.54319,0.51817,0.48571,0.44874,0.42628,0.39694,0.43216,0.47211,0.49133,0.49864,0.49901,0.49619,0.49564,0.4956
CAL-GRE-0194,Green Fodder,21.4,78.6,10.71,51.14,33.14,0.37853,0.39675,0.43545,0.48107,0.49174,0.4624,0.42318,0.39938,0.3823,0.41772,0.46444,0.50852,0.54851,0.52369,0.49606,0.4553,0.41621,0.39436,0.42538,0.46599,0.49518,0.50165,0.49975,0.50589,0.49913,0.49568
CAL-GRE-0195,Green Fodder,22.27,77.73,11.13,52.68,31.12,0.38301,0.40016,0.43491,0.48714,0.5033,0.47752,0.4331,0.40723,0.38604,0.42516,0.45851,0.51159,0.54464,0.51713,0.4874,0.441,0.42587,0.39717,0.42298,0.46521,0.48835,0.49234,0.50269,0.4933,0.48911,0.49289
CAL-GRE-0196,Green Fodder,23.73,76.27,10.31,52.68,28.94,0.38308,0.39717,0.4256,0.47554,0.50339,0.47315,0.43344,0.40296,0.37664,0.41229,0.46445,0.52111,0.54795,0.5164,0.49069,0.44523,0.43705,0.41353,0.44763,0.47128,0.5021,0.51189,0.51205,0.50969,0.50292,0.50951
CAL-GRE-0197,Green Fodder,21.22,78.78,10.55,54.56,31.21,0.3886,0.40871,0.43865,0.48674,0.50896,0.4784,0.43549,0.40812,0.3833,0.42462,0.47136,0.52068,0.54964,0.50872,0.48197,0.43375,0.41073,0.38983,0.41864,0.45931,0.49867,0.49531,0.49817,0.49267,0.4935,0.48856
CAL-GRE-0198,Green Fodder,22.39,77.61,10.5,50.56,31.31,0.37823,0.39371,0.42352,0.4769,0.49754,0.47065,0.42338,0.39721,0.38203,0.42475,0.46319,0.51429,0.54798,0.52561,0.4954,0.45874,0.42893,0.40068,0.43944,0.47044,0.50354,0.51251,0.50905,0.50752,0.50599,0.50365
CAL-GRE-0199,Green Fodder,21.59,78.41,12.06,48.51,29.18,0.38578,0.40903,0.43381,0.48553,0.51078,0.48774,0.43953,0.40054,0.38435,0.42786,0.45304,0.50247,0.53566,0.53966,0.5075,0.46368,0.41529,0.38904,0.42045,0.46909,0.4979,0.48848,0.48058,0.48194,0.48876,0.48948
CAL-GRE-0200,Green Fodder,21.51,78.49,12.97,53.0,31.39,0.3714,0.38998,0.42165,0.47074,0.49488,0.46625,0.42264,0.398,0.38241,0.42432,0.44353,0.49114,0.52432,0.51927,0.47963,0.45055,0.41598,0.39645,0.42744,0.47385,0.5,0.49055,0.49342,0.49295,0.50625,0.50458
CAL-GRE-0201,Green Fodder,24.11,75.89,12.2,53.07,32.69,0.37876,0.40449,0.43042,0.47681,0.48789,0.46015,0.42024,0.39984,0.37651,0.4225,0.4451,0.49468,0.52948,0.51228,0.48134,0.44351,0.4357,0.41832,0.44674,0.47038,0.5023,0.49869,0.50036,0.4967,0.50422,0.5033
CAL-GRE-0202,Green Fodder,22.78,77.22,12.53,47.28,30.58,0.39182,0.40986,0.43626,0.48432,0.51146,0.4759,0.43204,0.40732,0.38527,0.42268,0.44616,0.4977,0.53082,0.53833,0.50762,0.46956,0.42314,0.40086,0.43342,0.46765,0.49435,0.48505,0.48332,0.48167,0.48618,0.48611
CAL-GRE-0203,Green Fodder,21.7,78.3,11.43,48.38,31.13,0.38662,0.4053,0.43589,0.48367,0.50759,0.47452,0.43673,0.40274,0.38211,0.42821,0.45466,0.51264,0.54301,0.54004,0.50601,0.47055,0.41407,0.39218,0.42239,0.46348,0.49161,0.49542,0.48903,0.49052,0.48716,0.49085
CAL-GRE-0204,Green Fodder,19.64,80.36,11.09,54.64,31.79,0.3893,0.40676,0.43552,0.48828,0.50042,0.474,0.43458,0.4009,0.38071,0.42054,0.45825,0.51062,0.54531,0.50334,0.47983,0.43393,0.40528,0.37627,0.40726,0.46323,0.49327,0.49949,0.49628,0.49732,0.4889,0.49419
CAL-GRE-0205,Green Fodder,19.33,80.67,11.44,52.57,31.1,0.37453,0.39561,0.42801,0.47064,0.49894,0.47069,0.42455,0.39164,0.37311,0.41648,0.46213,0.50675,0.53546,0.51539,0.48409,0.45129,0.40046,0.38765,0.41384,0.47645,0.50385,0.50024,0.5015,0.50062,0.50974,0.50647
CAL-GRE-0206,Green Fodder,22.27,77.73,10.91,49.08,31.54,0.38729,0.41002,0.43453,0.48789,0.50816,0.47342,0.43432,0.40521,0.38856,0.42334,0.46662,0.51377,0.54092,0.53068,0.50747,0.46001,0.42219,0.40056,0.43143,0.46432,0.49286,0.49778,0.49513,0.49168,0.4985,0.48968
CAL-GRE-0207,Green Fodder,21.52,78.48,12.45,46.58,33.11,0.37073,0.39478,0.42248,0.48101,0.4875,0.45553,0.41727,0.39739,0.37818,0.41949,0.44616,0.49256,0.52619,0.54917,0.51586,0.48041,0.41805,0.39783,0.43259,0.46819,0.5019,0.49937,0.50169,0.50358,0.50617,0.50791
CAL-GRE-0208,Green Fodder,24.55,75.45,11.51,54.32,31.83,0.37709,0.39313,0.42525,0.47503,0.49008,0.45905,0.42309,0.39724,0.3787,0.42041,0.45654,0.50556,0.53394,0.51123,0.47865,0.43802,0.44109,0.41981,0.45078,0.47064,0.50182,0.50282,0.50243,0.50621,0.50775,0.51034
CAL-GRE-0209,Green Fodder,23.09,76.91,10.71,54.07,29.82,0.38066,0.40925,0.43051,0.48517,0.50553,0.48115,0.44115,0.40382,0.38557,0.42144,0.47259,0.51772,0.54238,0.50968,0.47861,0.43791,0.4223,0.40802,0.4323,0.45979,0.49592,0.49769,0.49697,0.48984,0.49278,0.49441
CAL-GRE-0210,Green Fodder,22.77,77.23,12.59,53.29,32.85,0.39098,0.40398,0.43774,0.4888,0.49651,0.46483,0.42818,0.39892,0.37949,0.42014,0.44896,0.49765,0.52948,0.51047,0.4797,0.44359,0.42166,0.40163,0.42726,0.46689,0.50003,0.48196,0.4875,0.48365,0.48766,0.48966
CAL-GRE-0211,Green Fodder,21.37,78.63,11.62,56.62,28.42,0.3883,0.40629,0.43439,0.4877,0.51694,0.48072,0.44543,0.40068,0.38355,0.42654,0.45915,0.50751,0.53461,0.4967,0.46741,0.42633,0.41191,0.39207,0.41669,0.46272,0.49627,0.49295,0.48993,0.4933,0.49255,0.48954
CAL-GRE-0212,Green Fodder,24.88,75.12,11.97,56.5,34.9,0.38608,0.40529,0.42976,0.49031,0.49313,0.46066,0.41589,0.40411,0.38413,0.42513,0.4551,0.50548,0.53232,0.50067,0.46822,0.42197,0.4444,0.42312,0.45004,0.46567,0.49901,0.48295,0.49077,0.48483,0.49414,0.49042
CAL-GRE-0213,Green Fodder,21.01,78.99,12.22,51.47,29.88,0.38373,0.40709,0.43997,0.47785,0.5167,0.47846,0.43914,0.40116,0.38201,0.42215,0.44776,0.49804,0.53356,0.51775,0.49328,0.45039,0.4076,0.39595,0.41672,0.46369,0.49607,0.48672,0.4886,0.4886,0.49554,0.49401
CAL-GRE-0214,Green Fodder,23.29,76.71,11.09,50.76,33.66,0.38499,0.40821,0.43818,0.48794,0.49506,0.46256,0.42194,0.40163,0.37543,0.42366,0.46292,0.51424,0.54098,0.52798,0.49142,0.45162,0.42137,0.40796,0.43562,0.4645,0.49779,0.49586,0.49241,0.50391,0.49496,0.49139
CAL-GRE-0215,Green Fodder,21.65,78.35,11.02,55.26,30.86,0.39437,0.4068,0.43867,0.48976,0.51014,0.47979,0.43433,0.40386,0.37573,0.42188,0.46679,0.5155,0.54185,0.50847,0.47151,0.42981,0.41336,0.39069,0.42522,0.46629,0.49655,0.494,0.49436,0.4873,0.49303,0.49149
CAL-GRE-0216,Green Fodder,21.79,78.21,10.94,56.41,29.09,0.38288,0.39846,0.42991,0.48226,0.50828,0.47875,0.43962,0.39935,0.38333,0.41961,0.46266,0.51389,0.54333,0.4998,0.46867,0.42898,0.41682,0.39444,0.42322,0.46401,0.50416,0.49389,0.50396,0.49776,0.50183,0.49151
CAL-GRE-0217,Green Fodder,24.91,75.09,11.91,51.16,27.5,0.35721,0.38685,0.41315,0.46548,0.50204,0.46879,0.43542,0.39046,0.37411,0.413,0.44438,0.49933,0.53404,0.52615,0.49657,0.46067,0.44792,0.43021,0.46011,0.48266,0.51217,0.50613,0.50484,0.51413,0.51508,0.51904
CAL-GRE-0218,Green Fodder,23.6,76.4,12.81,50.65,32.93,0.38967,0.40992,0.44412,0.48645,0.49887,0.46533,0.42994,0.40254,0.38652,0.41774,0.44745,0.49311,0.52646,0.5263,0.49397,0.45365,0.42759,0.41189,0.43546,0.46421,0.49528,0.48704,0.48141,0.47994,0.492,0.48419
CAL-GRE-0219,Green Fodder,21.25,78.75,10.49,48.0,32.54,0.37084,0.39128,0.41957,0.47269,0.48861,0.45707,0.41999,0.39324,0.37672,0.42065,0.46884,0.51992,0.54759,0.5405,0.50986,0.46658,0.41274,0.39707,0.42804,0.4794,0.50991,0.50969,0.515,0.51191,0.51119,0.51235
CAL-GRE-0220,Green Fodder,21.01,78.99,12.21,47.32,33.33,0.39237,0.41144,0.43434,0.48829,0.5032,0.46686,0.42928,0.40558,0.38767,0.42406,0.44955,0.50152,0.53516,0.54441,0.51157,0.47769,0.41211,0.39009,0.41759,0.46572,0.49482,0.47789,0.48463,0.48196,0.48705,0.48697
CAL-GRE-0221,Green Fodder,18.39,81.61,12.45,53.16,26.66,0.38671,0.4104,0.43625,0.49015,0.52626,0.48837,0.45133,0.40237,0.37887,0.418,0.4468,0.49662,0.52872,0.51702,0.48475,0.44479,0.38796,0.3699,0.39697,0.46429,0.50063,0.47855,0.47924,0.48534,0.49144,0.48725
CAL-GRE-0222,Green Fodder,20.15,79.85,12.09,55.03,33.95,0.37619,0.39678,0.4265,0.4846,0.4901,0.45901,0.41938,0.40025,0.37698,0.42181,0.45071,0.49759,0.53284,0.50353,0.47541,0.43428,0.40761,0.38552,0.41214,0.47047,0.50049,0.49463,0.49613,0.4911,0.50112,0.49387
CAL-GRE-0223,Green Fodder,21.45,78.55,12.65,51.61,32.09,0.36174,0.38701,0.41656,0.47756,0.4848,0.45806,0.41925,0.38952,0.37375,0.41758,0.44318,0.48706,0.5233,0.52554,0.49528,0.4582,0.41628,0.40412,0.43118,0.48153,0.5078,0.49255,0.50228,0.49944,0.51081,0.50862
CAL-GRE-0224,Green Fodder,20.96,79.04,12.78,50.92,29.33,0.39285,0.40796,0.43728,0.48291,0.51135,0.4833,0.4374,0.40229,0.38194,0.42269,0.45047,0.49442,0.52253,0.53327,0.49302,0.45304,0.4081,0.38763,0.41798,0.46814,0.49588,0.48616,0.48535,0.48213,0.49295,0.49444
CAL-GRE-0225,Green Fodder,27.0,73.0,10.69,51.12,28.82,0.36828,0.3954,0.42995,0.47209,0.50421,0.47448,0.43748,0.40306,0.38162,0.417,0.46508,0.51603,0.54474,0.52143,0.49297,0.45947,0.46601,0.44229,0.47435,0.47784,0.49979,0.50781,0.51585,0.51135,0.50413,0.50852
CAL-GRE-0226,Green Fodder,16.91,83.09,11.38,51.07,28.04,0.38366,0.40273,0.43279,0.48155,0.51108,0.47951,0.44152,0.40408,0.38193,0.42075,0.4558,0.50752,0.54059,0.52603,0.49281,0.44614,0.37628,0.35658,0.38503,0.46699,0.5004,0.49633,0.49914,0.49137,0.49595,0.49077
CAL-GRE-0227,Green Fodder,19.91,80.09,12.48,53.02,32.83,0.38096,0.39901,0.42874,0.48251,0.49965,0.46528,0.42274,0.40042,0.38072,0.42671,0.45134,0.49824,0.52761,0.51569,0.48609,0.44319,0.40011,0.38556,0.41235,0.47168,0.50359,0.49106,0.4904,0.49874,0.49855,0.49448
CAL-GRE-0228,Green Fodder,25.1,74.9,9.91,50.12,32.99,0.37477,0.39561,0.42952,0.4745,0.48463,0.45522,0.42149,0.39884,0.37633,0.41529,0.47125,0.52576,0.55026,0.52759,0.49636,0.45919,0.44708,0.43276,0.45742,0.47213,0.50524,0.51415,0.51068,0.51967,0.50398,0.50512
CAL-GRE-0229,Green Fodder,22.69,77.31,12.73,50.53,32.41,0.37115,0.39435,0.4215,0.47184,0.4902,0.45982,0.41704,0.39992,0.37883,0.41716,0.44147,0.49472,0.52635,0.52297,0.49962,0.4612,0.42109,0.40949,0.44173,0.4766,0.50802,0.4947,0.49331,0.49178,0.51188,0.51146
CAL-GRE-0230,Green Fodder,20.55,79.45,12.0,48.24,29.43,0.37159,0.39391,0.42766,0.4726,0.49769,0.46824,0.42963,0.4028,0.37911,0.42088,0.44949,0.5009,0.53371,0.53762,0.50896,0.46852,0.40952,0.39171,0.4198,0.47543,0.50612,0.49981,0.49857,0.50207,0.50657,0.50892
CAL-GRE-0231,Green Fodder,19.49,80.51,13.37,51.82,31.74,0.36536,0.39203,0.41922,0.46941,0.48689,0.4588,0.42185,0.39507,0.37542,0.4144,0.43348,0.4854,0.51915,0.52339,0.49478,0.45338,0.40457,0.38391,0.41017,0.47579,0.5063,0.49009,0.49249,0.49559,0.50799,0.51025
CAL-GRE-0232,Green Fodder,18.79,81.21,11.02,49.08,29.65,0.37822,0.39595,0.43072,0.48315,0.50713,0.47777,0.43066,0.39875,0.38097,0.42228,0.46685,0.5149,0.54447,0.54253,0.50501,0.46395,0.39522,0.37204,0.40508,0.46544,0.49912,0.50174,0.50503,0.50561,0.4982,0.50742
CAL-GRE-0233,Green Fodder,22.48,77.52,9.58,50.45,32.89,0.37531,0.39554,0.42631,0.47172,0.48861,0.46355,0.423,0.39734,0.38282,0.41477,0.47222,0.53114,0.5577,0.52709,0.49821,0.45637,0.42613,0.40631,0.43619,0.46923,0.50391,0.51327,0.51232,0.51949,0.51129,0.51103
CAL-GRE-0234,Green Fodder,21.47,78.53,11.13,53.01,30.24,0.3691,0.38022,0.41663,0.47111,0.49039,0.46339,0.42708,0.39802,0.37077,0.41174,0.45489,0.50431,0.53571,0.51261,0.49041,0.44697,0.42,0.39823,0.43419,0.48335,0.50625,0.51577,0.51288,0.51302,0.51487,0.51603
CAL-GRE-0235,Green Fodder,23.04,76.96,11.74,50.95,32.51,0.38262,0.40538,0.44326,0.47666,0.49839,0.46807,0.42613,0.4018,0.38225,0.42078,0.45635,0.50379,0.54088,0.52429,0.49632,0.45216,0.42959,0.40855,0.43717,0.46406,0.49445,0.49754,0.48975,0.49352,0.49211,0.49753
CAL-GRE-0236,Green Fodder,20.07,79.93,10.49,50.62,31.73,0.3815,0.3979,0.431,0.47755,0.4999,0.47034,0.42769,0.40138,0.38572,0.41989,0.46455,0.51902,0.54378,0.52624,0.49497,0.45456,0.40348,0.38682,0.41734,0.47211,0.50023,0.50333,0.49693,0.505,0.49197,0.49294
CAL-GRE-0237,Green Fodder,22.53,77.47,10.75,55.84,31.83,0.39186,0.41576,0.44528,0.49112,0.50292,0.47259,0.42889,0.40542,0.38139,0.42254,0.46781,0.51007,0.54122,0.49878,0.46914,0.4268,0.41989,0.39758,0.42434,0.46184,0.4918,0.49365,0.49391,0.49382,0.49045,0.48549
CAL-GRE-0238,Green Fodder,24.54,75.46,11.59,49.61,31.5,0.38319,0.40517,0.43074,0.48317,0.49436,0.46788,0.42699,0.40102,0.38483,0.42075,0.45333,0.50235,0.54108,0.53348,0.50328,0.4609,0.44115,0.41739,0.45151,0.46648,0.49893,0.49538,0.48754,0.49627,0.49732,0.49938
CAL-GRE-0239,Green Fodder,25.54,74.46,11.5,52.84,31.89,0.37967,0.39865,0.42837,0.47989,0.48715,0.47093,0.42967,0.39935,0.3747,0.42281,0.45428,0.5082,0.53299,0.52262,0.48185,0.44662,0.44275,0.42922,0.45831,0.47494,0.50049,0.50329,0.49703,0.4995,0.50193,0.50443
CAL-GRE-0240,Green Fodder,23.44,76.56,11.47,53.65,29.38,0.37128,0.39573,0.41665,0.47395,0.50177,0.47491,0.4335,0.39595,0.37773,0.41503,0.45419,0.50214,0.5414,0.51348,0.48017,0.44453,0.4378,0.41809,0.44312,0.46574,0.50712,0.5022,0.50752,0.50929,0.51244,0.51513
CAL-GRE-0241,Green Fodder,25.5,74.5,12.58,55.67,30.93,0.37107,0.40279,0.42594,0.47984,0.4952,0.47015,0.42033,0.39654,0.37788,0.41997,0.44841,0.49232,0.52799,0.50555,0.47932,0.4348,0.44803,0.426,0.46571,0.47484,0.50297,0.48893,0.4914,0.49649,0.50572,0.49922
CAL-GRE-0242,Green Fodder,18.86,81.14,12.55,52.52,30.17,0.39235,0.40969,0.44186,0.48737,0.51013,0.47811,0.439,0.40922,0.38187,0.42457,0.44569,0.49139,0.52746,0.51813,0.48594,0.44103,0.39319,0.37233,0.39811,0.46106,0.49361,0.4861,0.48464,0.48,0.49178,0.49328
CAL-GRE-0243,Green Fodder,22.13,77.87,12.54,48.81,33.08,0.37743,0.3925,0.42273,0.47745,0.48607,0.45016,0.41752,0.39814,0.37955,0.41528,0.44431,0.49864,0.52613,0.53165,0.51054,0.46678,0.42636,0.3995,0.43392,0.47539,0.5042,0.49213,0.48911,0.50143,0.50758,0.51093
CAL-GRE-0244,Green Fodder,23.19,76.81,10.88,53.22,33.58,0.3767,0.40244,0.42252,0.47248,0.49024,0.4551,0.42397,0.40245,0.38348,0.42166,0.45974,0.50781,0.54756,0.50952,0.48906,0.4466,0.43032,0.41215,0.44251,0.47124,0.50641,0.50884,0.50542,0.50343,0.50718,0.49748
CAL-GRE-0245,Green Fodder,23.48,76.52,10.37,54.43,30.95,0.37278,0.39776,0.42205,0.47837,0.49045,0.4677,0.42742,0.39593,0.37916,0.4182,0.47033,0.51929,0.54942,0.50893,0.47708,0.43804,0.43414,0.41332,0.44762,0.47318,0.50448,0.50539,0.51287,0.50874,0.50201,0.51052
CAL-GRE-0246,Green Fodder,23.95,76.05,11.65,51.77,30.5,0.36658,0.3889,0.41656,0.47424,0.49071,0.45838,0.41865,0.388,0.37309,0.41489,0.45435,0.50348,0.53735,0.52193,0.4931,0.45258,0.44431,0.41671,0.45347,0.47765,0.5118,0.50747,0.50882,0.50925,0.51868,0.51576
CAL-GRE-0247,Green Fodder,22.54,77.46,11.22,51.64,32.02,0.37229,0.39497,0.42503,0.47646,0.49294,0.46358,0.42313,0.40209,0.37913,0.42615,0.45874,0.51195,0.53737,0.52626,0.49042,0.45437,0.42523,0.40785,0.43627,0.47072,0.50275,0.50852,0.50577,0.50098,0.50876,0.50327
CAL-GRE-0248,Green Fodder,23.11,76.89,11.82,56.63,29.51,0.36706,0.39019,0.41566,0.46654,0.49506,0.46808,0.42405,0.39515,0.37046,0.41974,0.45242,0.5078,0.53525,0.49651,0.46621,0.43051,0.4329,0.41773,0.44256,0.48374,0.51269,0.50512,0.51231,0.50575,0.51421,0.51094
CAL-GRE-0249,Green Fodder,18.71,81.29,9.76,50.41,33.38,0.37935,0.39714,0.43011,0.47699,0.48936,0.46333,0.41791,0.39616,0.38015,0.42124,0.47403,0.52699,0.55366,0.52846,0.49948,0.4595,0.39946,0.37601,0.40427,0.47341,0.50513,0.51479,0.51491,0.50854,0.49575,0.50734
CAL-GRE-0250,Green Fodder,21.96,78.04,11.89,56.82,33.54,0.37862,0.39342,0.42415,0.4696,0.48882,0.46059,0.42118,0.40015,0.378,0.41711,0.44973,0.50206,0.52995,0.50135,0.46251,0.42617,0.41504,0.40208,0.43152,0.47115,0.49976,0.49805,0.49675,0.49831,0.50979,0.50478
CAL-GRE-0251,Green Fodder,21.07,78.93,10.42,51.94,35.51,0.39064,0.41167,0.43718,0.48048,0.48742,0.46601,0.41974,0.40998,0.3831,0.41615,0.46682,0.52042,0.54902,0.5198,0.48732,0.45081,0.40784,0.38935,0.41809,0.46291,0.49046,0.49639,0.50237,0.49917,0.49248,0.48614
CAL-GRE-0252,Green Fodder,24.19,75.81,12.1,52.34,30.33,0.36321,0.3912,0.42314,0.46854,0.49195,0.46895,0.4243,0.39988,0.37521,0.41537,0.44861,0.4983,0.53384,0.52144,0.49304,0.45132,0.43965,0.42198,0.45172,0.48085,0.51045,0.50182,0.50031,0.5087,0.51182,0.51201
CAL-GRE-0253,Green Fodder,20.98,79.02,10.88,51.42,28.63,0.39154,0.40746,0.43719,0.48594,0.51492,0.48332,0.44573,0.4042,0.38396,0.43003,0.46484,0.51628,0.54577,0.52227,0.49243,0.45083,0.40948,0.38627,0.4157,0.46454,0.48773,0.49951,0.50066,0.49384,0.49225,0.49265
CAL-GRE-0254,Green Fodder,23.86,76.14,10.77,57.73,30.66,0.38745,0.40381,0.44056,0.48205,0.50806,0.47607,0.43502,0.40277,0.3797,0.41356,0.46843,0.51336,0.54796,0.49223,0.4644,0.42283,0.42614,0.415,0.44174,0.47104,0.49894,0.50158,0.49858,0.49628,0.49436,0.48988
CAL-GRE-0255,Green Fodder,19.07,80.93,9.76,52.29,31.96,0.37669,0.39555,0.42446,0.47661,0.4915,0.46404,0.41992,0.40069,0.37714,0.42023,0.4764,0.52498,0.55665,0.51247,0.48745,0.4525,0.399,0.38328,0.4131,0.47257,0.50117,0.50937,0.51108,0.51154,0.50118,0.50046
CAL-GRE-0256,Green Fodder,25.39,74.61,12.13,51.19,32.83,0.38756,0.40587,0.43517,0.48435,0.49908,0.46703,0.4239,0.40054,0.38326,0.42311,0.45103,0.49805,0.53468,0.52689,0.48729,0.45675,0.44469,0.42537,0.45769,0.47157,0.4991,0.48976,0.48439,0.48191,0.49664,0.49751
CAL-GRE-0257,Green Fodder,21.46,78.54,10.64,50.54,32.93,0.37391,0.3931,0.4323,0.47057,0.48932,0.45506,0.41828,0.39748,0.3801,0.41733,0.46312,0.51393,0.54206,0.52947,0.49895,0.45995,0.41736,0.39753,0.43218,0.47657,0.50829,0.50961,0.51309,0.50832,0.50561,0.51033
CAL-GRE-0258,Green Fodder,21.42,78.58,10.15,51.49,29.77,0.38166,0.39905,0.42475,0.4742,0.50021,0.47115,0.4326,0.4018,0.37584,0.42589,0.46693,0.51581,0.55539,0.52665,0.49242,0.4544,0.41756,0.39703,0.42301,0.46438,0.49957,0.51516,0.51556,0.50949,0.50036,0.50435
CAL-GRE-0259,Green Fodder,23.2,76.8,8.67,59.89,33.04,0.38895,0.40663,0.44098,0.48874,0.49861,0.46895,0.42647,0.40541,0.38562,0.4237,0.48805,0.54059,0.56086,0.47775,0.44946,0.40643,0.42575,0.41004,0.43497,0.45955,0.493,0.51137,0.51055,0.51134,0.49264,0.49004
CAL-GRE-0260,Green Fodder,21.12,78.88,10.58,51.29,32.24,0.38748,0.40824,0.43411,0.48929,0.5013,0.46912,0.43009,0.40073,0.37593,0.41993,0.46972,0.51722,0.54607,0.52077,0.48694,0.45659,0.41056,0.3894,0.41817,0.47051,0.49888,0.4972,0.50309,0.49866,0.4924,0.49285
CAL-GRE-0261,Green Fodder,19.36,80.64,11.98,51.45,32.11,0.38377,0.40432,0.4263,0.47961,0.49924,0.46348,0.42819,0.39711,0.3811,0.42564,0.45514,0.49704,0.5349,0.52811,0.5008,0.4536,0.39396,0.37912,0.41238,0.46793,0.50139,0.49007,0.49347,0.48466,0.49447,0.49707
CAL-GRE-0262,Green Fodder,19.4,80.6,10.7,52.82,30.84,0.37909,0.40119,0.42805,0.48325,0.49691,0.47575,0.43339,0.39845,0.37874,0.42031,0.46657,0.51815,0.54093,0.51724,0.47966,0.44557,0.40386,0.37533,0.40487,0.47123,0.50482,0.50522,0.49861,0.49937,0.5013,0.49756
CAL-GRE-0263,Green Fodder,22.39,77.61,10.71,56.54,32.06,0.39099,0.40953,0.43573,0.48501,0.49986,0.47221,0.42762,0.40841,0.38041,0.4227,0.46568,0.51443,0.55171,0.4957,0.46552,0.42385,0.4212,0.40018,0.42654,0.4649,0.49742,0.50151,0.49791,0.49743,0.49215,0.49114
CAL-GRE-0264,Green Fodder,18.89,81.11,10.5,54.26,30.24,0.37978,0.39966,0.43442,0.47784,0.50444,0.47334,0.43369,0.40109,0.38047,0.42261,0.4671,0.52236,0.54719,0.50356,0.48052,0.43971,0.39496,0.37402,0.39839,0.46373,0.50445,0.5026,0.50719,0.49942,0.49611,0.50122
CAL-GRE-0265,Green Fodder,23.08,76.92,11.19,51.48,29.78,0.3736,0.40162,0.43234,0.47475,0.49967,0.47216,0.43445,0.39822,0.38049,0.41906,0.45923,0.51704,0.53845,0.52763,0.49727,0.45467,0.42361,0.40971,0.4383,0.47152,0.4985,0.50428,0.50519,0.50597,0.50144,0.49964
CAL-GRE-0266,Green Fodder,25.51,74.49,11.27,53.13,30.58,0.37832,0.40182,0.42954,0.48108,0.5031,0.47263,0.43328,0.39737,0.3772,0.41983,0.45922,0.50772,0.54002,0.51708,0.48793,0.44862,0.4442,0.42467,0.4573,0.47033,0.49939,0.49797,0.49873,0.50111,0.49617,0.5072
CAL-GRE-0267,Green Fodder,24.1,75.9,10.62,53.44,31.18,0.39311,0.4091,0.4435,0.48353,0.50929,0.47596,0.4317,0.41049,0.38934,0.41673,0.46844,0.51918,0.54755,0.51695,0.48548,0.44151,0.44069,0.41583,0.44112,0.46286,0.49741,0.49452,0.49482,0.49449,0.49137,0.48888
CAL-GRE-0268,Green Fodder,24.32,75.68,10.8,57.05,31.55,0.39824,0.41517,0.44607,0.49268,0.50833,0.47975,0.44278,0.40554,0.38758,0.42403,0.46845,0.5159,0.53815,0.49357,0.46602,0.41957,0.43731,0.41395,0.44167,0.46521,0.49338,0.49428,0.49491,0.49131,0.48179,0.48443
CAL-GRE-0269,Green Fodder,23.31,76.69,12.1,54.35,31.88,0.38519,0.39738,0.4316,0.47749,0.49696,0.4727,0.43095,0.40299,0.38028,0.41766,0.45206,0.50464,0.53236,0.50338,0.47827,0.43203,0.43229,0.40761,0.43584,0.47126,0.5003,0.49287,0.49856,0.49371,0.49596,0.49927
CAL-GRE-0270,Green Fodder,24.53,75.47,11.48,52.95,28.4,0.37493,0.39499,0.42251,0.47534,0.50812,0.47722,0.43341,0.39687,0.3767,0.41911,0.4564,0.50532,0.53563,0.51566,0.48877,0.44714,0.44601,0.42556,0.45707,0.47684,0.50784,0.49815,0.50397,0.50611,0.50904,0.50295
CAL-GRE-0271,Green Fodder,22.15,77.85,13.05,48.53,29.62,0.3827,0.40792,0.44362,0.48605,0.51137,0.48207,0.43942,0.40468,0.3841,0.41974,0.44287,0.49473,0.52464,0.54091,0.50737,0.46678,0.42118,0.39649,0.42572,0.4654,0.4913,0.48276,0.48404,0.47811,0.49382,0.48998
CAL-GRE-0272,Green Fodder,26.11,73.89,10.2,48.8,31.39,0.37223,0.39411,0.4288,0.47115,0.49089,0.46814,0.42681,0.39863,0.37514,0.42098,0.47072,0.51956,0.54792,0.53665,0.51197,0.46442,0.45289,0.43409,0.46543,0.47441,0.50802,0.51423,0.51371,0.51505,0.50976,0.50353
CAL-GRE-0273,Green Fodder,20.35,79.65,10.76,52.85,30.86,0.37952,0.39864,0.42751,0.48311,0.50135,0.47029,0.43161,0.39703,0.38583,0.41619,0.46439,0.51334,0.54338,0.51446,0.48366,0.4497,0.40371,0.39043,0.41957,0.46986,0.50276,0.50395,0.50127,0.50146,0.50375,0.50375
CAL-GRE-0274,Green Fodder,21.22,78.78,11.01,51.19,27.86,0.39333,0.41367,0.44125,0.4953,0.51851,0.48848,0.44981,0.40652,0.37903,0.42549,0.46528,0.50712,0.54208,0.52112,0.49113,0.44743,0.4113,0.39429,0.41874,0.45668,0.49297,0.49181,0.48804,0.49135,0.49054,0.48484
CAL-GRE-0275,Green Fodder,17.98,82.02,10.53,51.61,30.07,0.3763,0.40019,0.43001,0.47935,0.50505,0.47076,0.42958,0.39771,0.37763,0.41339,0.46469,0.51977,0.54899,0.52359,0.49254,0.45662,0.38509,0.36551,0.40191,0.47094,0.49897,0.50744,0.5046,0.50353,0.49892,0.50261
CAL-GRE-0276,Green Fodder,25.03,74.97,10.91,51.23,33.59,0.37191,0.39027,0.41604,0.46917,0.47896,0.45312,0.41237,0.39995,0.37131,0.41342,0.46143,0.51314,0.5347,0.51907,0.49437,0.46012,0.45302,0.427,0.45862,0.47323,0.50853,0.51413,0.51419,0.51122,0.50765,0.51107
CAL-GRE-0277,Green Fodder,21.2,78.8,9.38,51.1,30.5,0.3647,0.39165,0.42326,0.47811,0.49133,0.4683,0.4298,0.39723,0.37344,0.41405,0.47648,0.52725,0.55608,0.52877,0.49448,0.45079,0.41567,0.39857,0.42894,0.47611,0.51038,0.51605,0.51891,0.5256,0.50314,0.50967
CAL-GRE-0278,Green Fodder,24.43,75.57,11.86,53.71,29.13,0.38104,0.39357,0.42399,0.47882,0.50392,0.47627,0.43719,0.40398,0.38019,0.41728,0.45481,0.50053,0.53602,0.51175,0.483,0.43671,0.43353,0.41603,0.45602,0.46816,0.50405,0.49555,0.497,0.49783,0.50777,0.50483
CAL-GRE-0279,Green Fodder,24.59,75.41,10.57,54.67,32.62,0.39624,0.41202,0.44009,0.4877,0.50032,0.4689,0.43167,0.40529,0.38618,0.42526,0.46587,0.51469,0.54619,0.50378,0.47238,0.43902,0.43235,0.42193,0.44564,0.4659,0.49446,0.49706,0.49911,0.48979,0.48705,0.48387
CAL-GRE-0280,Green Fodder,20.68,79.32,13.07,51.57,34.57,0.37833,0.40169,0.42906,0.48105,0.4813,0.45165,0.41248,0.39651,0.3776,0.42004,0.43829,0.48619,0.52205,0.52041,0.49135,0.45333,0.41052,0.3956,0.42241,0.4776,0.50537,0.49202,0.49339,0.48968,0.50831,0.51047
CAL-GRE-0281,Green Fodder,19.3,80.7,9.68,50.66,33.49,0.3866,0.40314,0.43063,0.48246,0.49181,0.4664,0.42616,0.39946,0.3844,0.42361,0.47284,0.52565,0.55645,0.52696,0.49087,0.45592,0.39861,0.38097,0.40375,0.46528,0.49581,0.50747,0.50641,0.50746,0.49116,0.49525
CAL-GRE-0282,Green Fodder,21.71,78.29,12.91,48.5,30.5,0.36326,0.38858,0.4223,0.47069,0.49288,0.46825,0.42629,0.39678,0.3775,0.40775,0.44011,0.48814,0.51992,0.54242,0.5079,0.47574,0.4171,0.39911,0.43568,0.47569,0.50867,0.49649,0.49743,0.49798,0.51242,0.51484
CAL-GRE-0283,Green Fodder,21.59,78.41,10.81,50.69,33.65,0.37571,0.38845,0.41883,0.47268,0.48578,0.4555,0.41766,0.39668,0.3819,0.42054,0.4629,0.51661,0.53874,0.52653,0.49771,0.45961,0.41339,0.39827,0.43076,0.47474,0.50737,0.50936,0.50741,0.51012,0.50525,0.5068
CAL-GRE-0284,Green Fodder,21.91,78.09,11.56,54.4,32.28,0.39104,0.41374,0.43827,0.48419,0.5014,0.47068,0.43053,0.40771,0.37759,0.4266,0.4634,0.50896,0.53845,0.50697,0.47712,0.43861,0.41912,0.3988,0.42793,0.46888,0.49796,0.4894,0.49439,0.49688,0.49317,0.49716
CAL-GRE-0285,Green Fodder,21.94,78.06,10.56,55.45,33.95,0.37919,0.40304,0.43452,0.47951,0.48823,0.46008,0.4154,0.40011,0.38624,0.41836,0.46887,0.51792,0.5459,0.50345,0.47808,0.43452,0.4218,0.40451,0.42888,0.46712,0.50561,0.50524,0.50756,0.50263,0.50163,0.49722
CAL-GRE-0286,Green Fodder,20.7,79.3,10.32,51.24,26.87,0.37016,0.39649,0.4257,0.47194,0.51383,0.48006,0.44537,0.39685,0.37673,0.41794,0.47518,0.51574,0.5492,0.52639,0.49167,0.45028,0.40961,0.3942,0.42141,0.47262,0.50655,0.50805,0.51071,0.50695,0.50682,0.50705
CAL-GRE-0287,Green Fodder,19.71,80.29,11.01,48.8,30.56,0.37868,0.39374,0.42106,0.47358,0.49302,0.46443,0.43079,0.39313,0.37886,0.41846,0.45917,0.51191,0.53888,0.53873,0.50458,0.46597,0.40177,0.38582,0.41584,0.46513,0.50422,0.50003,0.5047,0.50586,0.50424,0.50726
CAL-GRE-0288,Green Fodder,20.45,79.55,10.39,51.91,28.22,0.37756,0.40311,0.42463,0.47821,0.50865,0.48652,0.43897,0.39812,0.37654,0.41974,0.46871,0.51532,0.55102,0.5213,0.49313,0.44967,0.40864,0.38735,0.42244,0.47088,0.50063,0.50498,0.50489,0.50723,0.50339,0.49896
CAL-GRE-0289,Green Fodder,22.37,77.63,11.56,47.73,29.34,0.38139,0.40515,0.43191,0.48268,0.50681,0.47874,0.43614,0.40469,0.38341,0.42199,0.45661,0.50096,0.53526,0.53884,0.51143,0.47211,0.42238,0.40476,0.42883,0.46532,0.49982,0.49426,0.49258,0.49842,0.49668,0.49394
CAL-GRE-0290,Green Fodder,24.65,75.35,11.41,52.06,32.22,0.38543,0.40421,0.43499,0.48347,0.49869,0.46461,0.43201,0.39752,0.38193,0.41677,0.45819,0.50655,0.53845,0.52061,0.48649,0.44905,0.44463,0.41628,0.44744,0.47113,0.49856,0.49711,0.4995,0.49383,0.49588,0.49529
CAL-GRE-0291,Green Fodder,24.68,75.32,9.5,49.01,28.54,0.38706,0.40078,0.43141,0.47732,0.51098,0.48414,0.44207,0.40093,0.37633,0.41981,0.47802,0.52438,0.55909,0.53747,0.503,0.46654,0.4403,0.42385,0.45628,0.46524,0.5006,0.51388,0.50683,0.50779,0.49562,0.49675
CAL-GRE-0292,Green Fodder,21.6,78.4,12.04,47.26,29.25,0.38809,0.40725,0.43193,0.4863,0.51513,0.48051,0.43715,0.4053,0.38736,0.41904,0.45295,0.50562,0.53221,0.53821,0.5143,0.46954,0.41131,0.38945,0.42772,0.46433,0.49735,0.49174,0.49,0.48992,0.49555,0.49433
CAL-GRE-0293,Green Fodder,20.3,79.7,11.1,51.68,31.77,0.38513,0.40271,0.4291,0.47484,0.49584,0.46397,0.42567,0.40153,0.38091,0.42609,0.46286,0.517,0.54327,0.52476,0.49028,0.44799,0.40455,0.38572,0.41372,0.46605,0.50016,0.49648,0.49475,0.49584,0.49762,0.4952
CAL-GRE-0294,Green Fodder,23.2,76.8,11.77,50.35,28.65,0.37485,0.39882,0.4298,0.47846,0.51067,0.48252,0.43616,0.40296,0.37799,0.4221,0.4557,0.49791,0.53122,0.52473,0.49332,0.46158,0.43677,0.41007,0.44367,0.47623,0.50268,0.49823,0.49784,0.50046,0.50577,0.50481
CAL-GRE-0295,Green Fodder,21.9,78.1,9.61,54.24,28.69,0.37115,0.39242,0.41759,0.47004,0.50833,0.47259,0.43002,0.39769,0.37383,0.41124,0.47535,0.5219,0.55646,0.50677,0.48218,0.44147,0.41441,0.40418,0.43302,0.47982,0.50761,0.5207,0.51715,0.51777,0.50977,0.50962
CAL-GRE-0296,Green Fodder,21.69,78.31,9.98,49.93,32.74,0.37751,0.39751,0.43151,0.47574,0.48499,0.4593,0.42274,0.39838,0.3746,0.42249,0.47234,0.52318,0.55343,0.52653,0.50149,0.46346,0.42152,0.40043,0.42996,0.46582,0.50115,0.50706,0.51393,0.51363,0.49898,0.50185
CAL-GRE-0297,Green Fodder,23.8,76.2,9.52,46.48,31.07,0.37718,0.40487,0.43579,0.48734,0.50111,0.47308,0.43416,0.39858,0.38447,0.42216,0.4759,0.52775,0.55653,0.54977,0.51597,0.47735,0.43121,0.40988,0.44283,0.46483,0.49954,0.51026,0.5058,0.50836,0.4933,0.49041
CAL-GRE-0298,Green Fodder,21.9,78.1,11.72,52.37,32.63,0.38715,0.40815,0.44341,0.48188,0.49897,0.46631,0.42813,0.40314,0.38544,0.42359,0.45289,0.50423,0.53519,0.51995,0.49422,0.44822,0.41333,0.39528,0.4253,0.46319,0.49536,0.48267,0.49034,0.48644,0.49039,0.49431
CAL-GRE-0299,Green Fodder,22.55,77.45,11.99,52.43,28.09,0.38171,0.39721,0.42645,0.47729,0.50888,0.47665,0.4409,0.39718,0.38117,0.4209,0.45647,0.50114,0.52956,0.51356,0.49473,0.45033,0.42294,0.41029,0.43946,0.46717,0.49915,0.49564,0.49301,0.49612,0.50429,0.49822
CAL-GRE-0300,Green Fodder,24.34,75.66,11.6,51.81,29.8,0.37641,0.39087,0.42562,0.47545,0.50405,0.46941,0.43015,0.3936,0.37912,0.41702,0.45219,0.50297,0.53737,0.51788,0.48863,0.45485,0.4399,0.42375,0.4503,0.47316,0.50412,0.5055,0.50574,0.50577,0.50371,0.50313
CAL-DRY-0001,Dry Fodder,90.98,9.02,4.9,68.03,42.81,0.55693,0.58477,0.61452,0.65387,0.66559,0.63552,0.5951,0.56727,0.55212,0.59119,0.62625,0.67737,0.69718,0.68392,0.64702,0.60462,0.6013,0.58228,0.61243,0.62901,0.65119,0.65302,0.65321,0.65493,0.65997,0.65803
CAL-DRY-0002,Dry Fodder,86.65,13.35,4.52,66.26,44.16,0.54692,0.58357,0.61267,0.65093,0.65799,0.62442,0.58884,0.56935,0.55407,0.58822,0.62856,0.67316,0.69832,0.68192,0.66476,0.61789,0.55623,0.54229,0.57166,0.62697,0.65768,0.65438,0.65376,0.65257,0.66059,0.66157
CAL-DRY-0003,Dry Fodder,88.47,11.53,3.52,68.16,41.91,0.53508,0.56807,0.59894,0.636,0.66222,0.62916,0.59595,0.56498,0.55078,0.58953,0.63459,0.68288,0.70408,0.68139,0.65136,0.6103,0.58624,0.565,0.59854,0.63449,0.67156,0.67593,0.67916,0.67964,0.67287,0.67377
CAL-DRY-0004,Dry Fodder,87.98,12.02,4.65,67.16,38.15,0.54993,0.58454,0.61513,0.65397,0.6893,0.65674,0.61296,0.57337,0.55181,0.58928,0.62765,0.67618,0.69384,0.68352,0.658,0.61762,0.57537,0.55469,0.57993,0.63328,0.66094,0.65666,0.64729,0.65395,0.6563,0.65844
CAL-DRY-0005,Dry Fodder,88.08,11.92,4.57,66.3,40.47,0.55655,0.58951,0.61744,0.65776,0.67838,0.6522,0.60201,0.57869,0.55861,0.59304,0.62997,0.67689,0.69589,0.68644,0.65765,0.61898,0.57625,0.56047,0.58434,0.62243,0.66135,0.64967,0.65118,0.6532,0.65576,0.64969
CAL-DRY-0006,Dry Fodder,85.83,14.17,4.57,70.6,39.3,0.55753,0.58697,0.61184,0.6475,0.67867,0.64974,0.61578,0.57164,0.54861,0.59172,0.62329,0.67836,0.69352,0.6643,0.63756,0.60133,0.564,0.53392,0.56489,0.62918,0.66078,0.64781,0.6542,0.65211,0.65005,0.65145
CAL-DRY-0007,Dry Fodder,88.61,11.39,4.8,68.78,43.21,0.53557,0.56454,0.59726,0.64106,0.65641,0.62403,0.58285,0.56462,0.54621,0.58964,0.61901,0.67021,0.69564,0.67546,0.64649,0.61277,0.5808,0.57224,0.59539,0.64014,0.66838,0.66644,0.666,0.67052,0.6723,0.67279
CAL-DRY-0008,Dry Fodder,88.55,11.45,3.79,64.72,44.86,0.55291,0.59038,0.61503,0.6539,0.66018,0.63595,0.58236,0.57265,0.55085,0.59064,0.63541,0.6838,0.7048,0.69614,0.66191,0.62662,0.58129,0.55715,0.59402,0.63163,0.65979,0.66223,0.65946,0.66243,0.66051,0.65786
CAL-DRY-0009,Dry Fodder,88.43,11.57,4.54,69.84,41.36,0.5608,0.59625,0.61728,0.65667,0.67507,0.64522,0.6108,0.57934,0.55428,0.59499,0.62903,0.67448,0.70371,0.67441,0.64035,0.59572,0.57525,0.55285,0.58422,0.62443,0.65148,0.64473,0.65449,0.64781,0.64987,0.64624
CAL-DRY-0010,Dry Fodder,88.35,11.65,4.01,69.56,43.13,0.55698,0.58727,0.61934,0.65473,0.66996,0.63777,0.59021,0.5716,0.54908,0.59201,0.6305,0.68432,0.70507,0.67562,0.64649,0.59623,0.57389,0.5659,0.58977,0.62824,0.65729,0.658,0.652,0.65511,0.65536,0.65317
CAL-DRY-0011,Dry Fodder,93.11,6.89,4.05,68.61,41.94,0.54289,0.5704,0.60628,0.64458,0.65835,0.6326,0.59312,0.56544,0.54833,0.58942,0.63128,0.68146,0.70141,0.67084,0.65034,0.61018,0.61638,0.60089,0.6327,0.63813,0.66686,0.66806,0.67065,0.6676,0.66941,0.66702
CAL-DRY-0012,Dry Fodder,85.6,14.4,4.69,68.04,43.24,0.53538,0.56897,0.59987,0.64197,0.65156,0.62759,0.58113,0.56259,0.54089,0.58905,0.62384,0.67499,0.69903,0.67935,0.65311,0.61246,0.56,0.54516,0.57847,0.63509,0.66987,0.66588,0.66689,0.66763,0.6703,0.66152
CAL-DRY-0013,Dry Fodder,87.25,12.75,4.06,67.52,40.09,0.53808,0.56824,0.59724,0.64084,0.66695,0.64084,0.59505,0.56202,0.54763,0.58454,0.62621,0.67816,0.70064,0.68264,0.65331,0.61186,0.57585,0.55852,0.57982,0.63191,0.67059,0.67432,0.66423,0.67408,0.67654,0.67005
CAL-DRY-0014,Dry Fodder,88.18,11.82,4.39,66.42,43.3,0.54924,0.58217,0.61158,0.64749,0.6699,0.63488,0.59272,0.56557,0.54423,0.58475,0.62466,0.68185,0.69944,0.6862,0.6579,0.61779,0.58075,0.55598,0.58992,0.6326,0.65941,0.66566,0.66028,0.65844,0.66556,0.66343
CAL-DRY-0015,Dry Fodder,86.37,13.63,4.69,72.78,39.23,0.55975,0.58564,0.62537,0.66032,0.68585,0.65062,0.61065,0.57606,0.54904,0.58844,0.62689,0.67657,0.69661,0.65444,0.62782,0.58178,0.56239,0.54046,0.57092,0.62903,0.65342,0.6487,0.64492,0.64323,0.65148,0.65099
CAL-DRY-0016,Dry Fodder,86.93,13.07,5.11,69.93,39.23,0.54948,0.58196,0.6088,0.64819,0.67862,0.65284,0.61305,0.56815,0.55167,0.59021,0.618,0.67007,0.6871,0.67382,0.64493,0.59897,0.56528,0.55033,0.58075,0.62624,0.65907,0.65287,0.65067,0.65408,0.65715,0.65757
CAL-DRY-0017,Dry Fodder,85.82,14.18,2.97,70.02,40.17,0.57069,0.59906,0.62048,0.66787,0.68785,0.65196,0.60501,0.57835,0.55524,0.59529,0.64451,0.69062,0.71163,0.67145,0.63712,0.59596,0.55,0.53369,0.55894,0.62533,0.64923,0.65804,0.66427,0.65572,0.64554,0.64747
CAL-DRY-0018,Dry Fodder,90.75,9.25,4.8,69.15,35.42,0.56056,0.58662,0.6229,0.66178,0.70319,0.66751,0.6347,0.5742,0.5595,0.59397,0.62783,0.67402,0.69871,0.6756,0.6472,0.6025,0.59469,0.57571,0.60735,0.62715,0.65361,0.64254,0.64964,0.64198,0.64967,0.64831
CAL-DRY-0019,Dry Fodder,89.17,10.83,5.49,67.31,42.88,0.5523,0.5782,0.60406,0.64709,0.66269,0.63593,0.59565,0.55959,0.54572,0.58846,0.61307,0.6554,0.68471,0.68362,0.65243,0.6114,0.58682,0.56811,0.59606,0.63659,0.66303,0.65158,0.6512,0.65432,0.66773,0.6623
CAL-DRY-0020,Dry Fodder,88.67,11.33,5.4,68.86,40.24,0.5565,0.58626,0.61241,0.64977,0.67955,0.64779,0.60271,0.57265,0.54963,0.58665,0.61784,0.6724,0.69184,0.67838,0.646,0.60664,0.58046,0.5565,0.58676,0.62595,0.66163,0.65194,0.64513,0.64819,0.65485,0.65525
CAL-DRY-0021,Dry Fodder,91.03,8.97,4.19,68.48,41.9,0.56233,0.59451,0.62613,0.66613,0.67542,0.64308,0.60659,0.58011,0.55663,0.59636,0.62912,0.68025,0.69414,0.67658,0.63928,0.60854,0.60059,0.57511,0.59892,0.62311,0.65633,0.65103,0.65192,0.64568,0.64321,0.64437
CAL-DRY-0022,Dry Fodder,92.58,7.42,4.28,69.91,40.67,0.54378,0.58282,0.60529,0.64984,0.67357,0.64259,0.60014,0.56885,0.54658,0.59198,0.63056,0.67891,0.69739,0.67685,0.63675,0.59615,0.6128,0.5924,0.62659,0.63276,0.66104,0.66199,0.66207,0.66706,0.66222,0.65954
CAL-DRY-0023,Dry Fodder,83.79,16.21,4.18,70.4,42.58,0.54841,0.57966,0.61122,0.65239,0.66532,0.63323,0.58743,0.57184,0.55065,0.58976,0.62764,0.68279,0.69932,0.66797,0.63811,0.59982,0.53954,0.52487,0.55122,0.62923,0.66414,0.65884,0.66467,0.66253,0.65734,0.66658
CAL-DRY-0024,Dry Fodder,89.21,10.79,4.8,71.3,41.86,0.55154,0.58083,0.60871,0.64502,0.66899,0.64251,0.60014,0.56666,0.55318,0.58899,0.61762,0.67697,0.69111,0.66886,0.63699,0.59289,0.58714,0.57306,0.59881,0.63087,0.66885,0.65633,0.65775,0.65322,0.65526,0.65944
CAL-DRY-0025,Dry Fodder,89.09,10.91,3.35,69.45,40.01,0.55292,0.58381,0.60974,0.64794,0.68136,0.64926,0.60701,0.57489,0.55064,0.58845,0.63573,0.68833,0.71088,0.67686,0.64267,0.60615,0.58379,0.562,0.59034,0.62791,0.65554,0.67125,0.66645,0.66475,0.66416,0.655
CAL-DRY-0026,Dry Fodder,92.1,7.9,4.11,73.38,42.91,0.5564,0.58629,0.61209,0.65042,0.66569,0.63287,0.59544,0.57108,0.55596,0.59248,0.63845,0.67468,0.69731,0.65192,0.62726,0.58226,0.6037,0.58717,0.61411,0.62453,0.66451,0.65786,0.65924,0.65824,0.65696,0.65499
CAL-DRY-0027,Dry Fodder,89.11,10.89,5.05,70.08,39.31,0.57439,0.60113,0.62612,0.66683,0.69506,0.66177,0.62136,0.57684,0.56369,0.59021,0.62751,0.67516,0.69427,0.6666,0.64052,0.59497,0.5753,0.55386,0.5858,0.61407,0.65255,0.64262,0.64324,0.64121,0.63924,0.63597
CAL-DRY-0028,Dry Fodder,87.77,12.23,5.26,66.18,41.12,0.55238,0.58484,0.61725,0.64845,0.67022,0.6484,0.60581,0.571,0.55658,0.58704,0.62301,0.66969,0.69139,0.68178,0.65784,0.62051,0.57283,0.55646,0.58604,0.62502,0.66005,0.64686,0.64967,0.65116,0.65377,0.65832
CAL-DRY-0029,Dry Fodder,87.45,12.55,4.62,66.16,39.9,0.55835,0.58513,0.61002,0.65654,0.67872,0.64531,0.60158,0.57501,0.5493,0.58773,0.62872,0.6788,0.69361,0.69172,0.66473,0.62219,0.57375,0.5507,0.57801,0.62712,0.65819,0.64971,0.65076,0.64836,0.6559,0.65503
CAL-DRY-0030,Dry Fodder,89.98,10.02,3.57,66.48,42.9,0.55178,0.57669,0.60985,0.6469,0.6631,0.63421,0.59554,0.57051,0.55046,0.58648,0.63723,0.6878,0.70829,0.68547,0.66046,0.61384,0.5908,0.57135,0.59847,0.62965,0.66127,0.65959,0.66397,0.65999,0.66705,0.66164
CAL-DRY-0031,Dry Fodder,88.92,11.08,4.56,70.15,38.69,0.56067,0.58994,0.61547,0.65477,0.67653,0.65157,0.61632,0.57657,0.55461,0.59166,0.6335,0.6802,0.69546,0.67552,0.63514,0.59348,0.58019,0.55864,0.58928,0.62889,0.65585,0.65285,0.65251,0.64486,0.64925,0.6521
CAL-DRY-0032,Dry Fodder,88.08,11.92,5.04,67.84,39.12,0.54092,0.57897,0.60897,0.6467,0.67028,0.64642,0.60719,0.56713,0.54588,0.58704,0.61832,0.66734,0.69541,0.68373,0.65077,0.61322,0.57971,0.5661,0.59223,0.63599,0.66413,0.65735,0.66334,0.66169,0.66367,0.66806
CAL-DRY-0033,Dry Fodder,84.73,15.27,3.65,68.8,38.04,0.5382,0.57321,0.60601,0.64667,0.68418,0.6502,0.60936,0.56322,0.54651,0.5903,0.63649,0.68555,0.70692,0.6801,0.64702,0.61141,0.54946,0.53194,0.56124,0.63576,0.66086,0.66733,0.66324,0.67112,0.66972,0.66923
CAL-DRY-0034,Dry Fodder,90.01,9.99,4.62,69.35,42.72,0.56288,0.59306,0.62268,0.66028,0.67051,0.64032,0.60352,0.57925,0.55537,0.60245,0.62601,0.67892,0.70027,0.67584,0.64342,0.60348,0.5881,0.57173,0.5994,0.61972,0.65205,0.64232,0.65034,0.64526,0.65038,0.64482
CAL-DRY-0035,Dry Fodder,93.25,6.75,4.28,65.8,43.56,0.55425,0.57769,0.60815,0.64931,0.65716,0.62857,0.59613,0.56879,0.54682,0.58812,0.63206,0.67306,0.6999,0.69846,0.66732,0.62309,0.62245,0.60257,0.62842,0.63374,0.66648,0.65692,0.66259,0.66209,0.66201,0.6619
CAL-DRY-0036,Dry Fodder,89.07,10.93,4.87,69.05,41.18,0.55172,0.58248,0.61435,0.6511,0.677,0.64512,0.60692,0.56995,0.54903,0.5946,0.62453,0.67319,0.69555,0.67657,0.64048,0.60806,0.58213,0.56812,0.58868,0.62875,0.6569,0.64649,0.65405,0.64597,0.65522,0.65907
CAL-DRY-0037,Dry Fodder,86.87,13.13,4.68,67.45,40.77,0.55782,0.58017,0.61198,0.65564,0.67194,0.65064,0.60434,0.57438,0.55406,0.59066,0.62456,0.67555,0.6975,0.67963,0.64866,0.6164,0.56366,0.54661,0.57462,0.62745,0.66189,0.65367,0.65253,0.65247,0.65481,0.65399
CAL-DRY-0038,Dry Fodder,91.49,8.51,4.63,67.24,43.27,0.55322,0.59147,0.62059,0.66277,0.67139,0.63903,0.60095,0.57163,0.55169,0.59204,0.63143,0.67412,0.69316,0.68419,0.65499,0.61009,0.60373,0.58518,0.61404,0.62691,0.65494,0.65679,0.651,0.65313,0.65854,0.65453
CAL-DRY-0039,Dry Fodder,86.27,13.73,4.02,69.56,42.3,0.55622,0.58094,0.60868,0.64629,0.67007,0.63654,0.59207,0.56989,0.54687,0.58861,0.63172,0.67902,0.70031,0.66998,0.64009,0.59925,0.56082,0.53962,0.57409,0.63081,0.66383,0.66718,0.66359,0.66294,0.66259,0.6618
CAL-DRY-0040,Dry Fodder,88.45,11.55,3.59,69.85,41.44,0.54953,0.57831,0.60408,0.65008,0.65927,0.64313,0.59371,0.56937,0.54955,0.59202,0.63418,0.67912,0.70496,0.67031,0.6352,0.60187,0.5777,0.56326,0.59096,0.63839,0.66212,0.66886,0.66731,0.66347,0.66382,0.66708
CAL-DRY-0041,Dry Fodder,87.97,12.03,3.33,69.42,42.26,0.55707,0.58336,0.60876,0.65505,0.67004,0.64388,0.59943,0.57186,0.55289,0.58948,0.63771,0.68899,0.70616,0.67204,0.64818,0.60513,0.57543,0.5588,0.5813,0.63511,0.65589,0.66904,0.66866,0.65704,0.66022,0.6546
CAL-DRY-0042,Dry Fodder,89.44,10.56,3.6,69.1,39.81,0.54348,0.57752,0.60524,0.64356,0.6736,0.63832,0.60059,0.56561,0.54982,0.58924,0.63624,0.68512,0.7034,0.67922,0.64323,0.60715,0.58919,0.57178,0.59884,0.63682,0.66836,0.672,0.67006,0.66885,0.67495,0.66407
CAL-DRY-0043,Dry Fodder,89.1,10.9,4.16,68.41,40.58,0.55217,0.58177,0.61878,0.65389,0.67583,0.64593,0.60965,0.56748,0.54977,0.58453,0.63223,0.68303,0.69742,0.68223,0.6457,0.60676,0.5849,0.56925,0.59183,0.63041,0.66179,0.66136,0.6614,0.6618,0.65752,0.66417
CAL-DRY-0044,Dry Fodder,88.06,11.94,5.01,66.61,42.08,0.55677,0.59578,0.62444,0.65646,0.67533,0.64307,0.6013,0.57429,0.5531,0.58794,0.62449,0.67286,0.69321,0.68635,0.65478,0.61777,0.57558,0.55746,0.58404,0.62476,0.65649,0.64232,0.65386,0.64765,0.65833,0.64845
CAL-DRY-0045,Dry Fodder,89.16,10.84,4.42,68.74,41.83,0.55583,0.58264,0.61733,0.65202,0.66978,0.64215,0.60397,0.57936,0.55572,0.59646,0.63133,0.67985,0.70565,0.672,0.64411,0.60373,0.58579,0.55955,0.59416,0.62773,0.65781,0.65561,0.65723,0.65185,0.65449,0.65007
CAL-DRY-0046,Dry Fodder,91.68,8.32,3.71,69.41,42.46,0.55988,0.58087,0.61801,0.65465,0.6687,0.63924,0.60259,0.57499,0.5519,0.58836,0.63294,0.68789,0.70129,0.67234,0.65023,0.60305,0.60586,0.57994,0.60894,0.62908,0.65534,0.66261,0.65901,0.66874,0.65274,0.65481
CAL-DRY-0047,Dry Fodder,90.54,9.46,4.52,66.11,41.11,0.54386,0.57435,0.59719,0.64088,0.67015,0.63503,0.59693,0.56874,0.5425,0.58453,0.62398,0.6794,0.69969,0.69235,0.66062,0.62527,0.5991,0.58213,0.61398,0.64088,0.66646,0.66412,0.66993,0.67101,0.66838,0.66754
CAL-DRY-0048,Dry Fodder,85.72,14.28,3.24,67.63,41.68,0.54676,0.58061,0.61075,0.64851,0.67532,0.64052,0.60262,0.56561,0.54558,0.59136,0.64511,0.68652,0.70998,0.67815,0.6497,0.61244,0.55634,0.5339,0.56384,0.62437,0.66146,0.66852,0.66851,0.66401,0.66307,0.66218
CAL-DRY-0049,Dry Fodder,88.22,11.78,3.81,68.42,44.41,0.5651,0.58999,0.62144,0.65558,0.6685,0.63288,0.59651,0.58405,0.5525,0.60204,0.6377,0.68305,0.70198,0.68451,0.64796,0.60385,0.57386,0.55483,0.58257,0.62496,0.65831,0.65139,0.65577,0.65269,0.64775,0.65153
CAL-DRY-0050,Dry Fodder,84.24,15.76,4.33,67.7,39.06,0.52918,0.57136,0.59821,0.63814,0.67566,0.64339,0.60689,0.55956,0.5407,0.58746,0.62676,0.68052,0.69313,0.68426,0.65637,0.61747,0.5491,0.53313,0.5605,0.63728,0.66628,0.66745,0.67026,0.67076,0.67216,0.67179
CAL-DRY-0051,Dry Fodder,87.6,12.4,4.4,64.13,43.94,0.55104,0.57916,0.60914,0.65302,0.65173,0.62807,0.59015,0.56984,0.55771,0.58914,0.6311,0.68352,0.70005,0.69731,0.66543,0.63148,0.57758,0.55424,0.58626,0.6375,0.66219,0.65495,0.65836,0.66227,0.65876,0.66398
CAL-DRY-0052,Dry Fodder,89.1,10.9,3.99,68.35,41.88,0.54255,0.57626,0.60409,0.64678,0.6643,0.63993,0.60018,0.57053,0.54525,0.58897,0.62754,0.68135,0.70394,0.68133,0.64998,0.61255,0.58633,0.56506,0.59859,0.63408,0.66,0.6644,0.66259,0.65765,0.66374,0.65874
CAL-DRY-0053,Dry Fodder,85.74,14.26,3.77,67.05,43.66,0.53893,0.56806,0.60314,0.64215,0.65728,0.62263,0.58705,0.57324,0.54587,0.58791,0.62744,0.68062,0.70532,0.68416,0.65775,0.61794,0.55659,0.54435,0.56833,0.63263,0.66637,0.67416,0.66721,0.67142,0.66918,0.67144
CAL-DRY-0054,Dry Fodder,87.77,12.23,4.81,70.93,44.71,0.54655,0.57592,0.60442,0.64186,0.65295,0.62452,0.58425,0.56961,0.54385,0.58807,0.62892,0.67632,0.69558,0.66674,0.63486,0.59109,0.57694,0.54862,0.58538,0.63256,0.66163,0.66563,0.66499,0.66301,0.66178,0.67072
CAL-DRY-0055,Dry Fodder,86.8,13.2,4.22,70.11,40.42,0.55653,0.58657,0.61183,0.65383,0.67539,0.65058,0.60477,0.57356,0.54803,0.58831,0.62748,0.67967,0.70059,0.67031,0.63341,0.59773,0.56247,0.54584,0.57294,0.62658,0.6541,0.66088,0.65137,0.65353,0.6547,0.65313
CAL-DRY-0056,Dry Fodder,85.24,14.76,3.79,65.89,44.52,0.54597,0.56989,0.5967,0.64399,0.64761,0.61977,0.5804,0.56374,0.54504,0.58303,0.62988,0.68591,0.70362,0.69136,0.65515,0.62556,0.55488,0.54118,0.56914,0.63394,0.66146,0.67679,0.67354,0.67458,0.67541,0.67149
CAL-DRY-0057,Dry Fodder,87.64,12.36,4.64,66.61,40.59,0.54122,0.56786,0.60337,0.64217,0.6615,0.63681,0.59788,0.56857,0.54759,0.5918,0.62532,0.67282,0.69504,0.68625,0.65948,0.61892,0.57376,0.5564,0.58848,0.6317,0.66639,0.65833,0.66711,0.6661,0.67323,0.66572
CAL-DRY-0058,Dry Fodder,90.18,9.82,4.09,67.17,39.55,0.54603,0.57781,0.60629,0.65484,0.67335,0.6483,0.60915,0.5711,0.55136,0.59286,0.62977,0.68136,0.70022,0.68805,0.66043,0.61055,0.58736,0.57516,0.60666,0.63584,0.66217,0.66491,0.66569,0.6651,0.66258,0.65609
CAL-DRY-0059,Dry Fodder,89.04,10.96,4.14,67.92,44.32,0.53828,0.5737,0.60301,0.64025,0.64906,0.61794,0.58526,0.56565,0.54412,0.58173,0.63001,0.67894,0.69808,0.67791,0.65084,0.61372,0.58598,0.56416,0.5983,0.63805,0.66579,0.66705,0.66662,0.66569,0.66593,0.66446
CAL-DRY-0060,Dry Fodder,89.33,10.67,4.25,68.65,42.11,0.54579,0.57718,0.60689,0.65601,0.66925,0.63686,0.60061,0.57284,0.54514,0.58877,0.62906,0.6811,0.69875,0.67653,0.6456,0.6103,0.58289,0.5661,0.59201,0.62795,0.66215,0.66202,0.66024,0.66471,0.66591,0.6618
CAL-DRY-0061,Dry Fodder,87.69,12.31,4.58,65.37,44.73,0.55406,0.57699,0.60817,0.65175,0.65649,0.62909,0.58633,0.57486,0.55026,0.59744,0.62817,0.67227,0.70252,0.69641,0.6642,0.62495,0.56974,0.54784,0.58308,0.6338,0.6608,0.66206,0.66084,0.65689,0.66296,0.66393
CAL-DRY-0062,Dry Fodder,88.12,11.88,4.28,62.69,42.0,0.54398,0.5729,0.60416,0.64365,0.65643,0.63806,0.59262,0.56455,0.55113,0.59064,0.62834,0.68048,0.69537,0.70662,0.6814,0.63614,0.57622,0.5601,0.59083,0.6362,0.66078,0.65733,0.66839,0.66304,0.6657,0.66163
CAL-DRY-0063,Dry Fodder,89.13,10.87,4.39,68.67,37.79,0.53101,0.56389,0.59428,0.637,0.67467,0.64823,0.60205,0.56292,0.54636,0.58274,0.62435,0.67761,0.69753,0.67933,0.64887,0.60893,0.58602,0.57156,0.6024,0.63536,0.67137,0.67341,0.6689,0.66998,0.67246,0.671
CAL-DRY-0064,Dry Fodder,87.69,12.31,3.68,65.52,40.8,0.54804,0.58443,0.60636,0.64548,0.67454,0.64255,0.60219,0.57174,0.55046,0.5899,0.63096,0.68016,0.70305,0.68914,0.66319,0.61697,0.57216,0.55297,0.58336,0.63113,0.65894,0.66151,0.66724,0.66254,0.66414,0.65889
CAL-DRY-0065,Dry Fodder,88.25,11.75,4.34,67.08,41.67,0.55689,0.58526,0.6151,0.64772,0.66733,0.64134,0.60281,0.56945,0.54873,0.59482,0.63113,0.68206,0.69738,0.68297,0.65719,0.61337,0.57553,0.55444,0.58546,0.63143,0.65409,0.65935,0.65516,0.65647,0.65745,0.65704
CAL-DRY-0066,Dry Fodder,87.7,12.3,3.86,70.9,41.55,0.56631,0.59342,0.6228,0.66076,0.68347,0.64757,0.60176,0.57752,0.55517,0.59292,0.6395,0.67723,0.70882,0.66798,0.6316,0.59079,0.57044,0.54919,0.57436,0.61647,0.65633,0.65392,0.65019,0.64891,0.64651,0.64553
CAL-DRY-0067,Dry Fodder,87.87,12.13,3.93,67.64,42.89,0.54698,0.57811,0.60993,0.65225,0.66854,0.64075,0.59481,0.57352,0.55298,0.59228,0.63313,0.68181,0.69963,0.67829,0.65254,0.61114,0.57304,0.5561,0.58331,0.62604,0.65779,0.66278,0.65706,0.66057,0.65767,0.65537
CAL-DRY-0068,Dry Fodder,85.67,14.33,4.27,65.0,43.43,0.56676,0.59395,0.62779,0.65985,0.67162,0.63701,0.60506,0.58311,0.55111,0.59232,0.63296,0.67984,0.69993,0.69398,0.66419,0.61872,0.55318,0.52789,0.55864,0.61593,0.64857,0.64624,0.64943,0.64505,0.6447,0.6429
CAL-DRY-0069,Dry Fodder,84.91,15.09,4.01,68.61,41.08,0.54436,0.57647,0.60646,0.65002,0.67179,0.6382,0.59996,0.56949,0.55018,0.5941,0.63122,0.68505,0.69831,0.67514,0.64089,0.608,0.55404,0.52468,0.56315,0.6334,0.66347,0.65982,0.66597,0.66393,0.66458,0.66267
CAL-DRY-0070,Dry Fodder,90.5,9.5,4.08,68.63,43.75,0.55136,0.57825,0.61351,0.65565,0.66607,0.6342,0.58489,0.56887,0.54888,0.59063,0.63664,0.67819,0.70802,0.67566,0.64436,0.60906,0.59825,0.57729,0.60289,0.63059,0.65584,0.65727,0.65923,0.65692,0.66154,0.6565
CAL-DRY-0071,Dry Fodder,86.92,13.08,4.82,66.53,43.56,0.55999,0.5849,0.61579,0.65374,0.66803,0.63527,0.59405,0.57312,0.5477,0.59167,0.62708,0.675,0.6969,0.68592,0.65514,0.61262,0.56421,0.55078,0.57517,0.62471,0.65291,0.64623,0.64799,0.65222,0.65248,0.65034
CAL-DRY-0072,Dry Fodder,89.67,10.33,4.15,66.62,40.94,0.55011,0.57767,0.60894,0.63979,0.66734,0.63638,0.60047,0.57031,0.54864,0.58556,0.6272,0.68157,0.70239,0.68758,0.65807,0.61835,0.59198,0.57384,0.60411,0.63346,0.66376,0.66451,0.66295,0.66343,0.66762,0.66437
CAL-DRY-0073,Dry Fodder,88.41,11.59,4.69,69.4,43.02,0.55358,0.58584,0.61642,0.64915,0.67244,0.64374,0.59938,0.57462,0.55357,0.59043,0.62575,0.67858,0.69236,0.66961,0.6412,0.60396,0.57526,0.55678,0.58674,0.62436,0.64967,0.65007,0.65353,0.65381,0.65687,0.65682
CAL-DRY-0074,Dry Fodder,86.99,13.01,4.43,67.53,43.13,0.55291,0.58547,0.61008,0.65454,0.67077,0.63469,0.59588,0.56798,0.55332,0.59388,0.62662,0.67972,0.69866,0.68343,0.65455,0.61353,0.56699,0.54976,0.58046,0.62742,0.65894,0.65192,0.65884,0.66061,0.65761,0.65864
CAL-DRY-0075,Dry Fodder,87.81,12.19,4.34,66.27,41.08,0.55596,0.58975,0.61801,0.6553,0.67771,0.64624,0.60964,0.57249,0.55503,0.59031,0.63278,0.68276,0.70221,0.69269,0.65846,0.62061,0.57692,0.54798,0.57884,0.621,0.65798,0.6486,0.64709,0.64844,0.6468,0.65214
CAL-DRY-0076,Dry Fodder,85.46,14.54,4.17,68.04,38.13,0.54388,0.57612,0.60559,0.64599,0.6843,0.65752,0.61046,0.56429,0.54787,0.58947,0.6293,0.68161,0.70673,0.67483,0.64877,0.61523,0.55521,0.53946,0.5693,0.63578,0.66812,0.66388,0.65796,0.66141,0.67021,0.65973
CAL-DRY-0077,Dry Fodder,83.97,16.03,3.39,69.95,41.56,0.54728,0.57609,0.60267,0.65087,0.66781,0.63422,0.599,0.57104,0.54882,0.5899,0.6379,0.6858,0.70821,0.67251,0.64354,0.60293,0.54221,0.52627,0.55589,0.6287,0.65956,0.6688,0.67102,0.66158,0.66639,0.66509
CAL-DRY-0078,Dry Fodder,88.07,11.93,4.43,66.59,41.18,0.5301,0.56053,0.60399,0.63842,0.66136,0.6319,0.59075,0.56227,0.5447,0.58508,0.6223,0.67724,0.6976,0.68884,0.66102,0.61963,0.58036,0.56655,0.59051,0.63243,0.67095,0.667,0.66689,0.67402,0.67381,0.67169
CAL-DRY-0079,Dry Fodder,85.6,14.4,4.15,63.84,41.99,0.53437,0.56985,0.59843,0.64363,0.65744,0.62501,0.59164,0.56321,0.53961,0.583,0.62557,0.68354,0.70209,0.70029,0.67384,0.62741,0.55895,0.54294,0.57333,0.63551,0.66811,0.6707,0.67075,0.67446,0.67357,0.67524
CAL-DRY-0080,Dry Fodder,89.99,10.01,5.24,66.52,38.63,0.55933,0.5883,0.62257,0.65402,0.68786,0.65853,0.61684,0.57378,0.55459,0.59597,0.62611,0.67082,0.6875,0.6916,0.65299,0.62081,0.59322,0.57287,0.59968,0.61859,0.65103,0.64698,0.64325,0.64355,0.65287,0.64974
CAL-DRY-0081,Dry Fodder,90.09,9.91,4.51,67.45,42.78,0.54671,0.58071,0.60745,0.65126,0.65683,0.63411,0.59183,0.56585,0.55219,0.59167,0.62018,0.67863,0.69855,0.68071,0.65066,0.60868,0.59274,0.57351,0.60672,0.63267,0.65896,0.66098,0.65979,0.65803,0.65852,0.66545
CAL-DRY-0082,Dry Fodder,89.5,10.5,3.76,68.38,39.02,0.54723,0.58027,0.61095,0.64526,0.67686,0.64892,0.61288,0.56764,0.55049,0.59079,0.63366,0.6852,0.70034,0.67614,0.6524,0.61259,0.59049,0.57125,0.59246,0.62706,0.65895,0.67018,0.66198,0.66514,0.66096,0.66088
CAL-DRY-0083,Dry Fodder,86.34,13.66,2.58,70.82,40.39,0.53577,0.57338,0.60401,0.64575,0.67192,0.63651,0.59733,0.56525,0.54936,0.58128,0.64487,0.69797,0.71853,0.66837,0.64012,0.58938,0.56998,0.54682,0.58052,0.63096,0.65991,0.68257,0.67512,0.67766,0.66952,0.67095
CAL-DRY-0084,Dry Fodder,88.9,11.1,3.57,69.55,42.8,0.54733,0.58681,0.60487,0.65521,0.66478,0.63858,0.59777,0.57111,0.55235,0.59052,0.63902,0.69321,0.70241,0.66255,0.64065,0.60022,0.58131,0.55944,0.59461,0.62441,0.65969,0.66446,0.66327,0.66356,0.6603,0.65739
CAL-DRY-0085,Dry Fodder,89.38,10.62,4.56,69.96,38.42,0.55674,0.58351,0.61781,0.65772,0.68647,0.65452,0.61791,0.57281,0.55691,0.59736,0.63086,0.67797,0.70217,0.67064,0.6379,0.59673,0.58285,0.56436,0.59518,0.62196,0.65428,0.65316,0.65387,0.65127,0.65402,0.64899
CAL-DRY-0086,Dry Fodder,88.39,11.61,4.51,68.51,39.97,0.55072,0.58585,0.61284,0.6506,0.67401,0.64483,0.60688,0.57146,0.55221,0.59156,0.62611,0.67558,0.70313,0.67573,0.64341,0.60225,0.57766,0.56143,0.58677,0.63369,0.65912,0.66021,0.65449,0.65443,0.65896,0.66002
CAL-DRY-0087,Dry Fodder,89.03,10.97,4.55,64.87,40.89,0.54602,0.57636,0.60919,0.64664,0.66479,0.64029,0.598,0.57042,0.55155,0.5828,0.62366,0.67724,0.69215,0.69807,0.66906,0.62562,0.58257,0.55815,0.59772,0.63727,0.66684,0.65859,0.65609,0.66208,0.66185,0.66386
CAL-DRY-0088,Dry Fodder,88.67,11.33,4.82,70.34,40.56,0.54714,0.57242,0.60889,0.64665,0.67496,0.6427,0.60304,0.5724,0.55116,0.58963,0.62887,0.67603,0.69258,0.66717,0.64065,0.5989,0.578,0.56405,0.59515,0.63359,0.66468,0.66195,0.66094,0.65678,0.65945,0.6546
CAL-DRY-0089,Dry Fodder,89.43,10.57,4.23,63.85,40.98,0.54711,0.57248,0.60644,0.64762,0.67213,0.6443,0.59842,0.56843,0.54891,0.5906,0.63039,0.68343,0.69255,0.70222,0.67281,0.63103,0.58204,0.56903,0.59747,0.63755,0.66402,0.66071,0.65733,0.66565,0.66653,0.66418
CAL-DRY-0090,Dry Fodder,87.87,12.13,4.84,70.18,38.55,0.56181,0.60081,0.62623,0.65837,0.68797,0.66202,0.61669,0.57609,0.55562,0.59421,0.63018,0.68102,0.6928,0.66505,0.63833,0.60078,0.5693,0.55178,0.57543,0.62174,0.64692,0.64467,0.64301,0.6439,0.65062,0.64284
CAL-DRY-0091,Dry Fodder,88.14,11.86,4.38,68.44,41.22,0.55299,0.57905,0.60845,0.64655,0.66489,0.64124,0.6011,0.56617,0.54934,0.58916,0.62604,0.67565,0.69936,0.67716,0.64618,0.60549,0.57711,0.56039,0.58836,0.63005,0.66181,0.66384,0.66133,0.66076,0.66327,0.661
CAL-DRY-0092,Dry Fodder,87.62,12.38,3.27,68.75,42.12,0.55255,0.58625,0.6107,0.64728,0.66773,0.63493,0.60029,0.56925,0.55418,0.59385,0.63721,0.68729,0.71104,0.67903,0.63978,0.60639,0.56541,0.55008,0.58474,0.63725,0.65723,0.66045,0.66238,0.66384,0.65485,0.65381
CAL-DRY-0093,Dry Fodder,89.21,10.79,4.1,66.06,40.29,0.55667,0.58428,0.61453,0.65795,0.67952,0.64431,0.61202,0.57473,0.5487,0.59112,0.63022,0.684,0.70022,0.68916,0.65818,0.61367,0.5877,0.56483,0.58997,0.62646,0.65817,0.6555,0.65937,0.66282,0.65234,0.65034
CAL-DRY-0094,Dry Fodder,84.52,15.48,4.95,67.22,43.08,0.56129,0.58418,0.61398,0.66136,0.66897,0.63655,0.59476,0.57312,0.55743,0.59431,0.62467,0.67824,0.69702,0.68457,0.66125,0.61153,0.54916,0.52404,0.55728,0.62506,0.65655,0.65644,0.65148,0.64941,0.65026,0.6525
CAL-DRY-0095,Dry Fodder,90.1,9.9,4.72,67.6,44.49,0.55328,0.57926,0.61061,0.64725,0.65633,0.62401,0.58591,0.56912,0.54455,0.59137,0.62764,0.67465,0.68669,0.68127,0.64795,0.61041,0.59749,0.56593,0.60089,0.63316,0.65867,0.65492,0.66346,0.6586,0.66399,0.66278
CAL-DRY-0096,Dry Fodder,90.78,9.22,5.34,64.3,41.44,0.55539,0.58379,0.61758,0.65496,0.67978,0.64687,0.60722,0.56883,0.54957,0.58937,0.62364,0.66633,0.68597,0.69493,0.67612,0.62699,0.59825,0.57279,0.60865,0.62181,0.65375,0.64605,0.64846,0.64498,0.6595,0.65599
CAL-DRY-0097,Dry Fodder,90.3,9.7,3.96,66.7,43.11,0.5508,0.58971,0.61472,0.65406,0.67497,0.63685,0.60066,0.57443,0.55409,0.59153,0.63308,0.68792,0.70548,0.68467,0.65238,0.61311,0.59502,0.57496,0.60244,0.62091,0.65736,0.66001,0.65597,0.66074,0.64853,0.65389
CAL-DRY-0098,Dry Fodder,90.41,9.59,4.57,71.96,42.4,0.54899,0.57871,0.60942,0.64862,0.67058,0.64035,0.59202,0.5702,0.55026,0.58771,0.62768,0.68073,0.69901,0.66422,0.62801,0.59025,0.59289,0.57589,0.60614,0.63278,0.66382,0.65936,0.65469,0.6532,0.66138,0.6643
CAL-DRY-0099,Dry Fodder,85.75,14.25,5.45,69.08,41.81,0.56236,0.59464,0.62538,0.66356,0.67751,0.64811,0.60517,0.58197,0.55839,0.59287,0.61716,0.67023,0.68665,0.67273,0.63931,0.59841,0.55405,0.5315,0.56852,0.62354,0.64703,0.63585,0.64038,0.63673,0.6494,0.64499
CAL-DRY-0100,Dry Fodder,86.67,13.33,3.79,68.97,39.61,0.55944,0.58425,0.61756,0.65794,0.68807,0.65371,0.6098,0.57843,0.55268,0.59484,0.63401,0.6854,0.70201,0.67575,0.64647,0.60186,0.56115,0.54316,0.56889,0.62078,0.65567,0.65641,0.65562,0.65686,0.65372,0.65054
CAL-DRY-0101,Dry Fodder,87.35,12.65,4.55,68.3,40.51,0.53949,0.57434,0.60248,0.64606,0.67105,0.63812,0.60256,0.56682,0.54787,0.58115,0.62195,0.67276,0.69521,0.67917,0.64994,0.61099,0.57103,0.55582,0.58982,0.63318,0.66291,0.66104,0.664,0.66282,0.66232,0.66379
CAL-DRY-0102,Dry Fodder,90.81,9.19,5.16,68.5,39.72,0.55081,0.57748,0.60719,0.65238,0.68019,0.65428,0.60799,0.56686,0.5504,0.58975,0.61935,0.67169,0.68684,0.67782,0.64921,0.61135,0.59879,0.58082,0.60619,0.62798,0.66277,0.64772,0.65046,0.65488,0.65741,0.65702
CAL-DRY-0103,Dry Fodder,88.71,11.29,4.85,70.03,41.52,0.545,0.57341,0.60563,0.64062,0.66951,0.63561,0.58737,0.57134,0.54704,0.5865,0.62001,0.67381,0.69049,0.66843,0.63917,0.60061,0.58246,0.56722,0.59614,0.63548,0.6668,0.66079,0.65867,0.66781,0.6704,0.67311
CAL-DRY-0104,Dry Fodder,87.67,12.33,2.79,65.3,42.65,0.54572,0.57508,0.59917,0.64694,0.65947,0.63086,0.5959,0.56516,0.54577,0.58944,0.64591,0.6924,0.71833,0.68984,0.65963,0.6197,0.56953,0.55581,0.58219,0.62784,0.66352,0.67504,0.67604,0.67583,0.6609,0.6648
CAL-DRY-0105,Dry Fodder,87.65,12.35,4.3,65.25,40.37,0.5445,0.57843,0.60789,0.64695,0.67026,0.64032,0.59673,0.56458,0.54521,0.58987,0.63052,0.68043,0.70229,0.69425,0.66161,0.62494,0.57284,0.55752,0.585,0.63315,0.66605,0.66159,0.66723,0.66082,0.66701,0.66635
CAL-DRY-0106,Dry Fodder,86.03,13.97,3.28,69.65,40.8,0.56284,0.59009,0.62375,0.66086,0.68245,0.64717,0.61114,0.57279,0.55275,0.58958,0.64134,0.69395,0.71039,0.6699,0.6405,0.59944,0.55674,0.53602,0.56132,0.6235,0.64687,0.65924,0.65315,0.65895,0.6406,0.65191
CAL-DRY-0107,Dry Fodder,86.34,13.66,4.38,69.36,40.99,0.55707,0.58165,0.61249,0.65243,0.67341,0.63887,0.60425,0.57159,0.55481,0.58737,0.62717,0.68234,0.69926,0.67467,0.64403,0.60369,0.56696,0.54142,0.56776,0.62963,0.65567,0.65543,0.65652,0.65259,0.65443,0.65704
CAL-DRY-0108,Dry Fodder,90.25,9.75,3.61,65.82,44.93,0.54721,0.58157,0.61706,0.65128,0.66154,0.62931,0.58719,0.5704,0.54429,0.58955,0.63697,0.68683,0.71339,0.69166,0.66256,0.62402,0.59514,0.57311,0.60298,0.62801,0.66025,0.66241,0.66465,0.65961,0.65879,0.66286
CAL-DRY-0109,Dry Fodder,91.82,8.18,4.3,67.88,41.71,0.5477,0.5728,0.61149,0.65554,0.66967,0.63996,0.5979,0.57287,0.54939,0.59042,0.62405,0.67727,0.70007,0.6834,0.65359,0.60616,0.60249,0.58878,0.6149,0.6334,0.65593,0.65995,0.66025,0.6619,0.65817,0.65547
CAL-DRY-0110,Dry Fodder,89.45,10.55,4.8,67.21,42.9,0.55068,0.58325,0.60918,0.64422,0.66368,0.63421,0.59556,0.56506,0.54878,0.59239,0.62349,0.67294,0.69964,0.68077,0.65774,0.61716,0.58712,0.56776,0.59781,0.63095,0.65869,0.65502,0.6553,0.65545,0.65979,0.65406
CAL-DRY-0111,Dry Fodder,87.55,12.45,3.08,67.23,40.81,0.5539,0.57845,0.61207,0.65421,0.67091,0.64265,0.60797,0.57072,0.55115,0.5888,0.64328,0.69109,0.70571,0.68278,0.65029,0.61417,0.56963,0.55381,0.5825,0.62622,0.65848,0.66965,0.67123,0.66507,0.65664,0.66577
CAL-DRY-0112,Dry Fodder,88.66,11.34,3.76,68.47,44.59,0.55039,0.58285,0.60978,0.64664,0.65535,0.62408,0.58811,0.57351,0.55035,0.58897,0.63199,0.68546,0.70071,0.67425,0.65038,0.60687,0.58053,0.56094,0.59366,0.63069,0.65799,0.66124,0.6628,0.66432,0.66023,0.66
CAL-DRY-0113,Dry Fodder,88.43,11.57,3.73,70.44,40.63,0.55166,0.57499,0.61042,0.64767,0.6714,0.6515,0.60488,0.57424,0.55302,0.59331,0.63434,0.68965,0.70727,0.6679,0.63846,0.59716,0.57928,0.55889,0.59006,0.63456,0.65562,0.66584,0.66121,0.66602,0.65783,0.65997
CAL-DRY-0114,Dry Fodder,85.38,14.62,5.24,65.93,41.65,0.56608,0.59369,0.62554,0.66284,0.67897,0.65083,0.60495,0.57884,0.55654,0.58794,0.62184,0.67328,0.68714,0.69114,0.65936,0.61347,0.54966,0.53063,0.55399,0.61938,0.65191,0.63704,0.63945,0.6333,0.64182,0.6421
CAL-DRY-0115,Dry Fodder,87.54,12.46,4.46,68.5,40.56,0.54026,0.57598,0.60364,0.64676,0.67054,0.63857,0.60364,0.56539,0.55126,0.59217,0.62929,0.67611,0.70481,0.67823,0.64901,0.60873,0.57071,0.5585,0.58341,0.6361,0.66733,0.66437,0.661,0.66257,0.65788,0.66607
CAL-DRY-0116,Dry Fodder,88.07,11.93,3.85,67.34,43.69,0.54989,0.58562,0.60833,0.65069,0.65998,0.6375,0.59182,0.57641,0.54876,0.5946,0.6339,0.68606,0.69988,0.68432,0.65006,0.61404,0.57201,0.55628,0.58984,0.63162,0.65627,0.65675,0.66393,0.66718,0.65706,0.66624
CAL-DRY-0117,Dry Fodder,84.97,15.03,3.26,69.69,41.73,0.57132,0.59192,0.62452,0.66284,0.68011,0.64804,0.60675,0.57795,0.55698,0.59548,0.64636,0.68779,0.7046,0.67391,0.63668,0.59702,0.54524,0.52382,0.55,0.61952,0.65183,0.65507,0.65525,0.6509,0.64719,0.64161
CAL-DRY-0118,Dry Fodder,89.07,10.93,4.66,66.77,43.66,0.54918,0.58361,0.61669,0.65143,0.66187,0.63209,0.59715,0.57197,0.55706,0.59132,0.62378,0.67385,0.69565,0.67996,0.65452,0.61445,0.58479,0.56976,0.59396,0.62333,0.65622,0.65638,0.65574,0.66019,0.66128,0.66105
CAL-DRY-0119,Dry Fodder,90.48,9.52,3.66,70.13,40.99,0.54856,0.58445,0.61663,0.65099,0.6787,0.63881,0.59995,0.57084,0.54993,0.58881,0.63636,0.68414,0.70441,0.67007,0.637,0.59845,0.59308,0.57116,0.60684,0.63361,0.66145,0.66278,0.65963,0.66046,0.6605,0.65025
CAL-DRY-0120,Dry Fodder,89.82,10.18,3.52,68.93,42.18,0.54515,0.57982,0.60774,0.65088,0.66897,0.63819,0.59725,0.57065,0.5463,0.58977,0.63434,0.68987,0.70886,0.6774,0.65054,0.60445,0.58906,0.56968,0.59598,0.62568,0.66215,0.66092,0.66192,0.66488,0.65921,0.66314
CAL-DRY-0121,Dry Fodder,87.06,12.94,4.78,69.6,38.96,0.55981,0.58618,0.61538,0.66249,0.68669,0.65494,0.61512,0.57661,0.55115,0.59094,0.62795,0.67071,0.6975,0.66681,0.64016,0.59538,0.5628,0.54914,0.57765,0.62875,0.65022,0.64661,0.65006,0.65046,0.64927,0.64921
CAL-DRY-0122,Dry Fodder,91.48,8.52,3.92,68.07,41.65,0.55121,0.5752,0.61173,0.64456,0.67146,0.63299,0.59799,0.57395,0.55133,0.59067,0.62928,0.68039,0.7068,0.68116,0.65258,0.6103,0.60362,0.58694,0.61558,0.63059,0.65702,0.66629,0.66492,0.66195,0.66548,0.66284
CAL-DRY-0123,Dry Fodder,90.09,9.91,4.6,68.65,41.16,0.57315,0.59362,0.62668,0.66282,0.68441,0.65538,0.60936,0.57937,0.55699,0.59289,0.6332,0.68018,0.69537,0.67939,0.64221,0.60324,0.58663,0.56879,0.59372,0.62333,0.65147,0.64437,0.64961,0.64051,0.63995,0.64537
CAL-DRY-0124,Dry Fodder,91.19,8.81,4.26,64.86,39.79,0.54334,0.57953,0.60454,0.65017,0.67472,0.64435,0.60744,0.5711,0.5528,0.58761,0.62895,0.67727,0.69981,0.69343,0.66464,0.62479,0.60286,0.58212,0.61378,0.63059,0.65932,0.66134,0.65816,0.66276,0.66076,0.66237
CAL-DRY-0125,Dry Fodder,91.38,8.62,4.43,68.16,40.25,0.54809,0.57522,0.6018,0.64614,0.67263,0.63994,0.60239,0.56789,0.54828,0.5925,0.62291,0.68329,0.69744,0.68111,0.6501,0.60488,0.6011,0.58304,0.61794,0.62809,0.66002,0.66182,0.66309,0.66335,0.66102,0.65952
CAL-DRY-0126,Dry Fodder,91.08,8.92,3.99,65.48,40.73,0.55408,0.58197,0.61666,0.65498,0.67562,0.63897,0.60253,0.56963,0.5488,0.59138,0.63329,0.6774,0.7046,0.69252,0.66332,0.62425,0.59752,0.58337,0.60894,0.63303,0.65558,0.66379,0.65653,0.66666,0.65448,0.66027
CAL-DRY-0127,Dry Fodder,89.79,10.21,4.18,65.6,36.47,0.56692,0.58886,0.60906,0.65805,0.6986,0.66363,0.6229,0.57408,0.55699,0.59293,0.63651,0.68476,0.69993,0.68692,0.6602,0.6217,0.58784,0.56882,0.59875,0.62671,0.65354,0.65534,0.65974,0.64781,0.65282,0.6561
CAL-DRY-0128,Dry Fodder,90.3,9.7,4.88,64.75,42.78,0.55257,0.58294,0.61187,0.65651,0.66684,0.63551,0.59529,0.57047,0.54798,0.58953,0.62422,0.67481,0.69694,0.69683,0.66442,0.62253,0.59435,0.57284,0.60267,0.62903,0.65952,0.65374,0.65215,0.64998,0.65504,0.65916
CAL-DRY-0129,Dry Fodder,86.08,13.92,4.9,65.93,41.56,0.54505,0.5741,0.59717,0.64629,0.66936,0.63825,0.59004,0.57356,0.54371,0.58497,0.6241,0.67363,0.69303,0.68891,0.66513,0.62153,0.55772,0.54663,0.5741,0.63668,0.66557,0.66667,0.65908,0.66057,0.66807,0.66551
CAL-DRY-0130,Dry Fodder,83.19,16.81,4.16,67.77,41.25,0.5487,0.58395,0.60961,0.65161,0.6718,0.6433,0.60599,0.57117,0.553,0.59081,0.62919,0.68017,0.69964,0.68278,0.65129,0.60848,0.53652,0.5125,0.54642,0.62931,0.66463,0.66344,0.65619,0.65979,0.65943,0.65798
CAL-DRY-0131,Dry Fodder,87.86,12.14,5.32,67.08,42.11,0.53833,0.57872,0.61012,0.64374,0.66323,0.63645,0.59548,0.5696,0.54767,0.59445,0.61594,0.67635,0.69233,0.68724,0.65195,0.61812,0.57786,0.55001,0.58249,0.6332,0.66205,0.65336,0.65847,0.65291,0.66239,0.66214
CAL-DRY-0132,Dry Fodder,85.4,14.6,3.9,64.21,40.94,0.55009,0.58031,0.60607,0.65002,0.67028,0.64509,0.60078,0.56017,0.55193,0.58804,0.63175,0.68374,0.69863,0.69926,0.6708,0.63046,0.55403,0.53896,0.56316,0.62921,0.66084,0.66439,0.6627,0.66752,0.6628,0.66231
CAL-DRY-0133,Dry Fodder,89.82,10.18,4.34,64.02,43.46,0.54959,0.58135,0.60814,0.64394,0.6548,0.62886,0.59331,0.57356,0.55063,0.58663,0.62605,0.68255,0.69459,0.70624,0.67562,0.63646,0.59191,0.5698,0.60196,0.63312,0.65851,0.65621,0.65872,0.65731,0.66443,0.65892
CAL-DRY-0134,Dry Fodder,90.27,9.73,4.97,68.46,42.19,0.53927,0.576,0.60734,0.63855,0.6673,0.63052,0.59502,0.56685,0.54705,0.58723,0.61781,0.67297,0.69116,0.67408,0.64552,0.60536,0.59473,0.57838,0.6054,0.63692,0.66425,0.65898,0.66051,0.66526,0.66295,0.67265
CAL-DRY-0135,Dry Fodder,88.46,11.54,4.91,67.29,42.01,0.55315,0.5873,0.61189,0.65348,0.67323,0.64395,0.59796,0.57436,0.54877,0.58489,0.62161,0.67598,0.69306,0.68175,0.65314,0.61266,0.58022,0.55313,0.58728,0.62789,0.65304,0.64764,0.65031,0.65104,0.65564,0.65355
CAL-DRY-0136,Dry Fodder,87.79,12.21,4.38,70.74,37.5,0.54817,0.57626,0.60847,0.65074,0.68121,0.6566,0.6103,0.56875,0.54794,0.5891,0.6245,0.67908,0.70282,0.66354,0.63732,0.59962,0.57446,0.55972,0.58465,0.63158,0.65924,0.66164,0.66157,0.66376,0.6615,0.66165
CAL-DRY-0137,Dry Fodder,91.01,8.99,4.58,72.06,42.5,0.54898,0.57966,0.6123,0.65175,0.66099,0.63685,0.59545,0.56828,0.54375,0.58466,0.62462,0.67152,0.69509,0.66192,0.62825,0.59045,0.59763,0.58195,0.61278,0.62707,0.65929,0.65531,0.66085,0.66002,0.66223,0.6622
CAL-DRY-0138,Dry Fodder,89.12,10.88,3.9,66.6,41.39,0.55742,0.59353,0.61556,0.65694,0.67726,0.64942,0.60215,0.57753,0.55243,0.59974,0.63566,0.68025,0.7027,0.69068,0.65628,0.61521,0.58486,0.56103,0.59079,0.62301,0.66039,0.65298,0.65652,0.65681,0.65261,0.64825
CAL-DRY-0139,Dry Fodder,89.44,10.56,3.73,63.44,42.2,0.5522,0.58633,0.61344,0.65291,0.67065,0.63669,0.59724,0.57134,0.5483,0.59349,0.63472,0.68091,0.70319,0.7029,0.67088,0.63303,0.5879,0.57299,0.59886,0.62259,0.65603,0.6592,0.66134,0.65643,0.65397,0.65145
CAL-DRY-0140,Dry Fodder,87.48,12.52,4.01,65.39,43.27,0.55264,0.57678,0.6111,0.64623,0.66779,0.6385,0.5934,0.56798,0.54845,0.58898,0.6318,0.68614,0.70479,0.69592,0.66342,0.61935,0.56921,0.55161,0.57772,0.63028,0.66168,0.66212,0.6619,0.65469,0.66288,0.65408
CAL-DRY-0141,Dry Fodder,89.61,10.39,4.42,65.19,39.52,0.54685,0.57784,0.60331,0.64813,0.67064,0.64738,0.60317,0.56848,0.54829,0.59236,0.62777,0.67557,0.69877,0.70064,0.66676,0.62468,0.58753,0.5685,0.60271,0.62943,0.66241,0.66553,0.66199,0.65862,0.67022,0.6693
CAL-DRY-0142,Dry Fodder,90.8,9.2,4.04,69.59,40.74,0.54001,0.58232,0.6008,0.64639,0.66988,0.64104,0.5997,0.56715,0.54828,0.58978,0.63041,0.68069,0.6974,0.67831,0.64435,0.60384,0.59816,0.57749,0.61356,0.6326,0.66542,0.6611,0.67027,0.6688,0.66521,0.66733
CAL-DRY-0143,Dry Fodder,86.09,13.91,5.21,69.06,40.23,0.54694,0.58317,0.61083,0.65162,0.67531,0.6422,0.60672,0.56951,0.55002,0.5972,0.62259,0.67274,0.6981,0.67583,0.64502,0.6026,0.55933,0.53452,0.57302,0.62608,0.66257,0.65267,0.65316,0.65263,0.66395,0.6634
CAL-DRY-0144,Dry Fodder,86.88,13.12,4.75,65.86,38.7,0.54951,0.58183,0.60712,0.64971,0.6786,0.65217,0.61345,0.56834,0.5462,0.58507,0.62684,0.67081,0.69549,0.69313,0.65945,0.62062,0.57061,0.54534,0.5752,0.63033,0.66502,0.6623,0.65733,0.65565,0.66501,0.65697
CAL-DRY-0145,Dry Fodder,88.42,11.58,4.98,71.07,39.8,0.55671,0.58399,0.61433,0.65657,0.68,0.65109,0.61288,0.57727,0.5531,0.59209,0.62016,0.67774,0.69397,0.66482,0.63417,0.5945,0.57995,0.55982,0.59147,0.6275,0.66154,0.65352,0.64967,0.64435,0.65455,0.65847
CAL-DRY-0146,Dry Fodder,88.65,11.35,4.3,70.07,40.8,0.54718,0.58151,0.60759,0.64433,0.67817,0.64544,0.60833,0.57253,0.55196,0.59105,0.62841,0.68052,0.69734,0.66644,0.63867,0.60355,0.57755,0.55762,0.59306,0.62887,0.66159,0.66242,0.66085,0.65759,0.66405,0.66244
CAL-DRY-0147,Dry Fodder,88.46,11.54,4.42,67.31,38.56,0.55676,0.58622,0.60688,0.65496,0.69008,0.65107,0.61387,0.57144,0.5566,0.59463,0.62602,0.67932,0.70484,0.68138,0.65286,0.61407,0.5766,0.56336,0.58629,0.62349,0.65572,0.65732,0.65261,0.65555,0.65754,0.65186
CAL-DRY-0148,Dry Fodder,89.13,10.87,4.62,66.81,41.77,0.54697,0.58018,0.60973,0.64722,0.66886,0.63636,0.59914,0.57045,0.55633,0.58838,0.62493,0.67358,0.6926,0.68464,0.65818,0.61858,0.58652,0.56492,0.5945,0.62838,0.65964,0.65465,0.66278,0.66439,0.6562,0.66305
CAL-DRY-0149,Dry Fodder,88.88,11.12,3.84,70.25,42.24,0.55432,0.57891,0.60687,0.65223,0.66498,0.64094,0.5913,0.56913,0.54859,0.58934,0.63458,0.68489,0.70552,0.67097,0.63809,0.60484,0.58683,0.56163,0.59206,0.62837,0.66036,0.65875,0.6592,0.65497,0.65768,0.66198
CAL-DRY-0150,Dry Fodder,88.33,11.67,4.37,65.8,41.55,0.54605,0.57483,0.60737,0.64876,0.6673,0.63371,0.59534,0.57288,0.54856,0.58869,0.62443,0.67726,0.70022,0.69133,0.66026,0.62149,0.58404,0.563,0.59313,0.63477,0.66042,0.66415,0.66707,0.66361,0.66902,0.66826
CAL-DRY-0151,Dry Fodder,88.59,11.41,4.73,64.78,41.56,0.55428,0.58286,0.61509,0.65116,0.66958,0.63613,0.60006,0.57249,0.55305,0.5864,0.62864,0.67201,0.6944,0.69432,0.66711,0.62596,0.58217,0.56549,0.59098,0.62716,0.6601,0.66065,0.65662,0.65731,0.65325,0.65902
CAL-DRY-0152,Dry Fodder,87.28,12.72,4.19,68.24,40.38,0.54501,0.57437,0.60744,0.64646,0.67185,0.6441,0.60327,0.56754,0.54174,0.58999,0.62629,0.67921,0.70102,0.68303,0.655,0.60715,0.56781,0.55318,0.58338,0.62928,0.66328,0.66566,0.66062,0.66177,0.66318,0.66491
CAL-DRY-0153,Dry Fodder,87.91,12.09,4.23,72.94,39.78,0.55313,0.58671,0.61724,0.65511,0.68577,0.65089,0.6036,0.57253,0.55012,0.59558,0.63358,0.67551,0.70392,0.65791,0.62371,0.58404,0.57805,0.54755,0.5844,0.63064,0.65668,0.65825,0.65621,0.65314,0.65289,0.65705
CAL-DRY-0154,Dry Fodder,85.76,14.24,4.27,66.87,39.34,0.54974,0.58186,0.60966,0.64644,0.67975,0.65145,0.61502,0.57411,0.54681,0.59244,0.62994,0.67575,0.7001,0.69142,0.65929,0.6127,0.55822,0.53969,0.56307,0.62516,0.66075,0.66031,0.65433,0.66105,0.6637,0.65982
CAL-DRY-0155,Dry Fodder,89.53,10.47,4.46,64.33,39.87,0.53833,0.56778,0.6056,0.64394,0.66606,0.63959,0.60446,0.56345,0.54878,0.59122,0.62892,0.67665,0.7007,0.69721,0.67707,0.63117,0.5946,0.57091,0.60434,0.63708,0.6635,0.66241,0.66551,0.67027,0.66415,0.66939
CAL-DRY-0156,Dry Fodder,86.28,13.72,4.95,65.52,39.85,0.53475,0.572,0.59564,0.63355,0.66232,0.64051,0.59483,0.56705,0.54488,0.58576,0.62041,0.6683,0.6923,0.68942,0.66823,0.62229,0.56772,0.54448,0.57717,0.63658,0.67783,0.66476,0.66352,0.66584,0.66911,0.67432
CAL-DRY-0157,Dry Fodder,89.1,10.9,4.74,66.0,41.13,0.53716,0.56545,0.5999,0.64162,0.66394,0.63294,0.59774,0.56331,0.54411,0.59056,0.61857,0.66786,0.69144,0.69171,0.66547,0.62072,0.59405,0.56976,0.60041,0.63445,0.67393,0.6649,0.66243,0.67488,0.67356,0.67585
CAL-DRY-0158,Dry Fodder,89.61,10.39,4.78,68.12,42.82,0.54187,0.57256,0.60362,0.64271,0.66077,0.63141,0.593,0.56839,0.55311,0.59091,0.62192,0.67455,0.69807,0.67687,0.65641,0.60868,0.5938,0.57176,0.60223,0.63026,0.66754,0.6575,0.65768,0.66613,0.67275,0.66602
CAL-DRY-0159,Dry Fodder,89.93,10.07,4.15,70.94,41.21,0.55239,0.57701,0.60707,0.65414,0.6734,0.64125,0.60734,0.57606,0.55162,0.58587,0.63038,0.67815,0.70085,0.66246,0.63162,0.58835,0.59174,0.56427,0.60014,0.63165,0.65733,0.65656,0.65955,0.6572,0.65979,0.65607
CAL-DRY-0160,Dry Fodder,87.88,12.12,4.19,71.6,41.86,0.55546,0.58176,0.61398,0.65218,0.67133,0.64288,0.59911,0.57054,0.54996,0.58959,0.63138,0.67945,0.70472,0.66989,0.62984,0.59211,0.57702,0.55279,0.58029,0.63316,0.65969,0.65832,0.6614,0.65904,0.65623,0.65312
CAL-DRY-0161,Dry Fodder,90.67,9.33,4.61,67.59,44.68,0.55519,0.58817,0.61542,0.6601,0.66339,0.63082,0.58969,0.57245,0.54986,0.58749,0.62797,0.67499,0.69453,0.68156,0.65153,0.61094,0.60098,0.5773,0.61118,0.62574,0.65895,0.65213,0.65115,0.65881,0.65249,0.64764
CAL-DRY-0162,Dry Fodder,84.89,15.11,3.63,66.11,41.56,0.54236,0.58221,0.60312,0.64848,0.66776,0.64133,0.60002,0.5729,0.54838,0.58819,0.63665,0.68862,0.70812,0.69047,0.66032,0.61964,0.55273,0.53772,0.56101,0.62968,0.65957,0.66618,0.65877,0.66485,0.66402,0.65991
CAL-DRY-0163,Dry Fodder,92.3,7.7,4.4,63.07,38.96,0.55447,0.58239,0.61469,0.65308,0.6872,0.65001,0.61224,0.57295,0.5529,0.5919,0.62182,0.67889,0.69777,0.70702,0.67617,0.63431,0.60985,0.59255,0.62153,0.62811,0.6633,0.65317,0.65108,0.65419,0.65408,0.64738
CAL-DRY-0164,Dry Fodder,89.12,10.88,4.17,66.29,41.58,0.55316,0.58471,0.61042,0.65474,0.66832,0.63986,0.60624,0.56816,0.54903,0.58702,0.62842,0.6811,0.70258,0.68837,0.65723,0.61425,0.58199,0.55931,0.59593,0.63097,0.65821,0.65967,0.66075,0.6582,0.66161,0.65414
CAL-DRY-0165,Dry Fodder,87.66,12.34,4.59,64.84,44.11,0.54129,0.57569,0.60115,0.64045,0.65448,0.62643,0.58203,0.55943,0.54078,0.58787,0.62866,0.67097,0.69488,0.69515,0.67278,0.63463,0.57745,0.5597,0.59045,0.63156,0.66833,0.66129,0.66467,0.66943,0.66981,0.6737
CAL-DRY-0166,Dry Fodder,85.34,14.66,2.89,70.56,43.66,0.54871,0.57928,0.61095,0.65106,0.65903,0.63297,0.58923,0.56982,0.54986,0.58684,0.64042,0.69952,0.71031,0.66841,0.6392,0.59747,0.55729,0.53643,0.563,0.63268,0.6596,0.67577,0.672,0.66878,0.66292,0.65929
CAL-DRY-0167,Dry Fodder,88.09,11.91,3.7,66.15,45.88,0.55127,0.57962,0.60902,0.65217,0.65123,0.61978,0.58289,0.57032,0.54911,0.5876,0.63399,0.68367,0.70318,0.69002,0.66579,0.62303,0.5823,0.55469,0.59134,0.63017,0.66236,0.66417,0.66169,0.6648,0.66054,0.6537
CAL-DRY-0168,Dry Fodder,90.07,9.93,4.37,69.03,40.15,0.55448,0.58313,0.61251,0.65078,0.68068,0.64867,0.60807,0.57779,0.55276,0.59464,0.6299,0.67772,0.69531,0.67541,0.6364,0.60491,0.59247,0.57057,0.60065,0.62432,0.66193,0.6553,0.6531,0.65735,0.65692,0.65521
CAL-DRY-0169,Dry Fodder,88.49,11.51,5.01,69.03,41.44,0.56637,0.59279,0.6228,0.66095,0.68141,0.6472,0.60401,0.5788,0.55949,0.59059,0.62522,0.67224,0.69513,0.67502,0.65316,0.60117,0.58066,0.55985,0.58544,0.62293,0.652,0.64499,0.64725,0.64013,0.64681,0.64534
CAL-DRY-0170,Dry Fodder,90.05,9.95,4.84,66.6,43.35,0.5362,0.57174,0.60202,0.64338,0.65668,0.62692,0.58671,0.56569,0.55083,0.58573,0.62858,0.67063,0.69398,0.68905,0.65719,0.62293,0.59654,0.57501,0.61046,0.63166,0.66373,0.66338,0.66482,0.66411,0.66795,0.6683
CAL-DRY-0171,Dry Fodder,88.93,11.07,3.68,65.95,44.22,0.54389,0.57718,0.61073,0.64862,0.65414,0.62368,0.59265,0.56513,0.54692,0.59001,0.63379,0.68648,0.70067,0.68976,0.66274,0.62306,0.58285,0.56182,0.59584,0.62812,0.66623,0.66683,0.66458,0.66382,0.66174,0.65927
CAL-DRY-0172,Dry Fodder,87.05,12.95,4.44,69.18,43.24,0.56591,0.59732,0.62689,0.66229,0.6743,0.64046,0.59796,0.58051,0.55727,0.5963,0.62886,0.68429,0.69752,0.67108,0.64055,0.60577,0.56086,0.54073,0.58047,0.62494,0.64871,0.64477,0.64179,0.64589,0.64824,0.6494
CAL-DRY-0173,Dry Fodder,86.11,13.89,4.13,74.13,43.09,0.54949,0.57482,0.60227,0.64888,0.66221,0.63184,0.59163,0.56704,0.54648,0.59371,0.62773,0.67969,0.70053,0.65152,0.61698,0.5826,0.55963,0.54102,0.57656,0.62794,0.66314,0.66463,0.66267,0.66152,0.66788,0.66159
CAL-DRY-0174,Dry Fodder,87.89,12.11,4.29,70.12,41.0,0.5505,0.58782,0.6125,0.65741,0.67662,0.64891,0.60269,0.5714,0.55144,0.58746,0.63379,0.67504,0.70266,0.67039,0.63798,0.59906,0.5742,0.55149,0.58304,0.62864,0.65307,0.65576,0.6463,0.64784,0.65541,0.65192
CAL-DRY-0175,Dry Fodder,88.4,11.6,3.96,65.83,38.55,0.53571,0.57451,0.60169,0.64654,0.6748,0.64784,0.60707,0.56645,0.54726,0.58632,0.62701,0.68367,0.70682,0.69619,0.66022,0.62035,0.57992,0.56173,0.59277,0.63136,0.66059,0.66751,0.65744,0.6684,0.66488,0.67072
CAL-DRY-0176,Dry Fodder,90.43,9.57,3.99,65.5,40.03,0.56956,0.59226,0.62989,0.66322,0.69008,0.65174,0.61281,0.57251,0.55979,0.59475,0.63753,0.68451,0.70423,0.69073,0.65963,0.61847,0.59141,0.56999,0.60563,0.62532,0.64345,0.64831,0.64603,0.64959,0.64185,0.6427
CAL-DRY-0177,Dry Fodder,85.78,14.22,5.46,68.11,39.7,0.55676,0.58239,0.61422,0.65023,0.67893,0.64956,0.61369,0.57405,0.55409,0.59161,0.62112,0.66555,0.68549,0.68043,0.64789,0.6082,0.55602,0.53979,0.56946,0.62498,0.6511,0.64497,0.64393,0.64864,0.65721,0.65087
CAL-DRY-0178,Dry Fodder,85.84,14.16,4.28,67.9,42.92,0.54859,0.57916,0.60294,0.64591,0.66519,0.63096,0.58793,0.57115,0.54722,0.59237,0.62856,0.67801,0.70317,0.6767,0.65515,0.60916,0.56,0.54026,0.5687,0.62922,0.66063,0.65837,0.66753,0.66043,0.66615,0.66598
CAL-DRY-0179,Dry Fodder,88.26,11.74,4.32,69.26,41.68,0.55396,0.58251,0.6218,0.64868,0.67575,0.64377,0.60426,0.57039,0.55417,0.59304,0.63885,0.68027,0.70323,0.66886,0.64573,0.60265,0.57643,0.55578,0.58936,0.62626,0.65245,0.65145,0.65506,0.65326,0.64744,0.65289
CAL-DRY-0180,Dry Fodder,89.29,10.71,3.72,67.38,40.52,0.55772,0.58411,0.61644,0.66109,0.67621,0.65033,0.60347,0.57516,0.54872,0.59083,0.63708,0.6873,0.70114,0.68037,0.65455,0.61136,0.58123,0.56496,0.59456,0.62889,0.65969,0.66263,0.65868,0.6595,0.65988,0.65521
CAL-DRY-0181,Dry Fodder,85.79,14.21,4.18,68.76,37.94,0.55043,0.57908,0.61542,0.64703,0.68646,0.65856,0.61668,0.57028,0.55235,0.59413,0.63058,0.67389,0.70376,0.67726,0.64567,0.59953,0.55642,0.5344,0.56309,0.6277,0.65621,0.65624,0.65957,0.65783,0.65517,0.65449
CAL-DRY-0182,Dry Fodder,88.05,11.95,4.55,65.71,44.13,0.56098,0.58028,0.61801,0.66014,0.66694,0.6338,0.59412,0.5746,0.55563,0.58834,0.62653,0.68252,0.69696,0.69568,0.66932,0.61815,0.57026,0.55232,0.58567,0.62892,0.66128,0.65116,0.652,0.64766,0.64399,0.65065
CAL-DRY-0183,Dry Fodder,89.66,10.34,3.07,66.37,41.98,0.55979,0.58784,0.62289,0.6613,0.67192,0.6481,0.60787,0.57344,0.55326,0.59228,0.64109,0.69069,0.71559,0.6891,0.65543,0.61362,0.58456,0.56565,0.59819,0.62291,0.6575,0.6626,0.66174,0.66369,0.65455,0.64711
CAL-DRY-0184,Dry Fodder,88.09,11.91,4.41,71.0,41.62,0.5619,0.58413,0.61409,0.65425,0.6717,0.64709,0.59475,0.57148,0.55589,0.59096,0.63244,0.68527,0.69838,0.66822,0.64143,0.59484,0.57465,0.55696,0.58726,0.62635,0.65447,0.65904,0.65253,0.65638,0.65454,0.65869
CAL-DRY-0185,Dry Fodder,86.97,13.03,4.71,65.51,41.71,0.54925,0.56969,0.60668,0.64954,0.66542,0.63314,0.59557,0.56511,0.54827,0.58766,0.62226,0.67562,0.69939,0.69363,0.66711,0.62825,0.5675,0.55051,0.57884,0.62836,0.6643,0.65692,0.66196,0.65627,0.66547,0.66068
CAL-DRY-0186,Dry Fodder,87.79,12.21,3.91,70.48,40.92,0.54168,0.57144,0.60426,0.64655,0.66894,0.63572,0.60144,0.56344,0.54466,0.58719,0.63435,0.67839,0.70527,0.66779,0.63735,0.60263,0.57435,0.56431,0.58761,0.63495,0.66982,0.66847,0.6722,0.66346,0.66663,0.66984
CAL-DRY-0187,Dry Fodder,89.89,10.11,4.61,70.33,42.36,0.53626,0.5776,0.60135,0.64539,0.66215,0.63234,0.58946,0.56097,0.54436,0.59043,0.62014,0.67243,0.69691,0.66554,0.63758,0.60004,0.59398,0.57057,0.60472,0.635,0.66056,0.66277,0.66056,0.66367,0.66889,0.66678
CAL-DRY-0188,Dry Fodder,89.92,10.08,4.74,68.89,43.48,0.55018,0.5741,0.6068,0.64863,0.66115,0.63256,0.58915,0.5756,0.54934,0.5897,0.62235,0.67143,0.69414,0.67569,0.64542,0.61073,0.59128,0.57148,0.60426,0.62999,0.6622,0.65301,0.65311,0.65737,0.6602,0.65855
CAL-DRY-0189,Dry Fodder,88.88,11.12,3.77,66.86,41.89,0.55134,0.58224,0.6153,0.65328,0.67,0.63837,0.59769,0.57154,0.55766,0.59293,0.63114,0.68691,0.70216,0.68552,0.65341,0.62089,0.57838,0.56237,0.58902,0.62993,0.65824,0.66375,0.66179,0.6572,0.6647,0.65726
CAL-DRY-0190,Dry Fodder,88.87,11.13,4.58,69.3,42.39,0.55473,0.58429,0.609,0.65772,0.67358,0.63993,0.5975,0.57097,0.54969,0.58993,0.62002,0.68103,0.69982,0.66838,0.64593,0.60309,0.58185,0.56378,0.58692,0.62901,0.65914,0.65635,0.65185,0.65715,0.66149,0.65939
CAL-DRY-0191,Dry Fodder,93.34,6.66,3.65,69.7,41.94,0.55445,0.5797,0.61047,0.65031,0.664,0.63469,0.5966,0.57218,0.55013,0.58894,0.63935,0.67941,0.7016,0.66407,0.64531,0.60152,0.62206,0.59896,0.63249,0.63044,0.66218,0.66575,0.6661,0.67027,0.65658,0.66138
CAL-DRY-0192,Dry Fodder,88.59,11.41,3.96,66.82,44.25,0.54509,0.58299,0.60763,0.64556,0.65744,0.62649,0.59056,0.56443,0.5429,0.58977,0.63395,0.68268,0.70422,0.68765,0.652,0.61767,0.58596,0.5629,0.58883,0.63144,0.66449,0.67026,0.65938,0.66671,0.66153,0.66623
CAL-DRY-0193,Dry Fodder,88.08,11.92,4.58,70.51,41.2,0.54425,0.58268,0.61103,0.65037,0.66793,0.6431,0.60641,0.56887,0.54966,0.58632,0.6237,0.67278,0.69653,0.66651,0.63879,0.59513,0.57663,0.55441,0.58797,0.62601,0.6615,0.65769,0.65921,0.65385,0.66356,0.66084
CAL-DRY-0194,Dry Fodder,85.13,14.87,3.45,67.14,43.98,0.54675,0.57594,0.60317,0.64301,0.65764,0.6293,0.58821,0.573,0.54621,0.58919,0.63141,0.68751,0.71167,0.68136,0.6574,0.61958,0.55235,0.53621,0.56994,0.6332,0.66526,0.66318,0.67068,0.67083,0.66047,0.66194
CAL-DRY-0195,Dry Fodder,87.96,12.04,4.87,68.68,41.6,0.55678,0.58759,0.61853,0.65714,0.67328,0.64769,0.60536,0.57436,0.5529,0.59354,0.61929,0.67493,0.69854,0.67695,0.64596,0.60334,0.57508,0.55243,0.58636,0.62362,0.65427,0.64857,0.65529,0.64864,0.65165,0.64644
CAL-DRY-0196,Dry Fodder,89.45,10.55,4.51,66.57,40.43,0.55141,0.58426,0.60995,0.65151,0.67677,0.64843,0.60122,0.56553,0.554,0.58594,0.62294,0.67334,0.6963,0.68138,0.65336,0.61613,0.58518,0.57229,0.59945,0.6339,0.6639,0.66001,0.66393,0.66265,0.66288,0.65911
CAL-DRY-0197,Dry Fodder,86.23,13.77,4.43,68.17,39.05,0.55539,0.58482,0.61446,0.65395,0.68098,0.65434,0.61013,0.56881,0.55369,0.5941,0.63046,0.67765,0.69208,0.68339,0.64271,0.60997,0.56688,0.54062,0.57068,0.62874,0.65783,0.66232,0.65237,0.65162,0.65477,0.66061
CAL-DRY-0198,Dry Fodder,89.27,10.73,4.84,69.71,43.33,0.55593,0.58246,0.61003,0.65171,0.66279,0.64124,0.59194,0.57219,0.5461,0.59087,0.62305,0.6758,0.69575,0.67562,0.64524,0.6009,0.5829,0.56311,0.59637,0.6296,0.65977,0.65276,0.65854,0.64968,0.65669,0.6551
CAL-DRY-0199,Dry Fodder,90.74,9.26,4.03,68.22,42.7,0.54537,0.57782,0.60771,0.64385,0.66136,0.63411,0.59718,0.57225,0.55498,0.59044,0.62976,0.6811,0.70124,0.6778,0.65047,0.6109,0.59544,0.58252,0.60403,0.63122,0.66562,0.66549,0.66289,0.67016,0.66201,0.65762
CAL-DRY-0200,Dry Fodder,85.3,14.7,3.7,69.37,40.67,0.53657,0.56256,0.59983,0.63339,0.66696,0.63279,0.60002,0.5608,0.55031,0.58288,0.62657,0.6833,0.70808,0.67613,0.64846,0.60862,0.55618,0.54215,0.57134,0.63576,0.66964,0.67364,0.67927,0.67469,0.67228,0.67308
CAL-DRY-0201,Dry Fodder,87.34,12.66,4.98,65.73,42.41,0.5668,0.59843,0.62672,0.66242,0.67563,0.65084,0.60277,0.57024,0.55019,0.58964,0.62721,0.68078,0.68674,0.68836,0.65969,0.62278,0.5639,0.54675,0.57295,0.62949,0.65082,0.64473,0.64263,0.63986,0.64812,0.64051
CAL-DRY-0202,Dry Fodder,88.23,11.77,4.69,66.72,41.84,0.56596,0.60124,0.62844,0.66497,0.68251,0.64625,0.60481,0.57827,0.5586,0.59719,0.62794,0.6797,0.70015,0.68534,0.65496,0.61184,0.57196,0.55128,0.58431,0.62254,0.6507,0.64187,0.63897,0.64126,0.64568,0.64555
CAL-DRY-0203,Dry Fodder,92.9,7.1,4.45,70.0,38.37,0.55724,0.58979,0.61316,0.64738,0.68894,0.65715,0.62099,0.57302,0.5526,0.59432,0.63219,0.67633,0.70065,0.66812,0.6391,0.60042,0.61554,0.59332,0.61849,0.62025,0.65466,0.65575,0.65355,0.65229,0.65266,0.65297
CAL-DRY-0204,Dry Fodder,89.9,10.1,4.71,67.22,42.29,0.54812,0.58355,0.61235,0.65626,0.66848,0.64142,0.59738,0.56458,0.5505,0.59151,0.62603,0.67581,0.69353,0.68281,0.65014,0.60726,0.59,0.56782,0.60304,0.62175,0.65891,0.66059,0.65341,0.65369,0.65827,0.65825
CAL-DRY-0205,Dry Fodder,86.69,13.31,4.59,63.8,43.0,0.54476,0.57627,0.60501,0.6512,0.66199,0.6306,0.59084,0.56777,0.55573,0.58491,0.62852,0.6773,0.70054,0.70304,0.67149,0.63486,0.56731,0.54921,0.58155,0.63239,0.66117,0.65809,0.6617,0.65804,0.66269,0.66116
CAL-DRY-0206,Dry Fodder,87.15,12.85,3.43,65.56,40.47,0.56123,0.59241,0.62016,0.66074,0.68408,0.65393,0.60498,0.57219,0.55623,0.59418,0.64318,0.68461,0.7068,0.69082,0.6612,0.61979,0.56703,0.54426,0.57771,0.62849,0.64905,0.65693,0.65817,0.65652,0.64712,0.6481
CAL-DRY-0207,Dry Fodder,88.47,11.53,3.32,69.12,39.49,0.55781,0.5877,0.61638,0.65367,0.68238,0.65597,0.61057,0.57329,0.55097,0.59511,0.64046,0.68735,0.70908,0.6734,0.64771,0.60281,0.57353,0.55858,0.59186,0.62978,0.6523,0.66035,0.66047,0.65992,0.6544,0.65164
CAL-DRY-0208,Dry Fodder,90.21,9.79,3.53,66.24,39.47,0.56667,0.59397,0.62511,0.65892,0.68447,0.65571,0.6153,0.57716,0.55029,0.59559,0.63703,0.68658,0.71086,0.68168,0.65801,0.61681,0.58709,0.56702,0.60084,0.62817,0.65429,0.66029,0.65137,0.64751,0.64619,0.64758
CAL-DRY-0209,Dry Fodder,86.83,13.17,3.71,68.78,41.91,0.54804,0.58088,0.60687,0.649,0.66482,0.63813,0.59615,0.57223,0.55005,0.58942,0.64027,0.68609,0.7038,0.67431,0.64249,0.60581,0.56748,0.54078,0.57241,0.62826,0.65649,0.6633,0.66369,0.66275,0.66131,0.65788
CAL-DRY-0210,Dry Fodder,86.69,13.31,4.37,68.17,39.34,0.53728,0.56861,0.60055,0.64164,0.66813,0.64357,0.60383,0.56243,0.54216,0.58462,0.62143,0.67745,0.70135,0.68392,0.64737,0.61398,0.56924,0.54278,0.57995,0.63504,0.67098,0.66452,0.66981,0.66878,0.66694,0.6706
CAL-DRY-0211,Dry Fodder,88.19,11.81,4.74,69.87,40.69,0.53716,0.56828,0.6068,0.64362,0.66191,0.64034,0.59319,0.56357,0.54701,0.59504,0.62522,0.67204,0.69429,0.67376,0.64598,0.60169,0.57936,0.55825,0.59345,0.63775,0.65958,0.66112,0.65939,0.6642,0.66456,0.66503
CAL-DRY-0212,Dry Fodder,88.2,11.8,4.16,68.95,43.25,0.55209,0.58189,0.61163,0.65579,0.66508,0.63414,0.59592,0.57697,0.55143,0.59013,0.63686,0.68475,0.70405,0.67362,0.64305,0.59908,0.57957,0.55664,0.58074,0.63187,0.65698,0.65733,0.65317,0.65892,0.65843,0.65651
CAL-DRY-0213,Dry Fodder,93.23,6.77,3.48,66.41,42.77,0.54803,0.57772,0.61429,0.65263,0.66708,0.63609,0.59338,0.56971,0.55015,0.59284,0.63871,0.68457,0.70963,0.68286,0.65685,0.6143,0.61495,0.60322,0.62294,0.62699,0.66089,0.66292,0.66471,0.66844,0.66098,0.65752
CAL-DRY-0214,Dry Fodder,89.46,10.54,4.58,68.05,42.15,0.55515,0.58346,0.6116,0.65532,0.67104,0.6336,0.59704,0.57035,0.55086,0.59475,0.63661,0.6693,0.69727,0.67982,0.64874,0.61059,0.58695,0.56509,0.59594,0.62956,0.65895,0.65514,0.6525,0.66238,0.65734,0.65822
CAL-DRY-0215,Dry Fodder,88.84,11.16,4.31,63.79,40.21,0.55662,0.58631,0.6142,0.65684,0.68535,0.65084,0.6062,0.57079,0.55204,0.58822,0.63159,0.68403,0.69754,0.70091,0.66869,0.62738,0.58083,0.55756,0.58642,0.62056,0.6549,0.65644,0.65466,0.6563,0.64986,0.65373
CAL-DRY-0216,Dry Fodder,89.78,10.22,5.19,69.1,44.49,0.53389,0.56642,0.59523,0.63922,0.64911,0.61952,0.57917,0.56223,0.54588,0.58551,0.61382,0.66272,0.68778,0.67094,0.64373,0.60611,0.59378,0.57337,0.61309,0.63366,0.67222,0.66234,0.662,0.66688,0.67181,0.6719
CAL-DRY-0217,Dry Fodder,84.55,15.45,4.05,68.42,44.03,0.55185,0.59078,0.61483,0.64521,0.65757,0.6324,0.58801,0.57298,0.54973,0.58726,0.62918,0.68439,0.69552,0.68092,0.65077,0.60631,0.54333,0.52897,0.5556,0.62387,0.6639,0.65631,0.6543,0.65933,0.657,0.66141
CAL-DRY-0218,Dry Fodder,87.83,12.17,4.4,68.44,41.91,0.55058,0.58028,0.60855,0.65232,0.66711,0.64062,0.60239,0.56786,0.55713,0.5878,0.62583,0.67958,0.6993,0.67803,0.65029,0.60861,0.58094,0.5546,0.58221,0.62847,0.66155,0.66021,0.65939,0.65624,0.66354,0.66604
CAL-DRY-0219,Dry Fodder,91.76,8.24,4.72,72.88,42.35,0.55016,0.5823,0.60849,0.65103,0.67042,0.63891,0.59637,0.57049,0.55218,0.5921,0.627,0.67579,0.69232,0.65361,0.62701,0.58814,0.60825,0.58414,0.61573,0.62661,0.65598,0.65678,0.66063,0.65687,0.66595,0.65976
CAL-DRY-0220,Dry Fodder,86.72,13.28,3.99,65.38,38.72,0.55428,0.58743,0.61434,0.65443,0.68766,0.65116,0.61542,0.57597,0.55561,0.59373,0.63349,0.68115,0.70215,0.69774,0.66297,0.62121,0.56524,0.54307,0.57298,0.62521,0.65408,0.65914,0.64968,0.65634,0.6514,0.64649
CAL-DRY-0221,Dry Fodder,88.44,11.56,4.26,69.63,42.95,0.54493,0.58074,0.61183,0.65033,0.6654,0.62813,0.59099,0.57391,0.54901,0.59655,0.62547,0.68403,0.69754,0.67446,0.64102,0.60229,0.58139,0.55779,0.59207,0.62942,0.66079,0.65193,0.65889,0.66372,0.66248,0.66309
CAL-DRY-0222,Dry Fodder,91.52,8.48,4.37,66.55,43.04,0.54104,0.5711,0.59894,0.64193,0.66005,0.62824,0.58331,0.56295,0.54375,0.58445,0.61959,0.68253,0.69517,0.68532,0.65284,0.62221,0.60715,0.58731,0.6184,0.63786,0.6656,0.6608,0.66383,0.66461,0.67161,0.67452
CAL-DRY-0223,Dry Fodder,85.56,14.44,4.57,66.65,46.76,0.54496,0.57665,0.60468,0.64416,0.64149,0.61164,0.57177,0.56781,0.55137,0.58635,0.62227,0.67072,0.69664,0.69082,0.66171,0.62274,0.56028,0.54004,0.57435,0.63145,0.66419,0.66878,0.66116,0.66502,0.67035,0.66944
CAL-DRY-0224,Dry Fodder,91.25,8.75,4.49,71.06,39.83,0.54419,0.5823,0.61134,0.64211,0.67302,0.64389,0.60516,0.57147,0.55359,0.58862,0.62942,0.67843,0.69684,0.65983,0.63841,0.59759,0.60463,0.58095,0.6202,0.63323,0.65978,0.65771,0.66408,0.66459,0.66352,0.66673
CAL-DRY-0225,Dry Fodder,88.75,11.25,3.78,70.11,43.01,0.54871,0.57474,0.60349,0.64795,0.66472,0.63529,0.59417,0.56733,0.54651,0.58911,0.63359,0.68717,0.70265,0.66835,0.64595,0.60468,0.5802,0.5675,0.58997,0.63025,0.66084,0.66475,0.66708,0.66578,0.6646,0.66179
CAL-DRY-0226,Dry Fodder,88.64,11.36,3.37,69.06,41.67,0.54009,0.57157,0.60227,0.64336,0.6693,0.64092,0.58709,0.56804,0.55007,0.58718,0.63956,0.69236,0.7039,0.6754,0.65149,0.60253,0.58297,0.56259,0.59771,0.63762,0.66515,0.67121,0.66658,0.67663,0.66609,0.66735
CAL-DRY-0227,Dry Fodder,88.86,11.14,4.8,69.33,41.87,0.55639,0.58165,0.61414,0.6574,0.66955,0.63966,0.59873,0.57286,0.55617,0.59317,0.61854,0.67658,0.69287,0.67467,0.64226,0.59969,0.5811,0.55956,0.59137,0.6245,0.65335,0.65427,0.65496,0.65294,0.65303,0.65232
CAL-DRY-0228,Dry Fodder,90.1,9.9,3.7,69.94,42.65,0.54566,0.57578,0.60486,0.63947,0.66177,0.63093,0.59011,0.57054,0.54665,0.58616,0.63671,0.68277,0.70289,0.66722,0.63878,0.59968,0.59694,0.57266,0.60079,0.6351,0.66293,0.66889,0.67343,0.67045,0.67194,0.66785
CAL-DRY-0229,Dry Fodder,87.51,12.49,4.26,65.95,40.03,0.53928,0.56677,0.60204,0.64145,0.66973,0.63589,0.60274,0.57067,0.55084,0.5929,0.62747,0.67709,0.70041,0.68995,0.65625,0.62473,0.57423,0.55133,0.58501,0.63459,0.66607,0.66645,0.67129,0.66412,0.66879,0.66741
CAL-DRY-0230,Dry Fodder,87.49,12.51,3.99,70.31,43.88,0.53253,0.55493,0.59306,0.63417,0.64542,0.61753,0.58294,0.56348,0.54481,0.58449,0.6345,0.67823,0.69634,0.66853,0.64125,0.60674,0.57651,0.56127,0.58712,0.64463,0.67334,0.67549,0.68448,0.68304,0.67702,0.68156
CAL-DRY-0231,Dry Fodder,92.06,7.94,4.75,63.94,43.9,0.54607,0.58211,0.60613,0.64993,0.65711,0.6281,0.59122,0.56515,0.55639,0.58635,0.62081,0.67609,0.69826,0.69943,0.66735,0.62796,0.60597,0.59015,0.61918,0.63233,0.66231,0.65997,0.65643,0.65561,0.66233,0.66186
CAL-DRY-0232,Dry Fodder,87.22,12.78,4.59,65.41,40.71,0.54066,0.5649,0.60246,0.6361,0.65976,0.63106,0.59691,0.56659,0.5493,0.59008,0.62619,0.67212,0.69312,0.69583,0.66875,0.62241,0.5772,0.54857,0.58652,0.6363,0.66702,0.66605,0.66441,0.66933,0.67189,0.67553
CAL-DRY-0233,Dry Fodder,88.73,11.27,3.71,65.5,44.56,0.56148,0.58889,0.61587,0.65759,0.66629,0.62998,0.59138,0.56966,0.55205,0.59653,0.6395,0.68613,0.6971,0.69028,0.66201,0.62052,0.58003,0.56012,0.58725,0.62646,0.65549,0.65673,0.66383,0.65632,0.64701,0.65858
CAL-DRY-0234,Dry Fodder,90.12,9.88,3.79,69.25,41.41,0.55529,0.58147,0.60996,0.65251,0.67076,0.63594,0.59973,0.57962,0.54536,0.59137,0.63382,0.68987,0.70084,0.67395,0.64552,0.60274,0.59001,0.57207,0.60102,0.62787,0.66142,0.66251,0.66277,0.66192,0.66077,0.66162
CAL-DRY-0235,Dry Fodder,89.98,10.02,3.42,63.04,44.79,0.54115,0.57354,0.59973,0.64022,0.64937,0.62407,0.58122,0.56554,0.54494,0.5913,0.63881,0.68538,0.70952,0.70436,0.67471,0.6362,0.59593,0.57195,0.60676,0.64158,0.66526,0.67089,0.67116,0.67347,0.66239,0.67295
CAL-DRY-0236,Dry Fodder,87.34,12.66,4.22,66.77,42.04,0.55225,0.58259,0.60865,0.65013,0.67269,0.63749,0.59099,0.57046,0.55798,0.59313,0.62847,0.67991,0.70193,0.68078,0.65331,0.61691,0.57492,0.54866,0.58451,0.62666,0.6486,0.66069,0.65992,0.66034,0.66019,0.6585
CAL-DRY-0237,Dry Fodder,88.1,11.9,3.92,67.12,38.24,0.54573,0.57893,0.60275,0.6435,0.68161,0.65228,0.61177,0.56258,0.55443,0.58552,0.63018,0.6789,0.70663,0.68569,0.65306,0.6129,0.57754,0.55331,0.58824,0.62868,0.66194,0.66382,0.66063,0.6563,0.65984,0.65628
CAL-DRY-0238,Dry Fodder,88.04,11.96,3.85,65.15,43.64,0.5571,0.59484,0.61721,0.65748,0.66732,0.63756,0.59913,0.57703,0.54775,0.59493,0.63671,0.68465,0.709,0.69917,0.66595,0.62093,0.57036,0.55552,0.58666,0.61952,0.65818,0.65595,0.65061,0.65677,0.65495,0.65049
CAL-DRY-0239,Dry Fodder,91.58,8.42,3.8,70.55,38.78,0.53624,0.56735,0.60001,0.64307,0.66824,0.64345,0.59899,0.55926,0.54286,0.58702,0.63604,0.68779,0.70235,0.66876,0.64188,0.60254,0.60835,0.59029,0.62093,0.63718,0.66798,0.67266,0.673,0.67201,0.6764,0.67656
CAL-DRY-0240,Dry Fodder,89.17,10.83,3.95,66.62,41.59,0.54667,0.57468,0.6014,0.644,0.66632,0.63889,0.59261,0.5686,0.54887,0.58725,0.62974,0.67969,0.70272,0.69047,0.66108,0.61452,0.58616,0.56053,0.59784,0.63438,0.6677,0.65978,0.66227,0.66637,0.65973,0.6655
CAL-DRY-0241,Dry Fodder,86.19,13.81,4.28,65.33,43.98,0.55217,0.57951,0.60759,0.65235,0.66523,0.62871,0.58959,0.56843,0.55523,0.58471,0.63337,0.67826,0.69905,0.69225,0.66387,0.62083,0.56429,0.54429,0.56792,0.6312,0.658,0.65854,0.66284,0.65612,0.66135,0.65982
CAL-DRY-0242,Dry Fodder,89.16,10.84,4.35,65.45,40.41,0.54746,0.57972,0.61454,0.6522,0.67048,0.64391,0.60538,0.5725,0.54826,0.58646,0.62846,0.68029,0.69924,0.69006,0.66793,0.62233,0.5857,0.56309,0.59835,0.6314,0.66058,0.65509,0.66178,0.66072,0.66249,0.65951
CAL-DRY-0243,Dry Fodder,88.17,11.83,5.57,66.81,39.36,0.55228,0.58153,0.61664,0.64852,0.67917,0.65115,0.61411,0.57364,0.55608,0.59199,0.6164,0.6693,0.68236,0.6807,0.65849,0.61592,0.57932,0.5536,0.58974,0.63024,0.65787,0.64874,0.64888,0.645,0.65572,0.65759
CAL-DRY-0244,Dry Fodder,85.86,14.14,4.38,69.84,43.42,0.54656,0.57782,0.60873,0.64641,0.65253,0.63277,0.58701,0.56439,0.54488,0.59604,0.62855,0.6745,0.69598,0.671,0.64303,0.60265,0.55746,0.5416,0.56922,0.63576,0.66319,0.65991,0.66465,0.66414,0.66321,0.66722
CAL-DRY-0245,Dry Fodder,90.66,9.34,4.63,67.53,38.46,0.55585,0.58589,0.6146,0.64499,0.6878,0.65261,0.61698,0.57743,0.55115,0.5928,0.6269,0.67795,0.69626,0.68059,0.649,0.61607,0.59714,0.57789,0.60618,0.63018,0.65414,0.65367,0.65451,0.65645,0.66315,0.65593
CAL-DRY-0246,Dry Fodder,86.35,13.65,3.66,66.3,36.28,0.52712,0.56296,0.59271,0.63337,0.67184,0.65152,0.61158,0.56078,0.53588,0.58269,0.63256,0.68284,0.70517,0.69141,0.66148,0.62464,0.56609,0.54662,0.58339,0.64289,0.67407,0.67838,0.67868,0.68195,0.68033,0.68218
CAL-DRY-0247,Dry Fodder,86.84,13.16,6.14,65.23,42.19,0.549,0.58329,0.61511,0.65206,0.6719,0.6375,0.59242,0.57302,0.55102,0.58928,0.60993,0.66217,0.6783,0.69485,0.66708,0.62949,0.57023,0.5463,0.57638,0.62746,0.65706,0.64731,0.64357,0.64538,0.65474,0.66153
CAL-DRY-0248,Dry Fodder,90.46,9.54,3.78,66.34,43.89,0.54631,0.57363,0.60536,0.65119,0.66149,0.62706,0.5876,0.57122,0.5533,0.58929,0.63552,0.68663,0.71061,0.68493,0.65654,0.61717,0.59866,0.57556,0.6074,0.63131,0.66109,0.66451,0.66742,0.66157,0.66122,0.65817
CAL-DRY-0249,Dry Fodder,88.15,11.85,4.84,67.99,40.7,0.5419,0.5784,0.59911,0.64253,0.6683,0.63687,0.60084,0.56659,0.54812,0.58829,0.6218,0.66883,0.69382,0.67506,0.64892,0.61299,0.58281,0.56688,0.58914,0.63123,0.66598,0.66612,0.6657,0.65858,0.66635,0.66991
CAL-DRY-0250,Dry Fodder,89.57,10.43,3.93,69.28,43.17,0.53597,0.57366,0.60354,0.63924,0.65845,0.62901,0.59002,0.56979,0.54593,0.58785,0.62253,0.68469,0.7053,0.6781,0.64213,0.60872,0.59472,0.57061,0.60663,0.63723,0.66164,0.67127,0.66812,0.66629,0.67143,0.67103
CAL-DRY-0251,Dry Fodder,88.83,11.17,4.67,69.12,43.34,0.53811,0.5721,0.60182,0.64494,0.65714,0.62527,0.58683,0.57088,0.54159,0.58954,0.62721,0.67596,0.70087,0.67759,0.64666,0.60485,0.58641,0.56799,0.59669,0.63257,0.66193,0.66356,0.65931,0.66307,0.6612,0.67173
CAL-DRY-0252,Dry Fodder,88.64,11.36,5.3,70.96,42.36,0.56565,0.59366,0.62512,0.66173,0.67906,0.64801,0.60417,0.58032,0.55507,0.59454,0.61928,0.67012,0.69613,0.66184,0.63457,0.59062,0.57002,0.55706,0.58243,0.62264,0.65338,0.64214,0.64114,0.63627,0.64741,0.64344
CAL-DRY-0253,Dry Fodder,89.99,10.01,4.88,71.26,45.41,0.55899,0.58768,0.61888,0.65241,0.65389,0.62694,0.59167,0.57095,0.5538,0.59359,0.62527,0.67017,0.6945,0.66218,0.63802,0.59578,0.58888,0.57481,0.60001,0.62151,0.65576,0.65561,0.64771,0.64943,0.64978,0.64972
CAL-DRY-0254,Dry Fodder,86.29,13.71,3.83,71.82,41.44,0.54633,0.57773,0.60161,0.64293,0.66846,0.63474,0.59923,0.57238,0.54347,0.58724,0.63191,0.68141,0.70164,0.65964,0.63156,0.59258,0.56687,0.54442,0.57833,0.63136,0.66001,0.66578,0.66856,0.67024,0.66992,0.66689
CAL-DRY-0255,Dry Fodder,90.96,9.04,3.73,67.54,46.49,0.56035,0.58869,0.61922,0.65191,0.6534,0.62168,0.58535,0.57232,0.55309,0.59125,0.63135,0.68826,0.6997,0.67982,0.64743,0.60812,0.59814,0.58061,0.6016,0.62428,0.65008,0.65617,0.65757,0.65904,0.64649,0.65387
CAL-DRY-0256,Dry Fodder,86.31,13.69,4.24,69.38,41.32,0.5495,0.58225,0.61016,0.65392,0.67584,0.64542,0.60211,0.57459,0.54794,0.59613,0.62707,0.67384,0.7038,0.67086,0.64312,0.59945,0.5688,0.54695,0.5759,0.62882,0.66128,0.65767,0.66097,0.65615,0.6622,0.65584
CAL-DRY-0257,Dry Fodder,87.66,12.34,4.32,67.15,42.38,0.53862,0.57323,0.60621,0.64268,0.66639,0.63391,0.59774,0.56545,0.54144,0.5851,0.62505,0.67479,0.69186,0.68774,0.64988,0.61904,0.58262,0.55452,0.58882,0.63397,0.66844,0.66236,0.66635,0.6709,0.66899,0.66505
CAL-DRY-0258,Dry Fodder,86.17,13.83,4.25,69.28,41.72,0.56029,0.58466,0.61164,0.65384,0.67158,0.64087,0.60126,0.56987,0.5516,0.58923,0.62437,0.68327,0.69794,0.67391,0.64099,0.60087,0.55747,0.54322,0.57373,0.62869,0.65679,0.65277,0.66002,0.65539,0.65419,0.65741
CAL-DRY-0259,Dry Fodder,85.77,14.23,3.37,68.74,40.32,0.55046,0.57946,0.61224,0.64669,0.67469,0.64599,0.60229,0.57291,0.54462,0.5872,0.63296,0.68595,0.70778,0.67884,0.64596,0.60473,0.55379,0.53488,0.56954,0.6332,0.65938,0.67016,0.66376,0.66553,0.66007,0.66566
CAL-DRY-0260,Dry Fodder,85.26,14.74,4.77,72.06,41.05,0.52473,0.56182,0.59692,0.63538,0.65157,0.63051,0.59127,0.5572,0.54574,0.58499,0.62372,0.6684,0.69458,0.65791,0.63315,0.59864,0.55615,0.53812,0.5769,0.6417,0.67706,0.66894,0.67332,0.67704,0.6814,0.67721
CAL-DRY-0261,Dry Fodder,88.88,11.12,3.4,68.69,42.27,0.5593,0.58859,0.61466,0.64963,0.67259,0.63577,0.60384,0.57058,0.55418,0.5898,0.63783,0.6864,0.71044,0.67443,0.64809,0.60349,0.58059,0.56089,0.59074,0.62394,0.65832,0.66052,0.66246,0.66027,0.65595,0.65245
CAL-DRY-0262,Dry Fodder,89.27,10.73,3.9,71.21,41.62,0.5401,0.57293,0.60215,0.64883,0.6679,0.63586,0.59738,0.56719,0.5505,0.58994,0.63391,0.68169,0.70084,0.66618,0.6393,0.59843,0.59251,0.56871,0.59578,0.63036,0.66761,0.66042,0.67098,0.66457,0.67109,0.66557
CAL-DRY-0263,Dry Fodder,92.79,7.21,4.0,67.24,40.25,0.54901,0.58086,0.61003,0.64778,0.67574,0.64756,0.60336,0.5704,0.55494,0.58631,0.63818,0.6802,0.70266,0.68757,0.65833,0.61482,0.6117,0.59127,0.62173,0.63462,0.65764,0.66099,0.65672,0.65623,0.65823,0.65701
CAL-DRY-0264,Dry Fodder,85.84,14.16,4.16,71.41,39.96,0.55857,0.57502,0.61253,0.64874,0.68385,0.65231,0.6061,0.57345,0.55572,0.59572,0.6304,0.67452,0.69798,0.66502,0.63855,0.59162,0.55523,0.54378,0.56733,0.62326,0.65612,0.65931,0.65563,0.65775,0.64978,0.64982
CAL-DRY-0265,Dry Fodder,87.99,12.01,4.4,69.4,45.94,0.56171,0.59187,0.61957,0.66382,0.66512,0.62926,0.59568,0.574,0.5581,0.59826,0.6267,0.6814,0.69038,0.67491,0.63802,0.60191,0.5743,0.55428,0.58248,0.62292,0.6505,0.6489,0.64466,0.64626,0.64631,0.64371
CAL-DRY-0266,Dry Fodder,86.2,13.8,2.31,67.32,42.15,0.53847,0.57751,0.60671,0.64383,0.66375,0.63847,0.59267,0.56871,0.54979,0.58656,0.65123,0.69969,0.71801,0.69062,0.65684,0.60902,0.56142,0.55026,0.5702,0.63201,0.66578,0.67755,0.67826,0.67836,0.66328,0.6611
CAL-DRY-0267,Dry Fodder,87.78,12.22,3.91,71.26,40.81,0.55444,0.58014,0.60895,0.64403,0.67864,0.64232,0.59558,0.57266,0.5496,0.58701,0.63555,0.67516,0.70072,0.66282,0.63633,0.60055,0.57366,0.55583,0.59275,0.63037,0.66181,0.65877,0.66842,0.66046,0.66143,0.6614
CAL-DRY-0268,Dry Fodder,87.72,12.28,4.34,71.87,45.61,0.54783,0.57714,0.6062,0.65681,0.65285,0.62594,0.58481,0.5759,0.54867,0.58622,0.6338,0.68107,0.69986,0.66534,0.63241,0.59571,0.57495,0.55704,0.58605,0.62988,0.66037,0.65892,0.66103,0.659,0.66282,0.66285
CAL-DRY-0269,Dry Fodder,88.9,11.1,3.86,67.38,38.49,0.55841,0.58511,0.61767,0.65452,0.68184,0.66405,0.6159,0.5782,0.55158,0.59755,0.6317,0.68498,0.70047,0.69055,0.6513,0.61383,0.5821,0.55997,0.5909,0.62952,0.65674,0.6569,0.65727,0.66075,0.65068,0.64567
CAL-DRY-0270,Dry Fodder,86.66,13.34,3.67,66.14,41.46,0.5631,0.59208,0.61819,0.66238,0.68018,0.65233,0.60914,0.57439,0.55837,0.59428,0.64015,0.68893,0.70541,0.68913,0.65744,0.61428,0.55539,0.53875,0.57044,0.62683,0.65497,0.65446,0.65227,0.65278,0.6457,0.64129
CAL-DRY-0271,Dry Fodder,90.97,9.03,5.31,69.66,41.4,0.54059,0.57471,0.60744,0.64852,0.66893,0.64091,0.60353,0.56648,0.55653,0.58248,0.61548,0.66883,0.69029,0.67137,0.64085,0.60936,0.59963,0.57862,0.61717,0.63527,0.66642,0.65634,0.65204,0.65684,0.66027,0.66595
CAL-DRY-0272,Dry Fodder,90.44,9.56,4.14,69.65,39.87,0.54693,0.57653,0.60258,0.64705,0.67571,0.64316,0.60093,0.5679,0.54951,0.58584,0.62634,0.6814,0.70279,0.67846,0.64449,0.59934,0.60328,0.5808,0.6021,0.63002,0.66211,0.66696,0.65779,0.66505,0.66784,0.65747
CAL-DRY-0273,Dry Fodder,90.06,9.94,3.69,65.46,39.95,0.53822,0.57556,0.6075,0.64348,0.67656,0.64426,0.60503,0.56714,0.55087,0.59282,0.6331,0.68691,0.70725,0.69409,0.66817,0.62126,0.59227,0.57151,0.60632,0.63114,0.66017,0.67111,0.67185,0.66573,0.65936,0.66936
CAL-DRY-0274,Dry Fodder,89.26,10.74,4.26,66.24,40.76,0.54931,0.57615,0.60901,0.64797,0.66795,0.64621,0.60334,0.56979,0.55068,0.58386,0.62735,0.67446,0.69964,0.68989,0.65955,0.62288,0.58233,0.56464,0.5985,0.63221,0.65769,0.665,0.66626,0.66312,0.65798,0.6632
CAL-DRY-0275,Dry Fodder,88.01,11.99,5.01,67.74,45.29,0.54917,0.57791,0.61009,0.65218,0.65538,0.62271,0.58122,0.56524,0.54153,0.58963,0.62012,0.67053,0.69488,0.68107,0.65734,0.61019,0.57406,0.55346,0.58965,0.63511,0.66012,0.65331,0.66135,0.65266,0.66595,0.66146
CAL-DRY-0276,Dry Fodder,90.44,9.56,4.49,67.35,44.01,0.54517,0.58581,0.6001,0.64051,0.65906,0.62643,0.58936,0.5642,0.54811,0.58978,0.62437,0.67715,0.69283,0.68466,0.65827,0.61067,0.59321,0.58113,0.60407,0.63548,0.66358,0.66062,0.66673,0.66557,0.66608,0.65924
CAL-DRY-0277,Dry Fodder,86.57,13.43,4.07,68.02,44.92,0.5491,0.5756,0.61429,0.65207,0.65853,0.63072,0.59143,0.56726,0.54577,0.59249,0.63051,0.6808,0.69796,0.68168,0.65114,0.60948,0.56046,0.54826,0.57541,0.63343,0.65378,0.6612,0.65889,0.66116,0.66296,0.66125
CAL-DRY-0278,Dry Fodder,88.52,11.48,3.26,66.01,43.52,0.55894,0.59304,0.62126,0.66058,0.67003,0.63689,0.59691,0.57652,0.54739,0.59666,0.63995,0.69035,0.70954,0.68943,0.65478,0.61834,0.57904,0.55029,0.58168,0.62725,0.65586,0.66034,0.65656,0.65992,0.64678,0.64914
CAL-DRY-0279,Dry Fodder,88.21,11.79,3.58,69.66,42.28,0.54927,0.58417,0.60795,0.65064,0.6657,0.6397,0.59932,0.57434,0.5506,0.5814,0.63509,0.691,0.70525,0.66589,0.64292,0.60306,0.57521,0.55657,0.58469,0.63106,0.65958,0.66017,0.66356,0.66131,0.66348,0.6617
CAL-DRY-0280,Dry Fodder,88.65,11.35,4.81,67.62,42.87,0.56233,0.58579,0.62157,0.66007,0.67065,0.63794,0.59935,0.57274,0.55046,0.59381,0.62243,0.67385,0.69326,0.6775,0.65294,0.60965,0.58285,0.55759,0.58647,0.62318,0.65538,0.65051,0.65197,0.64931,0.65902,0.65347
CAL-DRY-0281,Dry Fodder,86.57,13.43,4.52,65.76,42.57,0.5311,0.5629,0.58926,0.63636,0.652,0.62094,0.58401,0.56191,0.54021,0.58486,0.62681,0.67709,0.69617,0.69277,0.66218,0.62399,0.566,0.5531,0.58612,0.64101,0.67032,0.67263,0.67819,0.67858,0.67977,0.68773
CAL-DRY-0282,Dry Fodder,87.64,12.36,4.05,69.53,39.86,0.54605,0.57433,0.60566,0.64334,0.66979,0.63672,0.60765,0.56997,0.54968,0.58923,0.62326,0.67844,0.70045,0.66939,0.63807,0.60074,0.57505,0.55557,0.58867,0.63957,0.66596,0.66492,0.67137,0.66174,0.65974,0.66384
CAL-DRY-0283,Dry Fodder,88.8,11.2,3.52,66.4,39.27,0.54788,0.58613,0.61092,0.65653,0.67736,0.65138,0.61046,0.57335,0.55134,0.59341,0.63875,0.68369,0.70903,0.68762,0.65547,0.61976,0.58474,0.5604,0.59067,0.625,0.65362,0.66292,0.66589,0.66167,0.6628,0.65778
CAL-DRY-0284,Dry Fodder,87.98,12.02,4.79,65.89,41.27,0.54683,0.57691,0.60882,0.6485,0.67304,0.63998,0.6018,0.56985,0.55366,0.58866,0.62291,0.67616,0.6931,0.6921,0.66775,0.61792,0.58086,0.55491,0.59052,0.63285,0.66272,0.65646,0.65629,0.65499,0.66142,0.66098
CAL-DRY-0285,Dry Fodder,85.96,14.04,4.21,70.78,43.2,0.54606,0.584,0.6049,0.64669,0.65612,0.62958,0.59648,0.56714,0.54397,0.59149,0.63023,0.68187,0.69881,0.66325,0.63604,0.59858,0.56059,0.54229,0.56984,0.63336,0.6624,0.66052,0.66337,0.66212,0.66554,0.66663
CAL-DRY-0286,Dry Fodder,85.56,14.44,3.62,66.6,40.07,0.54924,0.58357,0.61282,0.64939,0.6781,0.64724,0.60609,0.57383,0.54833,0.5904,0.63281,0.68288,0.70174,0.68401,0.65715,0.61592,0.5554,0.53525,0.57139,0.62614,0.65575,0.66093,0.66318,0.66487,0.66106,0.66197
CAL-DRY-0287,Dry Fodder,87.79,12.21,5.18,61.87,41.61,0.56166,0.59516,0.61373,0.65662,0.67252,0.64037,0.60432,0.57706,0.55735,0.59131,0.62427,0.67085,0.69228,0.71368,0.6788,0.64178,0.56775,0.55253,0.58283,0.6274,0.65023,0.64547,0.64617,0.64576,0.65081,0.65392
CAL-DRY-0288,Dry Fodder,88.07,11.93,3.19,69.37,42.5,0.55805,0.58125,0.60932,0.64925,0.6637,0.6352,0.5958,0.56323,0.54987,0.58975,0.64499,0.68949,0.70775,0.67405,0.64363,0.60317,0.57326,0.55679,0.58568,0.63039,0.66339,0.66642,0.66794,0.67038,0.66102,0.66982
CAL-DRY-0289,Dry Fodder,86.26,13.74,3.7,65.93,40.01,0.54796,0.57332,0.60594,0.65066,0.6719,0.64577,0.59899,0.56728,0.54603,0.58988,0.6312,0.69081,0.69997,0.69389,0.66341,0.622,0.5633,0.54899,0.58113,0.63128,0.66266,0.66435,0.66279,0.66798,0.66411,0.65882
CAL-DRY-0290,Dry Fodder,89.01,10.99,3.84,66.53,42.26,0.55049,0.5772,0.6087,0.64421,0.66276,0.63617,0.59062,0.56871,0.54992,0.58867,0.6337,0.68326,0.70157,0.68397,0.65758,0.62211,0.58837,0.5646,0.59489,0.63094,0.66128,0.66634,0.669,0.67296,0.6615,0.66629
CAL-DRY-0291,Dry Fodder,87.91,12.09,3.58,68.61,45.32,0.55551,0.58197,0.61348,0.65015,0.65799,0.62961,0.58511,0.5623,0.55252,0.58981,0.63484,0.68444,0.70754,0.67556,0.6492,0.60889,0.57312,0.552,0.58357,0.62712,0.65192,0.66685,0.66288,0.65897,0.64992,0.65475
CAL-DRY-0292,Dry Fodder,88.39,11.61,2.9,66.96,40.76,0.55503,0.58445,0.61487,0.65882,0.67523,0.64359,0.60069,0.57093,0.54781,0.59445,0.64382,0.69647,0.7176,0.68238,0.65348,0.61807,0.57813,0.55867,0.58976,0.62977,0.65787,0.66947,0.66462,0.66594,0.65431,0.65746
CAL-DRY-0293,Dry Fodder,85.47,14.53,4.59,65.76,39.49,0.53704,0.56748,0.5949,0.62813,0.66826,0.63999,0.60089,0.56404,0.54342,0.58408,0.6194,0.67197,0.69636,0.69291,0.6656,0.62035,0.55548,0.54066,0.57008,0.63927,0.66613,0.67219,0.66752,0.6761,0.67699,0.67359
CAL-DRY-0294,Dry Fodder,88.98,11.02,4.3,67.86,42.34,0.55126,0.57711,0.60909,0.6501,0.66817,0.63825,0.59697,0.56821,0.54808,0.58634,0.63072,0.67712,0.69842,0.68144,0.65077,0.61076,0.5812,0.56474,0.59302,0.62991,0.66367,0.66104,0.65783,0.65912,0.66509,0.6594
CAL-DRY-0295,Dry Fodder,89.7,10.3,4.33,67.18,40.16,0.55091,0.58284,0.61475,0.64632,0.68128,0.64505,0.60861,0.5682,0.5455,0.58632,0.6279,0.68039,0.69884,0.68331,0.65734,0.61392,0.59014,0.57856,0.59913,0.62743,0.66088,0.66066,0.65929,0.65878,0.66358,0.66313
CAL-DRY-0296,Dry Fodder,87.34,12.66,4.46,66.57,43.09,0.55363,0.59018,0.6164,0.64856,0.66367,0.6293,0.58844,0.57138,0.54727,0.59558,0.63137,0.67689,0.69653,0.6915,0.662,0.61387,0.56689,0.54898,0.58099,0.62723,0.65994,0.66245,0.65219,0.65488,0.65367,0.65513
CAL-DRY-0297,Dry Fodder,87.19,12.81,4.51,68.33,42.04,0.53878,0.56988,0.6003,0.64143,0.6621,0.6259,0.59336,0.56286,0.54528,0.58243,0.62374,0.67648,0.69784,0.67519,0.6508,0.61382,0.57093,0.55324,0.57785,0.63266,0.66699,0.66768,0.66384,0.67447,0.67042,0.66648
CAL-DRY-0298,Dry Fodder,86.24,13.76,4.4,65.96,39.06,0.5416,0.56883,0.60569,0.63837,0.66742,0.64156,0.61257,0.56753,0.5476,0.5886,0.62432,0.68486,0.69895,0.69177,0.66453,0.61866,0.56248,0.54529,0.5799,0.63198,0.66657,0.66567,0.66248,0.66658,0.67201,0.66684
CAL-DRY-0299,Dry Fodder,89.34,10.66,4.41,68.02,39.53,0.53111,0.5655,0.59381,0.63769,0.66365,0.63905,0.60063,0.55766,0.5441,0.58069,0.61895,0.67411,0.70564,0.68291,0.65612,0.61512,0.5921,0.57552,0.60228,0.64022,0.6737,0.67217,0.67515,0.67333,0.68066,0.67632
CAL-DRY-0300,Dry Fodder,89.53,10.47,3.97,65.41,40.05,0.56594,0.59705,0.62199,0.66818,0.68895,0.65732,0.61211,0.57597,0.55012,0.60012,0.63182,0.68054,0.7073,0.69338,0.66107,0.62023,0.58585,0.56178,0.58535,0.62241,0.64997,0.65233,0.64356,0.64361,0.64386,0.63834
CAL-CON-0001,Concentrate,90.3,9.7,19.84,27.77,14.66,0.29678,0.31596,0.34669,0.39068,0.41146,0.39703,0.36152,0.33567,0.32199,0.35513,0.38496,0.44313,0.46947,0.45913,0.42999,0.39154,0.36754,0.34096,0.37113,0.41444,0.43761,0.43088,0.43371,0.43422,0.43998,0.44549
CAL-CON-0002,Concentrate,89.01,10.99,20.99,28.61,12.79,0.29894,0.31298,0.34556,0.38404,0.42267,0.39983,0.37048,0.33691,0.31636,0.36156,0.37013,0.42427,0.45512,0.45681,0.43056,0.38362,0.35541,0.33045,0.36313,0.40904,0.44256,0.42485,0.43198,0.42826,0.44677,0.4426
CAL-CON-0003,Concentrate,92.46,7.54,19.8,25.64,13.44,0.30859,0.32587,0.36454,0.39483,0.42772,0.40538,0.37722,0.34778,0.32332,0.36166,0.38538,0.44157,0.46685,0.47092,0.4338,0.39977,0.37614,0.35121,0.38899,0.4041,0.44073,0.42949,0.42243,0.42803,0.43723,0.43006
CAL-CON-0004,Concentrate,86.77,13.23,19.07,26.25,14.49,0.30313,0.3221,0.35237,0.38977,0.41963,0.39872,0.3705,0.34244,0.31853,0.36465,0.39478,0.44938,0.47521,0.46877,0.43671,0.39964,0.33288,0.31497,0.34682,0.40531,0.43894,0.43448,0.43371,0.43065,0.43432,0.43342
CAL-CON-0005,Concentrate,88.74,11.26,18.34,26.64,14.52,0.30896,0.3286,0.35657,0.39689,0.42315,0.40552,0.37115,0.345,0.31925,0.3646,0.40165,0.44989,0.4785,0.46281,0.43432,0.39956,0.34553,0.32013,0.35715,0.40208,0.43717,0.43385,0.43359,0.4373,0.43376,0.42747
CAL-CON-0006,Concentrate,87.32,12.68,22.4,26.45,15.4,0.2971,0.31556,0.34897,0.38803,0.41591,0.39605,0.36194,0.33511,0.31594,0.35279,0.35987,0.41076,0.43747,0.46403,0.43787,0.39613,0.33832,0.31796,0.34992,0.40898,0.43932,0.40791,0.4135,0.41403,0.44066,0.44704
CAL-CON-0007,Concentrate,89.77,10.23,19.25,31.8,14.3,0.27425,0.30374,0.33133,0.36973,0.4109,0.39178,0.35615,0.32891,0.31361,0.352,0.38829,0.43808,0.47055,0.43753,0.41575,0.37841,0.36316,0.34488,0.37841,0.41993,0.45664,0.44379,0.45184,0.45044,0.45419,0.46582
CAL-CON-0008,Concentrate,89.69,10.31,19.17,27.15,13.63,0.29528,0.31494,0.35442,0.38888,0.42074,0.39826,0.37137,0.33491,0.3172,0.35603,0.39694,0.43821,0.46974,0.45815,0.43173,0.39313,0.36081,0.33732,0.36686,0.41159,0.43947,0.44346,0.43456,0.43768,0.4437,0.43946
CAL-CON-0009,Concentrate,89.25,10.75,18.91,28.18,13.83,0.29022,0.31978,0.34646,0.38044,0.41512,0.39218,0.36968,0.33716,0.31774,0.35571,0.39368,0.44749,0.4788,0.46188,0.42519,0.3898,0.35652,0.33406,0.36179,0.40942,0.44829,0.43784,0.44206,0.44196,0.44535,0.44535
CAL-CON-0010,Concentrate,90.05,9.95,17.56,28.09,12.47,0.30123,0.31777,0.34796,0.39139,0.42477,0.40496,0.37953,0.33699,0.32142,0.36279,0.41285,0.46589,0.48745,0.45694,0.43201,0.3924,0.35811,0.34195,0.37869,0.41042,0.44289,0.45143,0.45423,0.44747,0.44394,0.43783
CAL-CON-0011,Concentrate,89.33,10.67,15.67,25.11,14.52,0.31195,0.32662,0.36357,0.39472,0.42591,0.40305,0.37377,0.34736,0.32609,0.36509,0.43214,0.47573,0.51211,0.47082,0.44284,0.40125,0.35273,0.32937,0.3595,0.40935,0.42976,0.45258,0.4484,0.45292,0.42807,0.42952
CAL-CON-0012,Concentrate,91.94,8.06,18.61,28.25,14.99,0.30536,0.32654,0.35817,0.39164,0.41726,0.39903,0.36734,0.34298,0.32485,0.3648,0.40616,0.44993,0.47974,0.45832,0.42863,0.38813,0.37571,0.35497,0.38304,0.40979,0.43461,0.4312,0.43096,0.43126,0.42836,0.42904
CAL-CON-0013,Concentrate,90.52,9.48,19.03,24.82,13.22,0.30127,0.31802,0.34783,0.38481,0.42114,0.40057,0.36856,0.33667,0.31707,0.35436,0.38988,0.44359,0.47198,0.47519,0.44161,0.40917,0.37155,0.34872,0.37937,0.41407,0.44332,0.43941,0.43674,0.44189,0.44576,0.44282
CAL-CON-0014,Concentrate,88.96,11.04,17.55,29.4,14.52,0.30179,0.32124,0.35261,0.38638,0.41735,0.39563,0.36926,0.34436,0.32233,0.35916,0.40783,0.45749,0.49555,0.45313,0.42333,0.37619,0.34743,0.33065,0.35909,0.40911,0.43887,0.44673,0.43912,0.44122,0.43742,0.43558
CAL-CON-0015,Concentrate,90.16,9.84,17.38,28.35,14.65,0.31474,0.33555,0.3557,0.3993,0.42996,0.40353,0.37195,0.34602,0.32519,0.36247,0.41961,0.46378,0.48905,0.45337,0.42774,0.38258,0.36369,0.33735,0.36659,0.40318,0.43464,0.43074,0.43315,0.4387,0.43112,0.42175
CAL-CON-0016,Concentrate,90.25,9.75,19.23,28.27,13.93,0.2896,0.31442,0.34525,0.38467,0.41124,0.39913,0.37037,0.33549,0.3177,0.35715,0.39029,0.44362,0.47408,0.46209,0.43242,0.38913,0.37189,0.3484,0.37217,0.4129,0.43695,0.43828,0.4436,0.44731,0.44409,0.44585
CAL-CON-0017,Concentrate,92.97,7.03,17.03,32.78,13.62,0.29896,0.32132,0.34964,0.39313,0.41824,0.40343,0.3748,0.34553,0.32293,0.36495,0.41342,0.46622,0.48816,0.43566,0.40696,0.36704,0.37834,0.3617,0.39192,0.40743,0.44069,0.44799,0.44874,0.44678,0.44093,0.44095
CAL-CON-0018,Concentrate,94.28,5.72,17.35,29.81,12.86,0.29494,0.3153,0.34077,0.384,0.42515,0.39769,0.37193,0.33776,0.31722,0.35274,0.41251,0.46065,0.49451,0.45193,0.42201,0.38353,0.39331,0.38154,0.40633,0.41275,0.4483,0.45381,0.45295,0.45549,0.44867,0.44702
CAL-CON-0019,Concentrate,88.09,11.91,18.89,29.44,14.75,0.30978,0.3348,0.36022,0.4064,0.42706,0.41044,0.37195,0.34843,0.32596,0.37291,0.40291,0.45139,0.48282,0.45299,0.42052,0.37886,0.34112,0.3105,0.3475,0.4021,0.42963,0.42144,0.42426,0.41879,0.43014,0.42273
CAL-CON-0020,Concentrate,89.69,10.31,19.84,28.32,12.9,0.28952,0.31137,0.34159,0.37981,0.41844,0.39532,0.37284,0.3395,0.31395,0.35549,0.38361,0.43546,0.467,0.46014,0.43075,0.39477,0.36007,0.33665,0.36641,0.4193,0.44659,0.43696,0.43836,0.43817,0.44907,0.44732
CAL-CON-0021,Concentrate,89.21,10.79,17.15,24.96,13.71,0.31047,0.32476,0.35146,0.39592,0.42372,0.40978,0.37783,0.33912,0.32188,0.3596,0.4114,0.46418,0.49627,0.47471,0.44287,0.39727,0.34984,0.33296,0.35674,0.41038,0.43425,0.44553,0.44322,0.44036,0.43519,0.43154
CAL-CON-0022,Concentrate,86.44,13.56,20.45,28.01,15.33,0.30511,0.32631,0.35104,0.38835,0.41918,0.39703,0.36498,0.34366,0.32209,0.36283,0.37804,0.43378,0.46058,0.46307,0.43246,0.39135,0.33024,0.31245,0.34339,0.41013,0.43866,0.42625,0.42228,0.42814,0.43197,0.43686
CAL-CON-0023,Concentrate,89.04,10.96,18.96,25.97,16.58,0.29437,0.3157,0.34554,0.3894,0.41164,0.3903,0.36327,0.33683,0.32141,0.35865,0.39579,0.44856,0.47028,0.47617,0.43988,0.39562,0.35067,0.33318,0.36092,0.40467,0.44124,0.4357,0.43995,0.43491,0.44823,0.44312
CAL-CON-0024,Concentrate,90.93,9.07,15.77,27.11,16.14,0.29338,0.31461,0.34385,0.3901,0.40686,0.38429,0.36624,0.33339,0.31767,0.35589,0.42409,0.47346,0.50548,0.46765,0.42945,0.39939,0.37233,0.35104,0.38034,0.41377,0.44766,0.45773,0.46561,0.46164,0.44768,0.44381
CAL-CON-0025,Concentrate,87.68,12.32,15.96,27.8,15.72,0.29573,0.31618,0.34764,0.38434,0.41094,0.38784,0.35911,0.33684,0.31625,0.35816,0.42345,0.47256,0.50473,0.46172,0.42842,0.39345,0.34158,0.32413,0.35201,0.41621,0.4464,0.45862,0.46382,0.46705,0.44257,0.44327
CAL-CON-0026,Concentrate,88.04,11.96,17.33,26.17,14.9,0.30048,0.32149,0.3499,0.39539,0.41557,0.39372,0.3634,0.3432,0.32322,0.36446,0.40839,0.46128,0.49905,0.46812,0.43714,0.39856,0.34519,0.32493,0.35135,0.40692,0.43758,0.44424,0.44252,0.45144,0.43643,0.4364
CAL-CON-0027,Concentrate,89.88,10.12,19.15,27.16,15.37,0.30889,0.32595,0.35396,0.39864,0.41887,0.39506,0.37128,0.34094,0.32516,0.35444,0.39379,0.44781,0.47378,0.4657,0.43063,0.39381,0.35706,0.33721,0.37203,0.41023,0.43812,0.43303,0.42732,0.42806,0.42888,0.4291
CAL-CON-0028,Concentrate,89.96,10.04,16.66,27.93,13.82,0.30467,0.33201,0.35281,0.39949,0.41947,0.40516,0.37135,0.34159,0.32834,0.36122,0.41668,0.47081,0.49763,0.46048,0.42664,0.38614,0.35503,0.33914,0.36542,0.40266,0.43564,0.44761,0.44845,0.44463,0.43234,0.43319
CAL-CON-0029,Concentrate,91.33,8.67,18.52,26.02,12.67,0.29399,0.31309,0.34747,0.3848,0.42235,0.39935,0.37228,0.34143,0.3175,0.35674,0.39602,0.44901,0.48375,0.46605,0.44044,0.39591,0.371,0.35348,0.37841,0.41164,0.4443,0.44411,0.44519,0.4417,0.44613,0.44391
CAL-CON-0030,Concentrate,86.53,13.47,18.07,28.18,15.62,0.28599,0.30744,0.33914,0.38292,0.40268,0.38075,0.35132,0.33572,0.31553,0.35524,0.39973,0.45317,0.4844,0.46112,0.4275,0.38667,0.33353,0.31335,0.34434,0.42213,0.44176,0.45415,0.4566,0.45799,0.45396,0.45823
CAL-CON-0031,Concentrate,89.55,10.45,19.17,30.3,12.97,0.30355,0.32207,0.35498,0.38756,0.43136,0.40831,0.37814,0.3348,0.31842,0.36567,0.39361,0.43863,0.47412,0.45038,0.4196,0.37721,0.35858,0.33272,0.36611,0.40818,0.43703,0.43125,0.43101,0.4318,0.43518,0.43791
CAL-CON-0032,Concentrate,92.35,7.65,17.63,29.66,15.16,0.29745,0.31743,0.34526,0.38614,0.41397,0.39341,0.36734,0.3373,0.31772,0.35415,0.41003,0.46,0.49152,0.45494,0.42445,0.38482,0.3815,0.36221,0.38463,0.40828,0.43804,0.45198,0.44606,0.44679,0.44282,0.43931
CAL-CON-0033,Concentrate,86.8,13.2,16.73,28.36,12.51,0.31195,0.32755,0.36016,0.39719,0.4314,0.4078,0.38293,0.34487,0.32915,0.36474,0.41808,0.4695,0.49925,0.46138,0.43121,0.38611,0.32853,0.30597,0.33747,0.40404,0.43968,0.45145,0.44912,0.44929,0.43047,0.4274
CAL-CON-0034,Concentrate,86.95,13.05,16.83,27.09,14.2,0.2954,0.31332,0.3475,0.38418,0.41582,0.39286,0.36986,0.33786,0.32023,0.35495,0.41623,0.46783,0.49038,0.46826,0.43141,0.39619,0.34235,0.32025,0.34332,0.41207,0.44671,0.45265,0.45442,0.45474,0.44632,0.4404
CAL-CON-0035,Concentrate,89.07,10.93,18.48,27.6,14.72,0.31591,0.33901,0.36638,0.39975,0.43208,0.40766,0.37594,0.34957,0.32263,0.36033,0.40344,0.45027,0.48703,0.45909,0.43023,0.38941,0.35175,0.32379,0.35066,0.40588,0.43066,0.43169,0.43055,0.42979,0.42417,0.42208
CAL-CON-0036,Concentrate,88.51,11.49,18.59,26.74,12.63,0.30574,0.32917,0.35452,0.39085,0.43309,0.4065,0.38282,0.34167,0.32232,0.36625,0.39613,0.44659,0.47831,0.46567,0.44357,0.39253,0.34258,0.32324,0.3563,0.40857,0.43453,0.43561,0.44094,0.43476,0.43583,0.44008
CAL-CON-0037,Concentrate,88.85,11.15,17.8,27.05,11.81,0.31887,0.33763,0.36494,0.40477,0.44206,0.41586,0.3892,0.3498,0.32185,0.36956,0.40703,0.45584,0.48839,0.46562,0.43487,0.39274,0.34411,0.32452,0.35177,0.40093,0.42913,0.43087,0.42987,0.42387,0.42551,0.42244
CAL-CON-0038,Concentrate,91.19,8.81,18.42,26.31,12.77,0.29481,0.31433,0.34498,0.39273,0.42391,0.40915,0.37397,0.34036,0.31623,0.35862,0.39993,0.45228,0.48052,0.46961,0.43975,0.39815,0.36918,0.34864,0.38414,0.41072,0.44286,0.44221,0.44612,0.43722,0.44378,0.43936
CAL-CON-0039,Concentrate,89.78,10.22,16.28,28.61,14.27,0.29244,0.31337,0.34472,0.38831,0.41331,0.39784,0.36524,0.34087,0.31682,0.35608,0.41751,0.47125,0.49952,0.46145,0.42517,0.38626,0.36191,0.34427,0.37346,0.41675,0.44388,0.45999,0.46678,0.46636,0.44846,0.45019
CAL-CON-0040,Concentrate,88.19,11.81,18.44,30.69,14.86,0.30412,0.32849,0.35473,0.39554,0.42059,0.40075,0.37062,0.34579,0.32584,0.35985,0.40252,0.45492,0.48037,0.44243,0.41329,0.37315,0.34295,0.32174,0.35672,0.40693,0.4412,0.4341,0.43608,0.43711,0.43847,0.43912
CAL-CON-0041,Concentrate,91.49,8.51,15.98,29.57,12.39,0.30017,0.32232,0.35168,0.3842,0.4243,0.40789,0.3779,0.34032,0.31298,0.36327,0.42912,0.47558,0.50587,0.45371,0.42668,0.38314,0.37167,0.35349,0.3824,0.41061,0.4354,0.46002,0.46206,0.4617,0.44393,0.44101
CAL-CON-0042,Concentrate,91.79,8.21,19.8,30.68,13.19,0.28788,0.30972,0.3387,0.37837,0.41778,0.39838,0.36872,0.33662,0.31198,0.35574,0.38409,0.43592,0.46221,0.44424,0.41652,0.38181,0.37791,0.36099,0.38837,0.41525,0.44755,0.43722,0.43668,0.4349,0.44748,0.45259
CAL-CON-0043,Concentrate,88.84,11.16,15.9,29.67,14.08,0.31401,0.32727,0.36227,0.40233,0.42849,0.41257,0.37661,0.34798,0.33362,0.36541,0.42927,0.47789,0.50874,0.45257,0.41648,0.37682,0.34367,0.32338,0.35826,0.40247,0.42893,0.44967,0.44505,0.43813,0.42839,0.42148
CAL-CON-0044,Concentrate,87.6,12.4,20.19,25.15,15.62,0.29003,0.31274,0.34065,0.38381,0.40753,0.38728,0.35502,0.33658,0.31087,0.35993,0.38163,0.43325,0.45483,0.47128,0.44396,0.40831,0.34084,0.33213,0.35451,0.41226,0.44557,0.43225,0.43237,0.43977,0.45094,0.45176
CAL-CON-0045,Concentrate,90.73,9.27,16.9,29.28,12.65,0.29296,0.31471,0.34485,0.38037,0.41869,0.40198,0.37066,0.34091,0.32187,0.35507,0.41507,0.47009,0.49538,0.45263,0.42688,0.38392,0.37122,0.34607,0.37688,0.41529,0.44366,0.45534,0.44974,0.45486,0.44775,0.44325
CAL-CON-0046,Concentrate,90.4,9.6,18.2,30.44,13.59,0.29091,0.31175,0.34328,0.38601,0.41158,0.39927,0.36753,0.33802,0.32419,0.35615,0.39767,0.45258,0.48372,0.45073,0.41716,0.37695,0.36094,0.3421,0.37561,0.41396,0.45117,0.44265,0.4494,0.44688,0.44829,0.44662
CAL-CON-0047,Concentrate,91.54,8.46,18.33,30.59,14.91,0.30333,0.31909,0.35214,0.38705,0.41316,0.40238,0.36265,0.33832,0.314,0.35722,0.39854,0.44958,0.48256,0.44871,0.41413,0.37485,0.37584,0.35777,0.38649,0.4055,0.44408,0.44733,0.43675,0.44515,0.44146,0.43987
CAL-CON-0048,Concentrate,90.66,9.34,20.24,29.99,12.19,0.29742,0.3197,0.35418,0.38134,0.42497,0.40227,0.3728,0.34268,0.31818,0.35282,0.38203,0.43867,0.45719,0.45167,0.42483,0.38002,0.37128,0.34357,0.37994,0.41396,0.44028,0.42381,0.42532,0.42135,0.44237,0.44206
CAL-CON-0049,Concentrate,89.82,10.18,20.54,28.54,13.33,0.30779,0.33291,0.35804,0.39442,0.42753,0.40846,0.37522,0.34171,0.32261,0.36662,0.38348,0.42929,0.46254,0.45705,0.42747,0.38661,0.35014,0.32674,0.36597,0.40362,0.43067,0.41828,0.42293,0.42064,0.43555,0.43401
CAL-CON-0050,Concentrate,91.16,8.84,19.38,27.79,14.07,0.31823,0.33234,0.36658,0.40375,0.43051,0.41382,0.37408,0.3456,0.32366,0.36551,0.39793,0.44017,0.48176,0.45843,0.43024,0.38789,0.36502,0.34123,0.37554,0.39919,0.42518,0.4197,0.42614,0.42428,0.41939,0.42659
CAL-CON-0051,Concentrate,89.96,10.04,16.69,29.6,14.67,0.30106,0.31738,0.34785,0.38407,0.41297,0.39905,0.36746,0.33949,0.32311,0.35557,0.4199,0.46435,0.50247,0.45369,0.4251,0.38025,0.36675,0.34635,0.37179,0.4145,0.44022,0.45016,0.4565,0.4515,0.44566,0.44503
CAL-CON-0052,Concentrate,90.27,9.73,19.98,28.49,13.51,0.28643,0.31457,0.34352,0.39141,0.41552,0.39743,0.36823,0.33798,0.31385,0.35724,0.38584,0.43308,0.46717,0.45818,0.42982,0.39279,0.364,0.34104,0.37532,0.41222,0.43904,0.43543,0.43707,0.44026,0.44488,0.44929
CAL-CON-0053,Concentrate,89.14,10.86,19.3,30.88,11.77,0.29329,0.31656,0.34262,0.38844,0.42572,0.40973,0.37677,0.34225,0.31819,0.35379,0.38856,0.44411,0.47465,0.44499,0.42194,0.37606,0.3566,0.33712,0.36243,0.41358,0.45166,0.43672,0.44197,0.43723,0.44413,0.44329
CAL-CON-0054,Concentrate,88.69,11.31,20.4,27.04,14.15,0.29749,0.3117,0.34747,0.3882,0.42026,0.39426,0.36499,0.34033,0.32289,0.35717,0.37653,0.42959,0.4578,0.46612,0.43199,0.39845,0.35123,0.3339,0.35392,0.40667,0.44612,0.42708,0.42514,0.42923,0.44417,0.44327
CAL-CON-0055,Concentrate,90.5,9.5,18.92,30.43,13.98,0.31924,0.34023,0.36793,0.40202,0.43297,0.41301,0.37838,0.34691,0.3228,0.35678,0.39855,0.4485,0.47329,0.45122,0.4124,0.37673,0.35982,0.34354,0.36708,0.39559,0.43154,0.42898,0.41702,0.4227,0.42476,0.41999
CAL-CON-0056,Concentrate,89.56,10.44,17.63,30.75,13.89,0.30231,0.3215,0.35395,0.39286,0.42046,0.40334,0.3706,0.33378,0.32328,0.36271,0.41002,0.45781,0.48864,0.44855,0.41391,0.3781,0.35103,0.33568,0.36497,0.41117,0.43512,0.44126,0.43922,0.44142,0.43751,0.43106
CAL-CON-0057,Concentrate,90.92,9.08,18.35,28.14,12.19,0.29449,0.31529,0.34513,0.3865,0.42276,0.40273,0.3714,0.34063,0.31444,0.35901,0.40594,0.45422,0.48286,0.46028,0.42957,0.38766,0.36803,0.35093,0.38079,0.41508,0.44679,0.44415,0.44562,0.43976,0.45157,0.44397
CAL-CON-0058,Concentrate,89.38,10.62,17.84,27.57,12.51,0.29175,0.32274,0.35096,0.38664,0.42679,0.40797,0.37348,0.34088,0.32273,0.35546,0.40801,0.45756,0.49218,0.46384,0.431,0.39141,0.36132,0.33425,0.36714,0.4097,0.44373,0.44854,0.44514,0.44405,0.43945,0.43562
CAL-CON-0059,Concentrate,90.12,9.88,17.28,24.7,14.25,0.31182,0.33114,0.35612,0.39941,0.42583,0.4081,0.37171,0.34821,0.32843,0.36338,0.41562,0.46589,0.4896,0.47462,0.44577,0.41043,0.35435,0.34198,0.36562,0.40427,0.43716,0.44728,0.44162,0.44298,0.42729,0.42759
CAL-CON-0060,Concentrate,89.23,10.77,19.35,28.38,16.07,0.30363,0.31726,0.34583,0.39156,0.41378,0.39151,0.36251,0.34053,0.31612,0.35564,0.39086,0.44061,0.47225,0.4578,0.42328,0.38226,0.35673,0.33274,0.36423,0.40964,0.43878,0.43297,0.43905,0.43547,0.44423,0.44484
CAL-CON-0061,Concentrate,91.2,8.8,18.52,30.45,14.99,0.29932,0.31392,0.34781,0.3818,0.41784,0.39205,0.36275,0.33434,0.31861,0.3582,0.40454,0.45194,0.4781,0.44287,0.4113,0.37536,0.36662,0.35195,0.38075,0.4119,0.43928,0.44272,0.43829,0.44257,0.44576,0.44245
CAL-CON-0062,Concentrate,87.03,12.97,15.41,28.59,15.26,0.28671,0.31487,0.33511,0.3784,0.40684,0.38882,0.35668,0.33129,0.31733,0.35688,0.42731,0.48084,0.50994,0.45714,0.42803,0.38711,0.33703,0.31923,0.35191,0.41092,0.45038,0.4702,0.46796,0.47701,0.45169,0.44857
CAL-CON-0063,Concentrate,92.03,7.97,17.14,27.42,13.45,0.27329,0.30162,0.33486,0.37598,0.40799,0.3924,0.35785,0.3362,0.31011,0.35213,0.4077,0.45916,0.49221,0.46305,0.43582,0.39466,0.38265,0.36056,0.39771,0.4231,0.45261,0.4619,0.46647,0.46455,0.45946,0.46058
CAL-CON-0064,Concentrate,88.16,11.84,14.5,26.85,11.94,0.28571,0.30496,0.33711,0.3776,0.42289,0.40082,0.37516,0.33479,0.31843,0.3557,0.44237,0.48997,0.51719,0.46808,0.43727,0.39755,0.34895,0.33189,0.35425,0.41525,0.44932,0.47699,0.47383,0.47108,0.45625,0.45155
CAL-CON-0065,Concentrate,91.19,8.81,17.31,23.5,13.45,0.30289,0.32412,0.34919,0.39282,0.42479,0.40698,0.37286,0.34265,0.32195,0.36347,0.41005,0.45305,0.49131,0.4817,0.44868,0.40739,0.36697,0.34811,0.3785,0.40158,0.43294,0.44968,0.44548,0.4458,0.43324,0.43698
CAL-CON-0066,Concentrate,89.07,10.93,16.31,26.44,16.37,0.28374,0.30837,0.33663,0.3775,0.39828,0.38544,0.35374,0.33094,0.31334,0.35897,0.41037,0.47103,0.50293,0.46618,0.44011,0.40237,0.35314,0.34058,0.37016,0.41745,0.44944,0.46782,0.47386,0.46996,0.45643,0.45579
CAL-CON-0067,Concentrate,87.8,12.2,15.89,28.28,14.79,0.28433,0.31268,0.34279,0.3862,0.41272,0.38664,0.35946,0.33409,0.31936,0.3589,0.42261,0.47554,0.50257,0.46509,0.4313,0.39257,0.34876,0.32832,0.356,0.41358,0.44863,0.46372,0.46203,0.47081,0.4445,0.44274
CAL-CON-0068,Concentrate,88.9,11.1,19.15,31.27,12.35,0.30578,0.32988,0.357,0.39395,0.43778,0.40985,0.38086,0.34755,0.32507,0.36562,0.39196,0.44787,0.47422,0.44117,0.4136,0.37304,0.35518,0.33024,0.35629,0.4039,0.43632,0.42738,0.4288,0.42974,0.4333,0.43628
CAL-CON-0069,Concentrate,86.3,13.7,15.97,27.97,13.3,0.28778,0.31804,0.34534,0.38335,0.41773,0.39691,0.36463,0.33935,0.31949,0.35168,0.42426,0.47528,0.50398,0.46679,0.43715,0.39073,0.33208,0.3124,0.34227,0.41166,0.44663,0.46937,0.46882,0.46722,0.44061,0.44292
CAL-CON-0070,Concentrate,92.43,7.57,19.33,27.45,15.62,0.29748,0.31901,0.34041,0.3874,0.41558,0.39222,0.36387,0.33801,0.3186,0.36287,0.38873,0.43882,0.47007,0.46301,0.42849,0.3959,0.38028,0.36371,0.38518,0.41506,0.44688,0.43875,0.43791,0.4408,0.44821,0.44635
CAL-CON-0071,Concentrate,92.49,7.51,19.64,26.56,15.52,0.31384,0.33317,0.36226,0.40371,0.42883,0.40252,0.3765,0.34675,0.32932,0.36457,0.38995,0.44605,0.46739,0.46467,0.43173,0.39816,0.38041,0.35589,0.38068,0.40259,0.43057,0.41925,0.41974,0.42159,0.42511,0.42666
CAL-CON-0072,Concentrate,92.52,7.48,17.91,29.57,14.23,0.30606,0.32107,0.3518,0.39148,0.42247,0.40599,0.37292,0.33944,0.32201,0.36112,0.40579,0.45641,0.48836,0.44981,0.42055,0.38414,0.3802,0.36224,0.39232,0.40339,0.43795,0.43928,0.43682,0.43766,0.43463,0.43426
CAL-CON-0073,Concentrate,89.98,10.02,22.17,24.89,15.36,0.30606,0.32431,0.34908,0.39693,0.41437,0.40069,0.37294,0.33884,0.3257,0.36179,0.35824,0.41042,0.44408,0.47649,0.44005,0.4044,0.3606,0.34063,0.36591,0.40814,0.43955,0.41271,0.41234,0.40952,0.4341,0.43471
CAL-CON-0074,Concentrate,91.67,8.33,16.2,27.09,13.96,0.3039,0.32426,0.35656,0.39212,0.41971,0.40123,0.37051,0.34265,0.31769,0.36017,0.42832,0.47379,0.4999,0.46342,0.42754,0.39386,0.37759,0.34889,0.37788,0.40675,0.44127,0.45949,0.45552,0.45012,0.43765,0.44288
CAL-CON-0075,Concentrate,90.21,9.79,18.86,25.22,15.2,0.29999,0.31165,0.34385,0.38513,0.4157,0.39141,0.36507,0.33832,0.31929,0.36077,0.39669,0.44603,0.47727,0.47467,0.44359,0.40313,0.36805,0.34128,0.37692,0.40928,0.44398,0.44458,0.43842,0.43763,0.44108,0.44252
CAL-CON-0076,Concentrate,89.94,10.06,17.87,31.52,13.76,0.2995,0.32374,0.35368,0.39527,0.42767,0.40282,0.3708,0.33489,0.31768,0.36101,0.40303,0.45171,0.48655,0.44469,0.41151,0.37483,0.36099,0.34248,0.37544,0.41714,0.44138,0.44211,0.44356,0.44799,0.43607,0.44298
CAL-CON-0077,Concentrate,90.34,9.66,17.29,25.62,13.67,0.29303,0.30789,0.3457,0.38002,0.41074,0.39557,0.36772,0.33578,0.31654,0.36176,0.41023,0.4594,0.48828,0.47617,0.44194,0.4031,0.36893,0.3528,0.37826,0.41524,0.44651,0.45451,0.45568,0.45656,0.45274,0.45061
CAL-CON-0078,Concentrate,89.83,10.17,17.95,30.3,14.03,0.29523,0.31606,0.35071,0.38758,0.42066,0.39656,0.37088,0.33878,0.32107,0.36167,0.4018,0.45519,0.4882,0.45202,0.42279,0.37969,0.36446,0.33821,0.36605,0.41145,0.44622,0.44358,0.44278,0.44238,0.44625,0.44005
CAL-CON-0079,Concentrate,89.51,10.49,17.34,26.2,14.25,0.28597,0.30916,0.34132,0.3829,0.41381,0.39244,0.35974,0.33622,0.31773,0.35616,0.40834,0.46757,0.48721,0.47094,0.44354,0.40032,0.35885,0.33909,0.37124,0.41882,0.44647,0.46542,0.45568,0.46211,0.45246,0.45209
CAL-CON-0080,Concentrate,87.6,12.4,19.14,26.71,13.48,0.31332,0.33069,0.35745,0.40239,0.43194,0.41005,0.38205,0.34785,0.32452,0.37329,0.39963,0.45273,0.47297,0.46661,0.43096,0.3925,0.33491,0.32447,0.34222,0.40162,0.42678,0.4271,0.42161,0.42589,0.42105,0.42487
CAL-CON-0081,Concentrate,89.26,10.74,18.07,26.92,13.4,0.30673,0.33003,0.35422,0.39032,0.42519,0.40363,0.37705,0.34254,0.31664,0.36436,0.40797,0.45925,0.48291,0.46614,0.43138,0.39447,0.35424,0.33083,0.36346,0.40852,0.43636,0.44461,0.43941,0.44021,0.43209,0.43774
CAL-CON-0082,Concentrate,91.44,8.56,16.53,28.78,11.38,0.29159,0.31004,0.34258,0.3804,0.42065,0.40301,0.37571,0.33722,0.31722,0.35432,0.42313,0.46943,0.49739,0.45781,0.42812,0.38765,0.37348,0.35813,0.39118,0.40923,0.44985,0.4608,0.46227,0.46644,0.44147,0.4527
CAL-CON-0083,Concentrate,88.97,11.03,16.41,30.95,11.89,0.29696,0.31912,0.34758,0.38843,0.42471,0.40724,0.37407,0.33637,0.31856,0.35418,0.42178,0.46295,0.50183,0.44678,0.41337,0.3724,0.35171,0.3352,0.36466,0.4089,0.44289,0.45834,0.45856,0.45529,0.44442,0.44705
CAL-CON-0084,Concentrate,90.62,9.38,20.96,28.3,12.99,0.28615,0.3101,0.33617,0.38045,0.41773,0.40076,0.36352,0.33531,0.31572,0.35694,0.37352,0.4239,0.45908,0.46268,0.43628,0.39072,0.36688,0.34611,0.37837,0.41804,0.4494,0.43248,0.42937,0.43029,0.4563,0.44884
CAL-CON-0085,Concentrate,90.61,9.39,17.4,25.87,13.17,0.32481,0.33894,0.37445,0.40728,0.44143,0.4193,0.39042,0.34905,0.3288,0.36239,0.41601,0.46724,0.49259,0.47666,0.43939,0.39433,0.35963,0.33198,0.36209,0.3941,0.42591,0.43149,0.4334,0.42761,0.41532,0.42112
CAL-CON-0086,Concentrate,90.06,9.94,18.83,27.98,14.6,0.29415,0.31581,0.343,0.38093,0.41326,0.39081,0.3622,0.34077,0.32245,0.3617,0.39837,0.44617,0.47954,0.46141,0.43668,0.38857,0.36421,0.33889,0.37522,0.40806,0.44007,0.43807,0.44317,0.44397,0.45304,0.44591
CAL-CON-0087,Concentrate,90.24,9.76,19.53,28.26,15.32,0.2999,0.31547,0.35382,0.38691,0.42074,0.39491,0.3632,0.34945,0.32105,0.36023,0.39252,0.44248,0.47321,0.45459,0.42995,0.38722,0.35831,0.34097,0.36515,0.41118,0.43729,0.42925,0.43003,0.4297,0.44061,0.43366
CAL-CON-0088,Concentrate,89.68,10.32,16.9,28.29,13.13,0.29576,0.32155,0.35462,0.39012,0.42314,0.40308,0.37191,0.3435,0.32027,0.35346,0.41957,0.46884,0.49778,0.4503,0.42856,0.39125,0.35855,0.33803,0.3701,0.41043,0.44363,0.45169,0.45145,0.45389,0.43883,0.43674
CAL-CON-0089,Concentrate,90.89,9.11,19.89,29.68,13.92,0.31027,0.32814,0.35981,0.39327,0.42773,0.41535,0.37142,0.34521,0.32501,0.36454,0.38538,0.43896,0.46495,0.44691,0.42318,0.38146,0.36117,0.34157,0.3706,0.39946,0.43582,0.42535,0.42109,0.42114,0.43043,0.42995
CAL-CON-0090,Concentrate,90.73,9.27,16.74,29.23,12.72,0.3036,0.32681,0.35615,0.39601,0.42753,0.41022,0.3799,0.3468,0.32325,0.3603,0.41509,0.46394,0.4989,0.45595,0.4203,0.38313,0.36324,0.34532,0.37516,0.3993,0.4386,0.448,0.44505,0.44454,0.4332,0.43099
CAL-CON-0091,Concentrate,88.94,11.06,16.94,30.42,14.07,0.31242,0.32632,0.35652,0.39112,0.42292,0.40334,0.37076,0.3411,0.3233,0.3629,0.41272,0.46713,0.49749,0.44588,0.41513,0.37807,0.3422,0.32948,0.36392,0.39927,0.43907,0.44871,0.44231,0.44773,0.4378,0.43081
CAL-CON-0092,Concentrate,90.04,9.96,19.97,27.03,13.95,0.29302,0.31549,0.34895,0.38653,0.41574,0.39711,0.36521,0.33482,0.32182,0.36352,0.37896,0.43648,0.46771,0.46143,0.43405,0.39414,0.36741,0.34707,0.36974,0.40821,0.44531,0.43476,0.43726,0.43074,0.44676,0.44279
CAL-CON-0093,Concentrate,89.94,10.06,21.35,28.81,13.62,0.29311,0.31298,0.3404,0.39022,0.42134,0.3966,0.36981,0.34294,0.32108,0.35703,0.36977,0.41546,0.45352,0.45999,0.4306,0.38954,0.36266,0.33919,0.37373,0.4119,0.44596,0.42272,0.42715,0.43015,0.44785,0.44829
CAL-CON-0094,Concentrate,92.66,7.34,18.34,28.94,15.81,0.30729,0.31885,0.35229,0.39627,0.41514,0.40024,0.37107,0.34055,0.3188,0.3604,0.40141,0.45685,0.47871,0.45733,0.42884,0.38671,0.38107,0.35886,0.39447,0.40652,0.43968,0.43706,0.43159,0.43588,0.43467,0.43429
CAL-CON-0095,Concentrate,90.94,9.06,19.61,27.45,13.62,0.29511,0.31917,0.35268,0.39282,0.41853,0.40644,0.36952,0.33619,0.31529,0.35629,0.3896,0.43796,0.46698,0.46028,0.4297,0.39043,0.37104,0.35354,0.38387,0.41296,0.43956,0.43144,0.43585,0.43298,0.44283,0.44753
CAL-CON-0096,Concentrate,93.42,6.58,16.81,28.81,14.38,0.30218,0.32713,0.3589,0.40051,0.42322,0.39587,0.37259,0.34448,0.32114,0.36208,0.41648,0.46712,0.50016,0.45993,0.42155,0.38341,0.38113,0.371,0.39769,0.40133,0.43673,0.44749,0.44566,0.45063,0.43832,0.43568
CAL-CON-0097,Concentrate,89.05,10.95,18.57,27.18,13.99,0.29957,0.31346,0.34596,0.3883,0.42329,0.4013,0.36892,0.34028,0.31894,0.36264,0.40022,0.45292,0.47519,0.46178,0.43519,0.39602,0.36019,0.32774,0.36323,0.41086,0.44198,0.44617,0.44377,0.43649,0.44654,0.44662
CAL-CON-0098,Concentrate,87.57,12.43,18.27,28.84,15.2,0.28397,0.30783,0.34429,0.38636,0.40922,0.39223,0.36101,0.33817,0.31658,0.35844,0.39646,0.45315,0.47809,0.45837,0.42575,0.38904,0.34073,0.32294,0.35641,0.41784,0.44971,0.44543,0.44524,0.44767,0.44667,0.45542
CAL-CON-0099,Concentrate,88.51,11.49,21.07,30.3,12.04,0.30025,0.3181,0.35255,0.39259,0.43014,0.40375,0.37528,0.34225,0.32307,0.35488,0.37117,0.42781,0.45081,0.4483,0.41412,0.3803,0.34105,0.32592,0.35939,0.41009,0.4366,0.41767,0.4188,0.41537,0.43662,0.43641
CAL-CON-0100,Concentrate,91.5,8.5,16.89,24.93,13.37,0.29381,0.31364,0.34403,0.38163,0.41511,0.39712,0.36741,0.34041,0.31843,0.35656,0.41803,0.46661,0.49172,0.46588,0.44215,0.40844,0.37652,0.34939,0.38687,0.41527,0.44812,0.45855,0.46028,0.45822,0.4474,0.44555
CAL-CON-0101,Concentrate,88.0,12.0,18.29,28.97,15.69,0.30092,0.32507,0.35139,0.39475,0.41244,0.39683,0.36418,0.33748,0.32039,0.36462,0.39949,0.44791,0.48337,0.45001,0.42955,0.38928,0.34647,0.32313,0.35797,0.41281,0.43699,0.44417,0.43693,0.43889,0.43245,0.43808
CAL-CON-0102,Concentrate,89.32,10.68,18.25,26.96,14.05,0.31052,0.32295,0.35819,0.39571,0.42546,0.40371,0.37111,0.34427,0.32396,0.35947,0.3998,0.45354,0.48502,0.46796,0.43803,0.395,0.35192,0.33217,0.35791,0.40449,0.43584,0.43641,0.43695,0.43201,0.43041,0.43566
CAL-CON-0103,Concentrate,88.99,11.01,18.64,26.32,15.33,0.30025,0.3237,0.35113,0.39352,0.41593,0.39703,0.37044,0.33971,0.31936,0.36018,0.4038,0.44879,0.48244,0.46769,0.44147,0.3988,0.35242,0.32613,0.35537,0.41112,0.44076,0.44353,0.43149,0.43708,0.43323,0.43376
CAL-CON-0104,Concentrate,90.57,9.43,17.5,28.06,15.0,0.30182,0.32064,0.35004,0.38839,0.41323,0.39668,0.36204,0.33967,0.31621,0.35944,0.40649,0.45857,0.48787,0.45737,0.42962,0.38274,0.35962,0.34756,0.37572,0.40864,0.44386,0.44612,0.44642,0.44594,0.44716,0.44227
CAL-CON-0105,Concentrate,90.7,9.3,15.72,26.93,14.55,0.30671,0.3328,0.35404,0.39794,0.4248,0.40228,0.37228,0.34209,0.3165,0.36293,0.43042,0.48035,0.50825,0.46799,0.43194,0.39841,0.36075,0.34285,0.37468,0.40496,0.43822,0.45386,0.4547,0.45327,0.43209,0.44004
CAL-CON-0106,Concentrate,86.57,13.43,17.29,28.24,13.55,0.30634,0.32597,0.35181,0.38745,0.42019,0.40368,0.36882,0.34034,0.32545,0.36195,0.41285,0.45933,0.49273,0.45791,0.42914,0.39034,0.33434,0.31177,0.34266,0.40676,0.44143,0.44354,0.44532,0.44939,0.43553,0.43269
CAL-CON-0107,Concentrate,92.09,7.91,15.09,28.18,13.24,0.28803,0.3084,0.34325,0.38145,0.41828,0.40001,0.36717,0.33388,0.317,0.3585,0.42831,0.48339,0.51284,0.45828,0.42838,0.38949,0.38368,0.35974,0.39518,0.41636,0.44348,0.47221,0.46899,0.4753,0.44993,0.45403
CAL-CON-0108,Concentrate,87.4,12.6,17.81,25.82,16.59,0.31294,0.32917,0.3687,0.39866,0.41447,0.39472,0.36748,0.34641,0.32263,0.36254,0.40993,0.4626,0.48849,0.46863,0.43849,0.40034,0.34022,0.31073,0.34624,0.40165,0.42657,0.42968,0.43801,0.43722,0.42517,0.4251
CAL-CON-0109,Concentrate,91.14,8.86,18.46,25.21,14.25,0.29848,0.32411,0.34898,0.39302,0.41886,0.39351,0.37338,0.34432,0.31939,0.36156,0.40227,0.45216,0.48571,0.47511,0.44258,0.40472,0.36711,0.34499,0.38164,0.41023,0.43283,0.43645,0.44056,0.43338,0.4353,0.44534
CAL-CON-0110,Concentrate,91.62,8.38,20.75,26.36,14.32,0.29807,0.31392,0.35029,0.38193,0.4186,0.39391,0.36352,0.33835,0.31675,0.35748,0.37733,0.4211,0.45477,0.47067,0.44212,0.40087,0.37609,0.35712,0.38943,0.40994,0.44333,0.42953,0.43099,0.42472,0.44368,0.44806
CAL-CON-0111,Concentrate,89.37,10.63,17.5,28.95,13.61,0.28823,0.30607,0.33455,0.38331,0.41548,0.39006,0.36527,0.33268,0.31667,0.35334,0.40974,0.46186,0.48658,0.45602,0.43062,0.38512,0.357,0.34215,0.37083,0.41277,0.44769,0.46204,0.46415,0.4572,0.45052,0.45304
CAL-CON-0112,Concentrate,91.26,8.74,20.7,29.8,12.42,0.30055,0.32103,0.35128,0.39054,0.42695,0.41029,0.3785,0.34515,0.32198,0.35892,0.37928,0.42391,0.45124,0.45281,0.42366,0.38055,0.36798,0.34486,0.38211,0.40971,0.43884,0.42231,0.42064,0.41844,0.43764,0.43499
CAL-CON-0113,Concentrate,92.58,7.42,18.43,23.58,13.36,0.30499,0.32694,0.35244,0.39738,0.42712,0.40594,0.37718,0.34329,0.32247,0.36157,0.40226,0.45271,0.48169,0.48514,0.44948,0.41119,0.38571,0.35761,0.38709,0.40205,0.43306,0.43475,0.43603,0.43574,0.43362,0.43442
CAL-CON-0114,Concentrate,90.73,9.27,18.52,28.22,13.57,0.29335,0.31287,0.34778,0.38862,0.41878,0.39942,0.36761,0.33984,0.31882,0.35784,0.40164,0.45128,0.47504,0.45917,0.42646,0.39005,0.35747,0.34782,0.37967,0.41164,0.43878,0.4483,0.44621,0.44145,0.4427,0.43784
CAL-CON-0115,Concentrate,87.95,12.05,19.5,29.85,13.92,0.29658,0.32353,0.34981,0.3901,0.41739,0.40078,0.36961,0.33591,0.32394,0.36521,0.39301,0.44258,0.47529,0.44763,0.41762,0.37957,0.34453,0.32277,0.35061,0.41014,0.43986,0.43568,0.43331,0.42748,0.44137,0.44498
CAL-CON-0116,Concentrate,91.48,8.52,17.74,29.02,13.11,0.29126,0.31193,0.34471,0.38145,0.41374,0.40019,0.37071,0.33682,0.31992,0.35715,0.40682,0.45557,0.48648,0.45625,0.43267,0.38873,0.37573,0.35704,0.37832,0.41512,0.44753,0.45099,0.45125,0.4492,0.44606,0.4455
CAL-CON-0117,Concentrate,92.25,7.75,21.4,26.47,13.2,0.30185,0.32072,0.35044,0.39157,0.42862,0.40352,0.3785,0.34591,0.32233,0.36484,0.36771,0.41979,0.45171,0.46816,0.44145,0.39383,0.37526,0.35629,0.38466,0.40474,0.43611,0.41616,0.42091,0.41318,0.43867,0.43972
CAL-CON-0118,Concentrate,90.39,9.61,19.36,28.74,14.1,0.30574,0.32914,0.35541,0.396,0.42542,0.40684,0.37943,0.34121,0.32296,0.35772,0.39736,0.44243,0.47077,0.45615,0.42568,0.38255,0.36451,0.34225,0.37205,0.40392,0.43313,0.42832,0.43044,0.42893,0.43051,0.43423
CAL-CON-0119,Concentrate,89.01,10.99,18.74,25.89,12.84,0.31517,0.33377,0.3657,0.39934,0.43371,0.41047,0.37904,0.34724,0.32787,0.3653,0.39722,0.45007,0.47574,0.46915,0.44419,0.39484,0.35562,0.32992,0.35603,0.40474,0.43163,0.42955,0.43057,0.42852,0.42753,0.42882
CAL-CON-0120,Concentrate,88.09,11.91,16.58,31.01,14.49,0.29667,0.31533,0.34722,0.38964,0.4158,0.3999,0.36528,0.33955,0.32027,0.35577,0.41834,0.46309,0.49864,0.44433,0.41456,0.37476,0.34771,0.32392,0.36257,0.41436,0.44066,0.45888,0.46033,0.45887,0.44169,0.45183
CAL-CON-0121,Concentrate,88.13,11.87,18.81,27.6,14.01,0.29866,0.32223,0.34939,0.39066,0.42266,0.39989,0.37026,0.34345,0.31814,0.35868,0.39355,0.44466,0.47734,0.46381,0.4293,0.39336,0.34472,0.32007,0.35457,0.41242,0.43298,0.44229,0.43427,0.43097,0.43835,0.44025
CAL-CON-0122,Concentrate,90.47,9.53,21.68,28.37,17.58,0.30723,0.32331,0.35376,0.39165,0.40877,0.38943,0.35626,0.33737,0.3252,0.36388,0.36464,0.41913,0.45142,0.46078,0.42566,0.39041,0.36282,0.34367,0.36947,0.39544,0.43561,0.41702,0.41452,0.41681,0.44016,0.43558
CAL-CON-0123,Concentrate,86.72,13.28,16.18,25.59,14.67,0.30738,0.32607,0.35506,0.394,0.42577,0.40261,0.37464,0.33709,0.3246,0.36088,0.42404,0.47827,0.50238,0.4732,0.438,0.4005,0.32665,0.31058,0.34124,0.40898,0.43254,0.44899,0.44798,0.44848,0.42943,0.42519
CAL-CON-0124,Concentrate,89.93,10.07,18.28,28.99,15.01,0.29534,0.3122,0.34843,0.38745,0.41293,0.39763,0.36559,0.33891,0.3193,0.36162,0.39949,0.44918,0.48139,0.45163,0.42529,0.38598,0.36013,0.33952,0.37583,0.41454,0.4417,0.44409,0.4482,0.44258,0.44015,0.44399
CAL-CON-0125,Concentrate,90.73,9.27,19.74,26.68,12.31,0.28874,0.313,0.33925,0.37697,0.42073,0.39935,0.36663,0.33604,0.31542,0.36237,0.38595,0.4382,0.46715,0.46518,0.43627,0.40174,0.37077,0.34482,0.3763,0.41137,0.44889,0.43258,0.44089,0.44049,0.44919,0.44809
CAL-CON-0126,Concentrate,90.17,9.83,16.33,25.82,12.03,0.29676,0.31798,0.34752,0.38437,0.41897,0.40063,0.37137,0.33685,0.3217,0.36224,0.41883,0.46413,0.49789,0.47474,0.44242,0.4012,0.362,0.34157,0.37076,0.41977,0.44926,0.45735,0.4551,0.46141,0.44585,0.44872
CAL-CON-0127,Concentrate,88.24,11.76,20.42,27.36,14.73,0.28973,0.31404,0.33495,0.38501,0.40814,0.39161,0.36589,0.33342,0.31371,0.35623,0.3776,0.42651,0.46074,0.46403,0.43571,0.39262,0.34578,0.32902,0.3594,0.41425,0.44357,0.434,0.43094,0.43416,0.4478,0.44938
CAL-CON-0128,Concentrate,88.03,11.97,14.91,26.93,12.62,0.291,0.32527,0.35171,0.39203,0.4247,0.40681,0.37428,0.34246,0.32058,0.3599,0.43599,0.49027,0.51637,0.46226,0.43635,0.39681,0.34378,0.32406,0.35101,0.41027,0.43633,0.46433,0.46307,0.46803,0.44462,0.43653
CAL-CON-0129,Concentrate,89.53,10.47,19.2,28.17,13.54,0.29294,0.31261,0.3486,0.38204,0.41764,0.39899,0.36936,0.33588,0.32146,0.35168,0.38828,0.44414,0.4701,0.45661,0.42861,0.38824,0.36024,0.34163,0.36977,0.41698,0.44024,0.44034,0.44474,0.44422,0.45106,0.44557
CAL-CON-0130,Concentrate,89.36,10.64,19.39,30.36,13.05,0.29335,0.32455,0.35055,0.38885,0.42259,0.39687,0.37387,0.33793,0.31977,0.35979,0.38072,0.44241,0.4716,0.44922,0.41778,0.37857,0.3557,0.33609,0.36678,0.41141,0.4462,0.43231,0.43345,0.43974,0.44053,0.44388
CAL-CON-0131,Concentrate,89.66,10.34,19.98,28.93,12.16,0.29234,0.30949,0.34694,0.38905,0.42742,0.40353,0.37173,0.33737,0.31424,0.36475,0.38715,0.43514,0.46787,0.45419,0.42299,0.38033,0.35981,0.33959,0.37242,0.41429,0.44633,0.43764,0.43148,0.43912,0.4463,0.44973
CAL-CON-0132,Concentrate,91.54,8.46,18.69,28.32,15.07,0.29001,0.3121,0.34455,0.38183,0.41117,0.39145,0.36313,0.33742,0.32123,0.36018,0.39675,0.4464,0.4777,0.45852,0.43661,0.38512,0.37111,0.3511,0.38557,0.41354,0.44157,0.44506,0.44392,0.44607,0.44866,0.43909
CAL-CON-0133,Concentrate,88.06,11.94,18.87,27.87,13.96,0.30342,0.32957,0.35204,0.3976,0.42064,0.40431,0.37922,0.35018,0.31768,0.35986,0.3961,0.45387,0.47634,0.4636,0.43071,0.38565,0.33697,0.32015,0.35837,0.40711,0.43894,0.42834,0.43106,0.43381,0.43025,0.43277
CAL-CON-0134,Concentrate,91.24,8.76,19.1,29.23,15.05,0.29611,0.32006,0.34554,0.38944,0.40773,0.39166,0.3711,0.34042,0.32068,0.35663,0.3901,0.44284,0.47369,0.45972,0.42729,0.38482,0.37101,0.35334,0.37737,0.4059,0.44415,0.43821,0.43431,0.43222,0.44563,0.44164
CAL-CON-0135,Concentrate,89.6,10.4,18.45,26.93,13.91,0.31627,0.33254,0.36121,0.40287,0.43227,0.40568,0.37784,0.34482,0.32527,0.36837,0.4045,0.45875,0.48175,0.46425,0.43353,0.39285,0.35373,0.32863,0.35974,0.40027,0.43437,0.4247,0.42978,0.4236,0.42793,0.42427
CAL-CON-0136,Concentrate,91.41,8.59,14.73,27.94,14.83,0.28405,0.29669,0.33158,0.37799,0.40648,0.38847,0.36392,0.32964,0.31389,0.35334,0.4278,0.48507,0.51096,0.45952,0.42829,0.39562,0.3746,0.35318,0.39274,0.41863,0.45075,0.47715,0.48513,0.48411,0.45664,0.45434
CAL-CON-0137,Concentrate,92.97,7.03,20.66,26.73,13.4,0.29531,0.3119,0.34208,0.3899,0.41823,0.39551,0.3722,0.33569,0.31194,0.35495,0.37563,0.42831,0.45863,0.47025,0.43632,0.39611,0.38914,0.36881,0.3957,0.41394,0.44211,0.42537,0.43592,0.42817,0.44631,0.44135
CAL-CON-0138,Concentrate,88.19,11.81,21.02,31.24,14.68,0.30667,0.32526,0.35517,0.39604,0.42186,0.40403,0.36782,0.34737,0.32101,0.35953,0.37718,0.42687,0.44987,0.44213,0.40655,0.37053,0.34186,0.32414,0.35038,0.40506,0.44011,0.42427,0.41481,0.42012,0.43534,0.42845
CAL-CON-0139,Concentrate,85.46,14.54,18.99,26.06,14.16,0.30277,0.32023,0.34355,0.38322,0.41988,0.39338,0.36976,0.34603,0.32025,0.36217,0.39736,0.44288,0.47582,0.46702,0.44415,0.39742,0.32715,0.30884,0.33436,0.41041,0.44246,0.43728,0.44083,0.438,0.44201,0.44658
CAL-CON-0140,Concentrate,89.56,10.44,16.03,30.11,13.46,0.31623,0.32884,0.35884,0.39633,0.42971,0.41861,0.37633,0.34825,0.32389,0.36633,0.42091,0.48174,0.50612,0.44826,0.42097,0.37789,0.35022,0.32559,0.36754,0.40411,0.43214,0.44886,0.45405,0.44738,0.4327,0.42896
CAL-CON-0141,Concentrate,91.35,8.65,20.15,26.78,13.95,0.28357,0.30595,0.34187,0.37632,0.40782,0.38962,0.35866,0.32748,0.31438,0.3569,0.38012,0.43126,0.46009,0.46754,0.43863,0.40088,0.37647,0.35802,0.39213,0.42041,0.45147,0.43456,0.44429,0.44157,0.45562,0.4529
CAL-CON-0142,Concentrate,86.29,13.71,20.73,28.77,11.71,0.30904,0.32424,0.34539,0.39096,0.43274,0.41604,0.37944,0.33335,0.32543,0.36231,0.37157,0.42906,0.45914,0.45508,0.42334,0.38376,0.32851,0.31032,0.34139,0.40203,0.43901,0.42385,0.42266,0.4207,0.44156,0.4411
CAL-CON-0143,Concentrate,89.88,10.12,19.66,30.31,13.02,0.2905,0.31497,0.34129,0.37933,0.41713,0.40135,0.37527,0.33508,0.31734,0.35869,0.3852,0.43548,0.46917,0.44512,0.41692,0.37912,0.36175,0.33675,0.37141,0.40943,0.44176,0.43859,0.43651,0.44224,0.44563,0.44926
CAL-CON-0144,Concentrate,89.98,10.02,16.53,27.81,13.36,0.30489,0.32654,0.3512,0.3924,0.42401,0.40576,0.37369,0.3408,0.32278,0.36051,0.42107,0.46718,0.49751,0.4668,0.42806,0.38331,0.35902,0.33534,0.36767,0.4063,0.43769,0.44903,0.44812,0.45171,0.42727,0.42942
CAL-CON-0145,Concentrate,87.46,12.54,17.78,26.96,15.17,0.28156,0.30264,0.33359,0.37303,0.40563,0.38804,0.35223,0.33686,0.31144,0.35265,0.40497,0.4567,0.48625,0.46489,0.4409,0.39697,0.34457,0.33131,0.35367,0.41808,0.45398,0.45898,0.46153,0.45634,0.45769,0.45732
CAL-CON-0146,Concentrate,91.21,8.79,18.47,28.51,14.07,0.31335,0.32779,0.36355,0.39458,0.42801,0.40402,0.37572,0.34792,0.31892,0.36264,0.39827,0.45085,0.47646,0.45746,0.4248,0.38742,0.37025,0.34569,0.37744,0.40829,0.43048,0.43689,0.43157,0.42784,0.43054,0.42853
CAL-CON-0147,Concentrate,88.35,11.65,20.96,28.5,15.78,0.2784,0.29887,0.32786,0.37744,0.40028,0.37946,0.34993,0.33443,0.31214,0.3538,0.36957,0.42178,0.45628,0.45406,0.43018,0.39443,0.35223,0.33728,0.36976,0.42329,0.4506,0.43654,0.43931,0.43849,0.45721,0.45866
CAL-CON-0148,Concentrate,89.59,10.41,20.1,26.44,16.04,0.31485,0.33486,0.35793,0.4055,0.4267,0.39786,0.37367,0.34302,0.32765,0.36361,0.39117,0.43664,0.4674,0.4709,0.43503,0.39454,0.34894,0.33009,0.3655,0.40396,0.42728,0.42281,0.4178,0.41785,0.42677,0.42528
CAL-CON-0149,Concentrate,91.66,8.34,15.12,29.83,14.12,0.3044,0.32221,0.35472,0.39149,0.42165,0.40187,0.37614,0.34263,0.31673,0.35884,0.43599,0.48782,0.51172,0.4575,0.42116,0.38174,0.36899,0.35595,0.38111,0.40678,0.43791,0.46653,0.46363,0.45941,0.43667,0.44234
CAL-CON-0150,Concentrate,90.84,9.16,19.71,21.85,15.52,0.2961,0.31768,0.35349,0.39332,0.41449,0.39531,0.36617,0.3437,0.32419,0.35995,0.38544,0.437,0.46825,0.49066,0.45789,0.42235,0.3624,0.34747,0.37777,0.41105,0.44336,0.43462,0.43924,0.43112,0.44208,0.44199
CAL-CON-0151,Concentrate,88.1,11.9,16.72,28.01,12.11,0.314,0.33186,0.36171,0.4048,0.43453,0.41918,0.38365,0.34526,0.3268,0.36338,0.41808,0.46844,0.49302,0.46049,0.41884,0.3896,0.34247,0.32422,0.35477,0.405,0.42911,0.44874,0.43744,0.43411,0.43175,0.4268
CAL-CON-0152,Concentrate,87.97,12.03,19.33,26.43,13.13,0.31154,0.33164,0.35518,0.39384,0.43003,0.40519,0.36973,0.3342,0.32181,0.36423,0.39291,0.44484,0.47469,0.47176,0.43771,0.39753,0.34205,0.32093,0.34654,0.41058,0.43546,0.42905,0.4283,0.42545,0.43455,0.43591
CAL-CON-0153,Concentrate,91.56,8.44,17.95,25.24,15.65,0.3071,0.32858,0.35813,0.39211,0.41626,0.40041,0.3723,0.34305,0.32046,0.36687,0.40495,0.45729,0.4845,0.47434,0.44018,0.40137,0.36875,0.3521,0.38008,0.40926,0.43362,0.43882,0.4408,0.44098,0.42968,0.43445
CAL-CON-0154,Concentrate,91.36,8.64,21.29,23.3,13.21,0.3004,0.31963,0.35249,0.38994,0.42129,0.39985,0.36938,0.3376,0.31816,0.36104,0.37154,0.42009,0.44905,0.48142,0.45186,0.41134,0.37304,0.35516,0.37756,0.41356,0.44232,0.42127,0.42534,0.42029,0.44157,0.44077
CAL-CON-0155,Concentrate,90.69,9.31,18.57,28.84,13.2,0.29404,0.31426,0.34551,0.38997,0.41908,0.40275,0.37191,0.3369,0.32247,0.36108,0.3985,0.44858,0.47942,0.45138,0.42382,0.388,0.36189,0.34472,0.37611,0.42081,0.44445,0.44555,0.44017,0.44399,0.43844,0.44305
CAL-CON-0156,Concentrate,87.87,12.13,19.09,28.86,13.28,0.28275,0.30429,0.33657,0.37784,0.41439,0.39244,0.37003,0.3383,0.3154,0.35484,0.38955,0.44328,0.47499,0.4557,0.42631,0.38972,0.34733,0.32658,0.35982,0.41585,0.44659,0.44589,0.44536,0.44606,0.4567,0.45357
CAL-CON-0157,Concentrate,90.94,9.06,17.27,30.09,13.14,0.29277,0.30858,0.34058,0.3801,0.4153,0.39486,0.36383,0.33523,0.31834,0.35275,0.4143,0.46254,0.49047,0.44872,0.42673,0.38501,0.37462,0.3515,0.38497,0.41789,0.44737,0.45789,0.46194,0.46446,0.45134,0.44921
CAL-CON-0158,Concentrate,92.48,7.52,19.1,31.23,14.39,0.28476,0.30455,0.33553,0.38051,0.40852,0.38918,0.3616,0.33707,0.31386,0.35435,0.39005,0.44526,0.47328,0.44521,0.42003,0.3849,0.3853,0.366,0.39182,0.41761,0.44769,0.44698,0.44413,0.44691,0.45333,0.45821
CAL-CON-0159,Concentrate,91.9,8.1,19.59,27.22,14.87,0.29968,0.32122,0.35701,0.39313,0.41855,0.39878,0.36727,0.33441,0.31693,0.36241,0.38673,0.43901,0.46549,0.46165,0.43363,0.39625,0.37801,0.35227,0.38523,0.40468,0.43897,0.43387,0.43065,0.43463,0.44067,0.43873
CAL-CON-0160,Concentrate,89.2,10.8,16.31,25.67,15.19,0.30087,0.31338,0.34712,0.38248,0.4098,0.3938,0.36176,0.33264,0.32383,0.35882,0.41782,0.47181,0.50148,0.47307,0.44108,0.40333,0.35745,0.33096,0.36312,0.41443,0.44055,0.45756,0.45669,0.45717,0.4419,0.4399
CAL-CON-0161,Concentrate,91.59,8.41,18.24,29.71,13.41,0.30293,0.32545,0.35513,0.39314,0.4275,0.40125,0.37383,0.34491,0.32454,0.36379,0.40663,0.45208,0.47772,0.4505,0.42281,0.38294,0.36989,0.34819,0.37813,0.40599,0.43156,0.43716,0.43851,0.43771,0.43479,0.43335
CAL-CON-0162,Concentrate,89.17,10.83,19.56,28.0,17.8,0.29576,0.31833,0.34634,0.38653,0.40728,0.38584,0.34785,0.3355,0.31842,0.35754,0.38424,0.43938,0.46365,0.46052,0.43259,0.39328,0.35381,0.33904,0.36576,0.41423,0.43974,0.43936,0.43505,0.44005,0.44706,0.44402
CAL-CON-0163,Concentrate,89.73,10.27,17.27,29.07,14.65,0.28693,0.3122,0.34571,0.38816,0.41398,0.38791,0.35996,0.33535,0.32124,0.35588,0.41382,0.45943,0.49356,0.45215,0.42505,0.38289,0.36447,0.33871,0.36681,0.40939,0.44467,0.45281,0.45679,0.45479,0.45105,0.44706
CAL-CON-0164,Concentrate,88.57,11.43,16.25,26.52,12.65,0.29256,0.31782,0.34608,0.3876,0.42447,0.39813,0.37519,0.33475,0.31693,0.35328,0.42377,0.46704,0.4988,0.46418,0.43747,0.39768,0.35205,0.3296,0.3631,0.41307,0.4394,0.45631,0.46314,0.46259,0.4459,0.44659
CAL-CON-0165,Concentrate,90.5,9.5,18.57,31.06,13.44,0.30031,0.31449,0.34536,0.39513,0.4238,0.40134,0.37225,0.33574,0.31857,0.35551,0.39829,0.45125,0.4806,0.44949,0.41564,0.36736,0.36999,0.34165,0.37469,0.41052,0.44097,0.4399,0.43999,0.43586,0.44814,0.44237
CAL-CON-0166,Concentrate,92.76,7.24,16.89,29.56,13.33,0.28466,0.30605,0.32909,0.37313,0.41617,0.39198,0.37007,0.33665,0.31338,0.35444,0.41772,0.4704,0.49456,0.45746,0.42726,0.3891,0.38704,0.36604,0.39622,0.41469,0.45566,0.46254,0.46039,0.46816,0.45378,0.45459
CAL-CON-0167,Concentrate,88.0,12.0,18.85,26.94,13.1,0.28928,0.31436,0.34206,0.38696,0.41916,0.39887,0.36771,0.34151,0.31993,0.35618,0.39113,0.44005,0.47963,0.4683,0.43922,0.39622,0.34822,0.32939,0.35661,0.41222,0.44087,0.44311,0.44402,0.44163,0.44496,0.44568
CAL-CON-0168,Concentrate,87.94,12.06,16.84,26.05,13.82,0.31834,0.3328,0.36734,0.40761,0.43378,0.41452,0.37701,0.34498,0.32781,0.36476,0.41738,0.47294,0.49817,0.47118,0.43566,0.40133,0.33817,0.3203,0.34411,0.40146,0.43124,0.44576,0.43707,0.4376,0.42577,0.41836
CAL-CON-0169,Concentrate,88.51,11.49,19.95,31.09,12.89,0.2871,0.3161,0.34054,0.38186,0.42252,0.40277,0.37242,0.3308,0.3129,0.36077,0.3846,0.43205,0.46409,0.44826,0.42024,0.37638,0.34858,0.33055,0.36615,0.41878,0.44613,0.43454,0.44012,0.44248,0.44415,0.44855
CAL-CON-0170,Concentrate,90.11,9.89,17.77,28.33,14.44,0.29234,0.31634,0.34751,0.38528,0.41297,0.39404,0.36308,0.34067,0.31551,0.35937,0.40535,0.4547,0.49127,0.45811,0.42684,0.38689,0.3631,0.3449,0.37658,0.41172,0.44188,0.44843,0.44888,0.44641,0.44832,0.44434
CAL-CON-0171,Concentrate,90.64,9.36,19.11,26.19,13.99,0.29935,0.31787,0.34418,0.38321,0.40828,0.39404,0.3659,0.33575,0.31656,0.35977,0.38944,0.44386,0.47331,0.46669,0.44496,0.40278,0.36483,0.34934,0.37422,0.41191,0.44848,0.44191,0.44227,0.44501,0.44873,0.44669
CAL-CON-0172,Concentrate,87.47,12.53,17.5,27.83,14.66,0.28645,0.30307,0.33366,0.38024,0.40738,0.38709,0.3576,0.33487,0.31938,0.35688,0.41144,0.45738,0.49084,0.46543,0.43191,0.39347,0.34213,0.32604,0.35797,0.4176,0.44686,0.45106,0.45642,0.457,0.45228,0.45293
CAL-CON-0173,Concentrate,88.96,11.04,16.14,25.94,13.24,0.30681,0.31938,0.3495,0.39395,0.42801,0.40053,0.36958,0.33921,0.32325,0.36143,0.42209,0.47627,0.50414,0.46982,0.43501,0.39726,0.35652,0.32935,0.35721,0.407,0.43822,0.45677,0.4557,0.45152,0.44054,0.43888
CAL-CON-0174,Concentrate,89.81,10.19,19.4,29.93,12.18,0.30872,0.32773,0.35543,0.39474,0.43624,0.414,0.38803,0.34203,0.32347,0.36331,0.39538,0.44609,0.47161,0.4467,0.41717,0.37906,0.35945,0.33106,0.36121,0.40785,0.43102,0.42454,0.43064,0.42589,0.43128,0.4356
CAL-CON-0175,Concentrate,88.1,11.9,20.94,28.42,14.82,0.29607,0.31693,0.34538,0.38868,0.4172,0.39553,0.36836,0.34067,0.31578,0.35873,0.37362,0.42746,0.45683,0.4584,0.4313,0.3829,0.34386,0.32435,0.3569,0.41321,0.44179,0.42098,0.42639,0.42579,0.43835,0.44211
CAL-CON-0176,Concentrate,92.48,7.52,16.87,29.42,12.71,0.30332,0.32293,0.35781,0.39581,0.42908,0.41082,0.379,0.34347,0.32166,0.35892,0.42284,0.47139,0.50139,0.45099,0.41999,0.38022,0.38106,0.35727,0.38507,0.40738,0.43351,0.44252,0.4464,0.44389,0.43339,0.42481
CAL-CON-0177,Concentrate,89.93,10.07,16.23,25.33,14.05,0.30624,0.32113,0.35269,0.39243,0.41794,0.40585,0.37142,0.3413,0.32261,0.35648,0.42633,0.47639,0.50333,0.47456,0.44187,0.4051,0.35583,0.33787,0.36772,0.40773,0.44072,0.45967,0.45245,0.45386,0.43378,0.43896
CAL-CON-0178,Concentrate,94.72,5.28,15.99,31.87,15.19,0.29874,0.3289,0.34899,0.39066,0.41279,0.39607,0.36618,0.34342,0.32807,0.35905,0.41722,0.47726,0.50349,0.44604,0.41032,0.36797,0.39411,0.37885,0.40599,0.41331,0.4381,0.46035,0.4518,0.45056,0.44055,0.4365
CAL-CON-0179,Concentrate,88.48,11.52,16.87,29.14,13.98,0.28867,0.31488,0.34668,0.38348,0.41756,0.3922,0.36759,0.3369,0.31469,0.36388,0.41535,0.46353,0.49602,0.452,0.42179,0.38456,0.34899,0.32837,0.36519,0.41194,0.44209,0.45338,0.45374,0.46132,0.44827,0.45022
CAL-CON-0180,Concentrate,89.5,10.5,20.71,26.87,12.69,0.30201,0.32125,0.35118,0.39372,0.42618,0.40673,0.3798,0.34119,0.3218,0.356,0.38925,0.42325,0.45633,0.4639,0.44186,0.39366,0.35708,0.33399,0.36249,0.41125,0.43731,0.42456,0.42574,0.42951,0.43539,0.43865
CAL-CON-0181,Concentrate,90.0,10.0,22.35,27.69,10.98,0.30372,0.32362,0.35291,0.39113,0.43107,0.42117,0.3853,0.34132,0.32794,0.3586,0.36414,0.40824,0.44389,0.45798,0.43245,0.39656,0.35908,0.33188,0.36822,0.4092,0.44011,0.41451,0.41432,0.40901,0.43405,0.43232
CAL-CON-0182,Concentrate,90.71,9.29,16.48,26.33,14.67,0.29099,0.3146,0.34162,0.38549,0.41018,0.38735,0.36649,0.3348,0.31671,0.35595,0.42045,0.47038,0.50157,0.46698,0.43904,0.40101,0.37233,0.34918,0.37582,0.41448,0.44375,0.45297,0.454,0.4599,0.44656,0.44619
CAL-CON-0183,Concentrate,88.6,11.4,16.42,26.51,13.27,0.28108,0.30036,0.32783,0.36804,0.41055,0.38829,0.35716,0.33363,0.31789,0.35447,0.41785,0.46937,0.4931,0.47085,0.4434,0.40669,0.35271,0.33212,0.3711,0.42125,0.45387,0.46536,0.46962,0.46714,0.45723,0.4577
CAL-CON-0184,Concentrate,90.82,9.18,15.27,28.0,14.44,0.29739,0.3156,0.35099,0.38622,0.41915,0.39438,0.36601,0.34235,0.32104,0.35976,0.43195,0.48241,0.50986,0.45551,0.43186,0.39484,0.36873,0.34777,0.37348,0.41325,0.44216,0.46568,0.4666,0.46835,0.43775,0.43732
CAL-CON-0185,Concentrate,88.62,11.38,16.86,30.2,12.79,0.31027,0.32458,0.35884,0.40138,0.43549,0.41416,0.37996,0.34787,0.325,0.36157,0.41964,0.47033,0.49286,0.44543,0.41735,0.37329,0.34234,0.32396,0.35737,0.40756,0.43478,0.44504,0.44994,0.44124,0.43125,0.42793
CAL-CON-0186,Concentrate,91.78,8.22,18.04,29.25,13.7,0.2945,0.30851,0.34573,0.38566,0.40952,0.39409,0.36944,0.34085,0.31882,0.35622,0.39983,0.45517,0.48293,0.45297,0.42418,0.38824,0.38222,0.36062,0.38831,0.41211,0.44754,0.45448,0.45324,0.45159,0.44703,0.45027
CAL-CON-0187,Concentrate,90.35,9.65,18.34,26.76,17.11,0.30085,0.32029,0.35345,0.39207,0.41304,0.39286,0.35576,0.33928,0.31864,0.36334,0.40354,0.45086,0.48234,0.46267,0.43353,0.39158,0.36224,0.34194,0.36828,0.40943,0.44106,0.4356,0.43743,0.43966,0.43674,0.43236
CAL-CON-0188,Concentrate,89.29,10.71,18.24,27.77,15.88,0.30309,0.31826,0.35339,0.39806,0.41451,0.3934,0.3635,0.34339,0.32041,0.35649,0.40128,0.45281,0.48431,0.45925,0.42982,0.39054,0.35094,0.3327,0.36408,0.40451,0.43869,0.43599,0.43576,0.43668,0.44068,0.43114
CAL-CON-0189,Concentrate,89.96,10.04,20.25,31.51,13.49,0.29977,0.31801,0.34814,0.38941,0.41601,0.40077,0.37242,0.33661,0.32071,0.3543,0.3824,0.4363,0.46176,0.43961,0.40842,0.37401,0.36298,0.34018,0.36911,0.40517,0.44148,0.42694,0.42726,0.43415,0.4363,0.43685
CAL-CON-0190,Concentrate,89.42,10.58,17.72,28.49,14.31,0.3068,0.32717,0.35831,0.39789,0.42683,0.40285,0.37487,0.34713,0.32364,0.36241,0.40902,0.4571,0.48536,0.45626,0.42773,0.38294,0.35243,0.3313,0.36643,0.40712,0.43629,0.4416,0.43642,0.44141,0.43154,0.43015
CAL-CON-0191,Concentrate,89.4,10.6,15.85,27.55,13.31,0.29922,0.31622,0.35246,0.39209,0.42812,0.408,0.37345,0.34325,0.32093,0.35883,0.42574,0.47846,0.51877,0.46572,0.43292,0.3936,0.35649,0.33476,0.36727,0.40932,0.43672,0.45971,0.46007,0.45776,0.44055,0.44247
CAL-CON-0192,Concentrate,89.33,10.67,17.44,27.54,15.84,0.30703,0.32809,0.35543,0.39456,0.41518,0.39751,0.36505,0.34718,0.32242,0.362,0.41162,0.46267,0.49542,0.45886,0.4322,0.38605,0.35617,0.33157,0.3568,0.40221,0.43787,0.43727,0.44249,0.43976,0.4324,0.43036
CAL-CON-0193,Concentrate,89.27,10.73,19.36,27.47,14.51,0.29713,0.31986,0.34944,0.38675,0.41366,0.39956,0.36442,0.34056,0.31932,0.35801,0.39228,0.44527,0.47321,0.46311,0.43775,0.38804,0.35141,0.33353,0.36935,0.41394,0.43614,0.43414,0.43165,0.43567,0.44468,0.44507
CAL-CON-0194,Concentrate,89.36,10.64,18.36,29.23,16.82,0.30534,0.33295,0.3582,0.39922,0.41534,0.39828,0.36435,0.34197,0.32455,0.36587,0.40321,0.44628,0.48144,0.45379,0.42265,0.38059,0.35638,0.32458,0.36127,0.4057,0.44095,0.43491,0.43558,0.43391,0.4321,0.4364
CAL-CON-0195,Concentrate,89.0,11.0,19.63,28.46,13.66,0.31647,0.33809,0.36547,0.40054,0.43342,0.41122,0.38145,0.34638,0.32238,0.36669,0.39367,0.44494,0.46541,0.45681,0.425,0.38316,0.3427,0.32279,0.35546,0.39983,0.42751,0.42503,0.42652,0.4179,0.42015,0.42451
CAL-CON-0196,Concentrate,87.97,12.03,19.12,25.51,13.64,0.29569,0.3203,0.35349,0.38827,0.42146,0.39906,0.36926,0.33757,0.32241,0.3558,0.39283,0.44504,0.47653,0.47377,0.44222,0.40072,0.34653,0.32114,0.35118,0.41398,0.44099,0.43674,0.43734,0.43525,0.43555,0.44061
CAL-CON-0197,Concentrate,88.71,11.29,16.87,27.92,12.37,0.30259,0.32199,0.35218,0.39351,0.43044,0.4062,0.3807,0.34067,0.32635,0.35909,0.41211,0.4692,0.49773,0.4639,0.43098,0.39683,0.34828,0.33174,0.35678,0.4099,0.44022,0.45188,0.45147,0.43919,0.43701,0.43525
CAL-CON-0198,Concentrate,89.57,10.43,19.97,28.36,13.39,0.30948,0.33738,0.35972,0.40016,0.4383,0.40891,0.37883,0.34681,0.32018,0.35872,0.38667,0.43566,0.4663,0.45469,0.42781,0.37893,0.3525,0.33268,0.36147,0.40229,0.42969,0.41972,0.42288,0.41627,0.43016,0.42952
CAL-CON-0199,Concentrate,89.81,10.19,17.03,25.3,14.95,0.29513,0.315,0.34146,0.38585,0.40799,0.39266,0.36094,0.34039,0.31665,0.35893,0.41411,0.46368,0.49473,0.47468,0.44158,0.40598,0.36281,0.34192,0.37017,0.41379,0.44268,0.45419,0.45148,0.45969,0.45159,0.44418
CAL-CON-0200,Concentrate,92.19,7.81,17.06,24.11,15.82,0.29122,0.31039,0.34279,0.38225,0.41565,0.38588,0.35915,0.34003,0.32071,0.36084,0.41134,0.46286,0.48749,0.47955,0.45057,0.4134,0.38533,0.36278,0.39455,0.4145,0.4491,0.45604,0.46012,0.45982,0.44923,0.44412
CAL-CON-0201,Concentrate,90.57,9.43,19.55,28.56,14.58,0.31266,0.32663,0.35876,0.39432,0.42535,0.40368,0.37033,0.34413,0.32145,0.36132,0.39228,0.44132,0.46405,0.45794,0.42522,0.38418,0.3587,0.34125,0.36912,0.40927,0.4295,0.42378,0.42287,0.42604,0.43546,0.43275
CAL-CON-0202,Concentrate,89.36,10.64,17.29,28.91,13.46,0.28694,0.31363,0.34638,0.38276,0.41652,0.39234,0.36139,0.33057,0.31669,0.3566,0.41201,0.46049,0.49475,0.4584,0.42552,0.38419,0.35157,0.34233,0.36591,0.4101,0.44569,0.45004,0.45559,0.4549,0.45089,0.45134
CAL-CON-0203,Concentrate,90.31,9.69,17.21,26.13,13.36,0.30041,0.31412,0.3458,0.39032,0.41952,0.39696,0.37184,0.33626,0.31886,0.35998,0.41028,0.46277,0.49745,0.46768,0.44395,0.39868,0.36944,0.34192,0.37375,0.41742,0.448,0.45526,0.45,0.45394,0.44513,0.44301
CAL-CON-0204,Concentrate,88.83,11.17,16.56,25.08,16.05,0.28264,0.30397,0.33361,0.38208,0.39688,0.37867,0.35259,0.33297,0.31628,0.35354,0.42083,0.46545,0.4957,0.47191,0.44417,0.40425,0.35736,0.33337,0.36725,0.41514,0.44597,0.46763,0.47039,0.47065,0.45015,0.45183
CAL-CON-0205,Concentrate,89.62,10.38,16.44,29.95,14.08,0.29066,0.30312,0.33974,0.38445,0.41024,0.39675,0.35998,0.3348,0.32096,0.35345,0.41923,0.47105,0.50045,0.44995,0.41896,0.38306,0.35973,0.33662,0.37511,0.41302,0.4424,0.46016,0.46015,0.46294,0.44644,0.45239
CAL-CON-0206,Concentrate,90.16,9.84,16.33,26.36,14.27,0.28396,0.30697,0.33654,0.38264,0.41853,0.38907,0.36611,0.33385,0.31239,0.36185,0.42612,0.47168,0.50235,0.46881,0.43899,0.40127,0.36614,0.34991,0.37416,0.41565,0.44582,0.46513,0.47007,0.46686,0.45172,0.45286
CAL-CON-0207,Concentrate,93.62,6.38,15.97,29.08,10.9,0.30395,0.32266,0.34928,0.38282,0.43309,0.41371,0.38277,0.33862,0.3177,0.36015,0.42309,0.47784,0.50509,0.44939,0.425,0.38563,0.39352,0.37136,0.3958,0.41371,0.43519,0.45704,0.45913,0.46115,0.44466,0.44273
CAL-CON-0208,Concentrate,90.87,9.13,18.84,26.72,13.86,0.30481,0.32141,0.35569,0.38631,0.41902,0.40145,0.37248,0.33939,0.32219,0.36222,0.39235,0.44882,0.47983,0.4673,0.43093,0.39567,0.36843,0.34457,0.37997,0.41249,0.44075,0.43809,0.43866,0.43812,0.43668,0.43929
CAL-CON-0209,Concentrate,92.13,7.87,19.54,30.65,12.31,0.29625,0.32375,0.34552,0.38567,0.42411,0.41119,0.37333,0.34049,0.32021,0.35346,0.38904,0.43764,0.47155,0.45207,0.41604,0.37625,0.38533,0.35585,0.38417,0.41553,0.44146,0.43541,0.44147,0.43078,0.44188,0.43897
CAL-CON-0210,Concentrate,89.17,10.83,16.74,29.32,14.01,0.30031,0.32017,0.35404,0.38808,0.4234,0.40641,0.37407,0.33992,0.32229,0.35738,0.41882,0.4671,0.49464,0.45512,0.41699,0.37904,0.34903,0.33039,0.36547,0.41015,0.43788,0.44973,0.44919,0.45302,0.43081,0.43825
CAL-CON-0211,Concentrate,90.75,9.25,19.26,29.32,15.9,0.29907,0.32594,0.35248,0.39103,0.42066,0.39641,0.3628,0.34427,0.32101,0.35959,0.3912,0.44368,0.47067,0.45374,0.42568,0.3831,0.37108,0.34493,0.37868,0.41128,0.44267,0.43842,0.42697,0.43279,0.43674,0.43716
CAL-CON-0212,Concentrate,89.18,10.82,16.85,28.18,15.12,0.29202,0.31304,0.34245,0.38208,0.41039,0.39265,0.36591,0.33356,0.31757,0.36171,0.41166,0.46951,0.49492,0.46152,0.42925,0.3918,0.36013,0.33545,0.36933,0.4142,0.44154,0.45553,0.45586,0.45277,0.44736,0.44847
CAL-CON-0213,Concentrate,92.14,7.86,19.93,26.91,13.53,0.30234,0.32101,0.3498,0.38724,0.42016,0.40351,0.36593,0.3329,0.32202,0.35835,0.38706,0.4404,0.46264,0.46043,0.43462,0.39341,0.37713,0.35884,0.38822,0.41023,0.44328,0.43212,0.42957,0.43204,0.43553,0.44337
CAL-CON-0214,Concentrate,88.2,11.8,17.88,29.87,13.08,0.29948,0.32102,0.3486,0.38607,0.4223,0.3984,0.37131,0.33591,0.31923,0.3557,0.40615,0.45944,0.48977,0.447,0.41887,0.38357,0.3482,0.32438,0.3549,0.41116,0.43555,0.44714,0.44896,0.44468,0.43736,0.44599
CAL-CON-0215,Concentrate,91.06,8.94,16.52,25.63,14.5,0.2992,0.31304,0.34643,0.38229,0.41327,0.39491,0.36746,0.33197,0.32256,0.3584,0.42292,0.47145,0.50222,0.47807,0.43998,0.40304,0.36662,0.3496,0.38238,0.4154,0.44118,0.4529,0.45704,0.45458,0.44184,0.4459
CAL-CON-0216,Concentrate,91.25,8.75,17.99,29.82,14.02,0.28801,0.30646,0.33438,0.37685,0.41301,0.39053,0.35921,0.33384,0.31683,0.35813,0.40275,0.45354,0.483,0.45327,0.42172,0.38292,0.37624,0.35639,0.38435,0.41481,0.44568,0.44505,0.45529,0.45084,0.45281,0.45126
CAL-CON-0217,Concentrate,90.79,9.21,19.87,26.93,12.46,0.28611,0.30106,0.33655,0.37554,0.4139,0.39935,0.3703,0.33321,0.3158,0.35436,0.39073,0.4355,0.46397,0.46853,0.44077,0.39587,0.36611,0.34785,0.38065,0.41729,0.44372,0.43892,0.4407,0.44344,0.45503,0.45554
CAL-CON-0218,Concentrate,91.64,8.36,18.83,26.25,13.19,0.2974,0.32201,0.35241,0.39396,0.42519,0.40742,0.37734,0.33766,0.31905,0.36044,0.39489,0.44614,0.47764,0.4683,0.43853,0.39557,0.37418,0.35382,0.3801,0.40524,0.44268,0.44177,0.43709,0.43517,0.44159,0.43973
CAL-CON-0219,Concentrate,91.45,8.55,17.29,26.76,14.44,0.28631,0.309,0.34179,0.37468,0.40883,0.39554,0.35917,0.33168,0.30823,0.35638,0.41108,0.4622,0.48847,0.46675,0.43857,0.39918,0.37226,0.3569,0.38535,0.41168,0.45046,0.45846,0.46094,0.45868,0.45479,0.4571
CAL-CON-0220,Concentrate,91.22,8.78,19.08,25.52,13.87,0.28708,0.30958,0.34859,0.38035,0.4076,0.39776,0.36399,0.33849,0.31337,0.3563,0.39608,0.43922,0.47337,0.47364,0.4413,0.40488,0.37224,0.35449,0.3891,0.42253,0.44658,0.44152,0.44386,0.44253,0.4432,0.44852
CAL-CON-0221,Concentrate,87.8,12.2,17.02,26.95,14.45,0.29211,0.30375,0.33766,0.3786,0.4071,0.38906,0.35901,0.34162,0.31684,0.35443,0.41532,0.46374,0.49434,0.46529,0.43629,0.39458,0.34161,0.32894,0.35846,0.42044,0.44634,0.45726,0.46408,0.46207,0.45639,0.45512
CAL-CON-0222,Concentrate,91.13,8.87,19.11,29.44,13.67,0.28177,0.30885,0.34465,0.37302,0.41367,0.38872,0.36432,0.33439,0.31745,0.35691,0.39531,0.44576,0.47273,0.45662,0.42346,0.38401,0.36918,0.35779,0.38402,0.40965,0.44961,0.44344,0.44491,0.44617,0.45123,0.46148
CAL-CON-0223,Concentrate,91.05,8.95,18.86,30.03,14.29,0.30921,0.32789,0.35606,0.39796,0.42217,0.40306,0.36941,0.34038,0.31485,0.36326,0.39993,0.45045,0.47334,0.45089,0.41903,0.3807,0.36454,0.34495,0.37076,0.40433,0.43595,0.43339,0.42727,0.43025,0.43426,0.43746
CAL-CON-0224,Concentrate,90.74,9.26,17.66,27.2,12.95,0.29781,0.31944,0.35393,0.38845,0.42212,0.4054,0.37472,0.34021,0.3211,0.35723,0.40591,0.4615,0.48802,0.46576,0.43757,0.39636,0.36151,0.34519,0.37859,0.41108,0.43999,0.44034,0.44333,0.44531,0.43486,0.44144
CAL-CON-0225,Concentrate,87.03,12.97,17.65,27.48,13.84,0.29493,0.31315,0.33807,0.37844,0.41348,0.3954,0.36875,0.34109,0.32199,0.35606,0.40944,0.45866,0.48485,0.45729,0.43413,0.38996,0.3363,0.31755,0.35101,0.41869,0.44564,0.45068,0.44683,0.45516,0.44867,0.44768
CAL-CON-0226,Concentrate,88.21,11.79,17.47,27.56,13.33,0.3015,0.32125,0.35302,0.39139,0.42225,0.40159,0.37398,0.33936,0.32009,0.36149,0.41066,0.46118,0.48789,0.46626,0.4289,0.39355,0.3443,0.32901,0.35843,0.41007,0.44476,0.44673,0.44995,0.44514,0.44136,0.43736
CAL-CON-0227,Concentrate,89.92,10.08,19.82,26.79,17.69,0.27962,0.30577,0.33723,0.37928,0.39267,0.37624,0.34511,0.33848,0.31225,0.35501,0.38159,0.43247,0.46197,0.4687,0.43597,0.39689,0.36104,0.34614,0.37659,0.41852,0.44745,0.44312,0.44112,0.44462,0.45451,0.45116
CAL-CON-0228,Concentrate,90.86,9.14,18.77,28.61,16.46,0.30282,0.3205,0.34738,0.3879,0.40434,0.38869,0.36183,0.34164,0.32164,0.35829,0.39883,0.4497,0.47059,0.45789,0.43327,0.3862,0.3595,0.34467,0.37171,0.4084,0.43668,0.4413,0.44089,0.43963,0.44422,0.43889
CAL-CON-0229,Concentrate,93.29,6.71,19.38,29.05,13.08,0.31072,0.328,0.3651,0.39442,0.43457,0.41261,0.3751,0.34869,0.32353,0.35939,0.39471,0.44019,0.47108,0.45276,0.42068,0.3788,0.38537,0.363,0.39185,0.40268,0.43297,0.42351,0.4225,0.42893,0.43164,0.42635
CAL-CON-0230,Concentrate,87.45,12.55,17.55,28.19,14.14,0.3072,0.32722,0.35256,0.39966,0.42343,0.40437,0.37098,0.34391,0.32866,0.35892,0.40752,0.45773,0.48878,0.4572,0.4251,0.38753,0.34238,0.31671,0.34632,0.40752,0.43789,0.44618,0.44224,0.44098,0.43081,0.43546
CAL-CON-0231,Concentrate,88.69,11.31,18.79,30.77,14.87,0.31913,0.33476,0.37073,0.40445,0.42873,0.40972,0.37518,0.34621,0.32496,0.36341,0.39757,0.4457,0.48079,0.44736,0.41135,0.37494,0.34503,0.3216,0.34735,0.40102,0.43405,0.42493,0.42634,0.42117,0.42506,0.42031
CAL-CON-0232,Concentrate,88.92,11.08,18.7,29.95,13.82,0.29034,0.30927,0.3465,0.38709,0.41208,0.39034,0.36025,0.33752,0.3169,0.35493,0.39688,0.44316,0.48001,0.4495,0.41818,0.3811,0.35286,0.33594,0.36913,0.41841,0.44633,0.44468,0.44431,0.44149,0.44891,0.44719
CAL-CON-0233,Concentrate,89.7,10.3,19.62,27.13,13.19,0.29165,0.31148,0.34243,0.38199,0.4187,0.39908,0.36143,0.33476,0.31939,0.3541,0.38168,0.43716,0.46995,0.46337,0.43944,0.40191,0.35466,0.3401,0.36522,0.41727,0.44406,0.43764,0.44332,0.43671,0.44461,0.44333
CAL-CON-0234,Concentrate,91.56,8.44,18.06,25.7,15.0,0.31732,0.32762,0.354,0.40061,0.41876,0.40033,0.36279,0.34307,0.31942,0.36631,0.40329,0.45783,0.48446,0.47149,0.44196,0.39951,0.36798,0.34676,0.38,0.39959,0.4396,0.43732,0.43519,0.43628,0.42989,0.43041
CAL-CON-0235,Concentrate,90.56,9.44,18.38,28.34,15.78,0.30413,0.32563,0.35054,0.39662,0.41727,0.39686,0.36581,0.34114,0.32984,0.36195,0.40337,0.44854,0.48409,0.45768,0.42887,0.38971,0.36236,0.34012,0.36464,0.40544,0.43403,0.43295,0.44021,0.43828,0.4285,0.43392
CAL-CON-0236,Concentrate,90.55,9.45,17.3,27.03,15.16,0.30028,0.32253,0.34752,0.38398,0.41666,0.39685,0.36613,0.33681,0.316,0.361,0.4089,0.46081,0.50063,0.47132,0.43749,0.3933,0.36284,0.34733,0.37985,0.4096,0.43994,0.45014,0.44588,0.44615,0.43847,0.44381
CAL-CON-0237,Concentrate,91.71,8.29,15.89,25.27,14.55,0.30854,0.32787,0.36241,0.39682,0.42409,0.40376,0.37305,0.34696,0.32039,0.36256,0.43178,0.4838,0.50243,0.4742,0.44174,0.40112,0.36815,0.35189,0.38085,0.41177,0.42934,0.44541,0.45592,0.44871,0.42836,0.42941
CAL-CON-0238,Concentrate,90.56,9.44,18.38,29.93,15.03,0.29576,0.31408,0.34888,0.38636,0.40949,0.38922,0.36013,0.33866,0.31346,0.35849,0.39729,0.4466,0.47765,0.45055,0.42347,0.37972,0.36026,0.35651,0.38097,0.41647,0.44912,0.44592,0.4458,0.45084,0.45054,0.44891
CAL-CON-0239,Concentrate,88.14,11.86,18.11,31.07,14.97,0.2926,0.31564,0.35209,0.38908,0.41464,0.39497,0.36432,0.3371,0.31642,0.36219,0.40397,0.45562,0.48538,0.44901,0.41639,0.37774,0.34648,0.32338,0.35578,0.41334,0.44384,0.4491,0.44361,0.44591,0.44238,0.44788
CAL-CON-0240,Concentrate,90.59,9.41,18.45,27.59,12.26,0.29646,0.32076,0.35037,0.39074,0.42995,0.40738,0.37604,0.33948,0.32082,0.35893,0.40378,0.45053,0.4813,0.45957,0.43519,0.39629,0.36059,0.34586,0.37431,0.41072,0.44121,0.4335,0.44246,0.4435,0.44345,0.43692
CAL-CON-0241,Concentrate,89.19,10.81,15.63,26.88,12.7,0.30808,0.32161,0.353,0.39382,0.43232,0.41778,0.37979,0.34002,0.32051,0.36395,0.4261,0.48287,0.50983,0.46493,0.42968,0.39693,0.34927,0.33145,0.35995,0.40157,0.43507,0.45167,0.45278,0.45547,0.4356,0.43287
CAL-CON-0242,Concentrate,89.03,10.97,17.5,24.15,14.09,0.28893,0.31464,0.34052,0.38176,0.41752,0.39608,0.36084,0.33565,0.3186,0.35644,0.40773,0.45997,0.48986,0.4765,0.45003,0.40959,0.3591,0.33411,0.36531,0.41394,0.44268,0.44895,0.45298,0.45349,0.45184,0.4483
CAL-CON-0243,Concentrate,91.08,8.92,17.46,25.74,12.8,0.30486,0.32684,0.35455,0.39163,0.43175,0.40517,0.37283,0.34199,0.32488,0.35825,0.4058,0.4608,0.49278,0.46232,0.44392,0.39666,0.37,0.34162,0.37296,0.4104,0.44197,0.44532,0.45231,0.44183,0.43432,0.43629
CAL-CON-0244,Concentrate,90.43,9.57,17.39,29.02,14.65,0.29989,0.31397,0.34685,0.38806,0.414,0.39379,0.35863,0.33807,0.32,0.35844,0.40781,0.45551,0.4923,0.45519,0.42966,0.38153,0.36338,0.34122,0.37866,0.41629,0.44874,0.45273,0.45393,0.45327,0.44627,0.4451
CAL-CON-0245,Concentrate,93.21,6.79,18.83,28.04,14.24,0.295,0.31655,0.34563,0.38997,0.41909,0.40282,0.36661,0.33886,0.3191,0.35932,0.3992,0.4413,0.47792,0.46595,0.43442,0.39444,0.38948,0.36553,0.39543,0.41014,0.43931,0.44364,0.44557,0.44283,0.4466,0.44543
CAL-CON-0246,Concentrate,86.82,13.18,18.97,27.23,13.95,0.30417,0.32106,0.3497,0.39041,0.41822,0.39882,0.36895,0.33723,0.32284,0.35828,0.39039,0.44449,0.47208,0.46807,0.43381,0.38872,0.33532,0.31359,0.34234,0.41291,0.43498,0.43743,0.43282,0.43371,0.43454,0.43445
CAL-CON-0247,Concentrate,87.15,12.85,19.02,28.21,12.2,0.30171,0.32412,0.34778,0.38744,0.43034,0.40824,0.37664,0.34232,0.32072,0.36421,0.3947,0.44605,0.47808,0.45163,0.4324,0.38751,0.33877,0.32228,0.34639,0.40877,0.44,0.43219,0.44316,0.43646,0.44519,0.43927
CAL-CON-0248,Concentrate,91.42,8.58,16.85,27.82,15.09,0.30024,0.31936,0.35408,0.39487,0.42092,0.39415,0.36436,0.33897,0.32247,0.35665,0.41329,0.4645,0.49375,0.46354,0.43327,0.3893,0.3705,0.3434,0.37957,0.41328,0.43794,0.4477,0.45504,0.44749,0.44383,0.44779
CAL-CON-0249,Concentrate,91.87,8.13,16.0,24.92,13.04,0.30564,0.32292,0.3521,0.38854,0.4256,0.4038,0.37271,0.33837,0.32172,0.35873,0.42565,0.47011,0.50667,0.47601,0.44434,0.40527,0.37684,0.34944,0.38373,0.40444,0.43836,0.45459,0.45504,0.45741,0.43954,0.44009
CAL-CON-0250,Concentrate,91.05,8.95,19.26,27.33,14.14,0.29244,0.31759,0.34641,0.38355,0.41335,0.39801,0.36973,0.33779,0.3194,0.3619,0.39044,0.44179,0.47357,0.46234,0.4393,0.39346,0.37063,0.35677,0.37601,0.41437,0.44232,0.43955,0.43651,0.43959,0.44667,0.44788
CAL-CON-0251,Concentrate,86.51,13.49,18.31,27.69,13.92,0.29692,0.31459,0.34269,0.38824,0.41517,0.39961,0.36585,0.34068,0.31869,0.35916,0.40051,0.45029,0.48106,0.46524,0.42735,0.39026,0.33617,0.31572,0.34754,0.41147,0.43795,0.44016,0.44284,0.44627,0.44216,0.44218
CAL-CON-0252,Concentrate,90.04,9.96,17.84,26.2,15.14,0.31386,0.32669,0.35779,0.40015,0.41933,0.40298,0.37005,0.34107,0.32919,0.36198,0.41033,0.45453,0.49169,0.47443,0.43322,0.39638,0.36132,0.33507,0.36685,0.39939,0.43121,0.43825,0.43471,0.43454,0.42559,0.43125
CAL-CON-0253,Concentrate,92.31,7.69,17.48,29.44,14.84,0.28877,0.31066,0.34168,0.38254,0.40711,0.39326,0.36026,0.33602,0.32004,0.3594,0.40672,0.46237,0.49191,0.45101,0.42224,0.38745,0.38314,0.35696,0.38911,0.41639,0.44144,0.45521,0.45927,0.45524,0.44485,0.44881
CAL-CON-0254,Concentrate,90.15,9.85,19.23,26.56,13.13,0.30007,0.31542,0.34001,0.38707,0.42261,0.40506,0.37703,0.33909,0.32102,0.35962,0.39327,0.44186,0.4738,0.46511,0.44345,0.39055,0.36364,0.3431,0.37347,0.40783,0.43656,0.43854,0.44096,0.43781,0.44486,0.44128
CAL-CON-0255,Concentrate,91.84,8.16,18.03,30.13,12.04,0.29283,0.31673,0.35123,0.38599,0.42112,0.41029,0.37469,0.33965,0.31708,0.35893,0.40195,0.46084,0.48806,0.45485,0.4176,0.37492,0.37532,0.36418,0.38609,0.41593,0.44013,0.44443,0.44711,0.4541,0.44821,0.43917
CAL-CON-0256,Concentrate,88.28,11.72,17.48,28.92,15.68,0.29857,0.31596,0.34644,0.38988,0.40484,0.39548,0.35823,0.33837,0.31654,0.355,0.41051,0.46028,0.48969,0.45517,0.43064,0.39308,0.35151,0.32902,0.35371,0.41473,0.4453,0.45319,0.4479,0.45431,0.44972,0.44253
CAL-CON-0257,Concentrate,88.78,11.22,18.34,26.29,13.58,0.30189,0.32393,0.35513,0.39587,0.42171,0.40452,0.36991,0.34095,0.32118,0.35805,0.40383,0.45145,0.48214,0.47209,0.4369,0.4005,0.35377,0.33335,0.35841,0.40556,0.43612,0.43435,0.44093,0.44088,0.43766,0.43295
CAL-CON-0258,Concentrate,92.07,7.93,19.41,29.41,17.97,0.29839,0.31114,0.34452,0.38894,0.40241,0.38205,0.35231,0.3365,0.32019,0.36346,0.39553,0.44566,0.46788,0.453,0.42232,0.38525,0.37704,0.35682,0.39207,0.41164,0.44193,0.4366,0.4376,0.43782,0.44704,0.43874
CAL-CON-0259,Concentrate,89.85,10.15,18.05,29.36,15.56,0.2891,0.31667,0.33804,0.38484,0.4049,0.38638,0.35921,0.33479,0.30813,0.35928,0.40503,0.45294,0.48343,0.45243,0.41914,0.37955,0.36374,0.34525,0.37458,0.41588,0.44782,0.45151,0.44774,0.45149,0.4475,0.44827
CAL-CON-0260,Concentrate,92.36,7.64,14.98,27.54,13.63,0.29934,0.31184,0.33755,0.38931,0.42155,0.39364,0.36895,0.34277,0.31527,0.35914,0.43589,0.48041,0.51334,0.45739,0.4323,0.39075,0.38068,0.36229,0.39489,0.41915,0.44311,0.46651,0.46666,0.46522,0.44516,0.44266
CAL-CON-0261,Concentrate,88.6,11.4,17.8,28.78,13.85,0.29924,0.32455,0.35179,0.39734,0.42691,0.39675,0.3756,0.34337,0.31735,0.36403,0.40415,0.46103,0.48525,0.45135,0.43187,0.38047,0.34499,0.32517,0.35524,0.4095,0.43718,0.44451,0.44221,0.43568,0.43705,0.4357
CAL-CON-0262,Concentrate,93.11,6.89,19.41,29.7,15.17,0.29894,0.32208,0.35112,0.38848,0.41178,0.3955,0.36718,0.34014,0.31952,0.36014,0.39005,0.44555,0.47169,0.45006,0.41608,0.38089,0.3831,0.36297,0.39762,0.41014,0.43483,0.43533,0.42871,0.43552,0.43839,0.44006
CAL-CON-0263,Concentrate,89.78,10.22,18.81,28.15,16.24,0.30327,0.32313,0.35005,0.39311,0.40972,0.39603,0.35792,0.33861,0.31605,0.36199,0.3961,0.44923,0.47403,0.46075,0.43069,0.38938,0.35759,0.3377,0.36435,0.40543,0.44008,0.43493,0.43719,0.44027,0.43624,0.43561
CAL-CON-0264,Concentrate,90.06,9.94,19.42,27.95,16.49,0.30334,0.32426,0.35164,0.39462,0.41082,0.38934,0.36382,0.34074,0.32149,0.36353,0.39162,0.44059,0.46926,0.46336,0.42898,0.38969,0.36075,0.34057,0.37259,0.40871,0.44288,0.43139,0.43308,0.43125,0.44436,0.43687
CAL-CON-0265,Concentrate,90.17,9.83,18.1,28.57,15.47,0.31062,0.32991,0.35786,0.39622,0.42131,0.40023,0.37291,0.3416,0.32803,0.36241,0.40648,0.45203,0.48609,0.45388,0.42707,0.38596,0.35755,0.33152,0.37338,0.40155,0.43471,0.43369,0.43821,0.43312,0.42838,0.43161
CAL-CON-0266,Concentrate,89.38,10.62,19.54,30.71,12.85,0.30156,0.32418,0.34686,0.39665,0.42393,0.40534,0.37717,0.34165,0.31833,0.36611,0.3826,0.43669,0.46787,0.44345,0.41969,0.37079,0.35876,0.33299,0.35947,0.40193,0.43732,0.42834,0.43088,0.42855,0.43975,0.43618
CAL-CON-0267,Concentrate,91.46,8.54,18.84,29.39,15.38,0.28112,0.30356,0.33741,0.36897,0.40194,0.38301,0.35625,0.32968,0.31681,0.35275,0.3916,0.44242,0.47955,0.44749,0.43055,0.39105,0.37502,0.36124,0.38999,0.42432,0.45365,0.45642,0.4466,0.4533,0.45139,0.45644
CAL-CON-0268,Concentrate,90.7,9.3,19.98,28.93,14.54,0.29751,0.31702,0.34758,0.38111,0.41696,0.398,0.3655,0.3392,0.32124,0.3624,0.38145,0.43274,0.46745,0.45718,0.42952,0.38947,0.37312,0.34507,0.38076,0.40772,0.44774,0.43166,0.43199,0.43341,0.43679,0.4377
CAL-CON-0269,Concentrate,90.52,9.48,21.62,26.29,15.85,0.30585,0.32528,0.3551,0.39414,0.41859,0.39541,0.36183,0.34212,0.32376,0.35766,0.37184,0.4231,0.45347,0.46929,0.43233,0.39916,0.36519,0.33966,0.371,0.40799,0.44137,0.41284,0.41575,0.41349,0.43448,0.43734
CAL-CON-0270,Concentrate,90.35,9.65,18.54,25.29,15.48,0.3031,0.32066,0.34973,0.39046,0.41662,0.39461,0.3624,0.33872,0.32018,0.35737,0.40071,0.44729,0.47675,0.48312,0.44931,0.40387,0.36515,0.34561,0.37227,0.41053,0.43885,0.44307,0.44306,0.44389,0.44024,0.44589
CAL-CON-0271,Concentrate,93.07,6.93,17.81,25.66,16.43,0.28729,0.30804,0.33658,0.3763,0.39803,0.38187,0.35218,0.32771,0.31979,0.35463,0.40773,0.45307,0.48683,0.47518,0.44594,0.40381,0.3902,0.37188,0.40058,0.4143,0.44694,0.45372,0.45611,0.46198,0.45624,0.45224
CAL-CON-0272,Concentrate,89.88,10.12,19.51,26.31,13.46,0.29641,0.3112,0.34454,0.38632,0.41455,0.39282,0.37141,0.34564,0.31896,0.36008,0.38592,0.44352,0.46852,0.47221,0.44108,0.40169,0.36271,0.34315,0.37285,0.41639,0.44184,0.43678,0.44244,0.43909,0.44519,0.4498
CAL-CON-0273,Concentrate,88.05,11.95,19.59,28.25,14.85,0.30605,0.32693,0.34956,0.39189,0.4229,0.40806,0.37081,0.34057,0.32257,0.35901,0.394,0.43992,0.47245,0.45806,0.43147,0.38269,0.34279,0.32385,0.35095,0.40795,0.43742,0.43139,0.42963,0.42846,0.4371,0.42992
CAL-CON-0274,Concentrate,87.92,12.08,19.32,28.74,15.66,0.29287,0.31057,0.34353,0.37815,0.40656,0.3814,0.36008,0.33556,0.31666,0.35491,0.38813,0.44287,0.46714,0.45812,0.42482,0.38287,0.34935,0.33031,0.35536,0.41261,0.44416,0.43738,0.43856,0.44247,0.45375,0.44712
CAL-CON-0275,Concentrate,90.53,9.47,15.99,27.96,13.82,0.32002,0.33889,0.36425,0.40552,0.4309,0.41345,0.37914,0.35017,0.32922,0.36652,0.42598,0.4757,0.50797,0.46228,0.42882,0.38616,0.36043,0.33778,0.36654,0.40776,0.4292,0.44846,0.44614,0.44076,0.42185,0.42414
CAL-CON-0276,Concentrate,92.75,7.25,17.96,27.2,15.47,0.28946,0.31264,0.33978,0.38244,0.41015,0.38547,0.36045,0.3283,0.32015,0.3555,0.40314,0.45392,0.48209,0.46124,0.43677,0.39772,0.38214,0.36723,0.39809,0.41413,0.44219,0.45057,0.45259,0.45212,0.44754,0.45152
CAL-CON-0277,Concentrate,88.84,11.16,18.05,32.94,14.35,0.28679,0.30991,0.33983,0.38399,0.41313,0.39105,0.36928,0.33612,0.31525,0.3537,0.3999,0.4496,0.48352,0.43303,0.40879,0.36544,0.35591,0.33562,0.36683,0.41758,0.45162,0.44698,0.45282,0.45223,0.45185,0.44974
CAL-CON-0278,Concentrate,88.06,11.94,16.99,26.98,13.91,0.29063,0.30904,0.33904,0.38081,0.40877,0.39379,0.36524,0.33714,0.31708,0.36272,0.4156,0.46614,0.49578,0.46711,0.4356,0.39732,0.35293,0.32771,0.35469,0.41703,0.44833,0.45747,0.45213,0.46239,0.44943,0.44857
CAL-CON-0279,Concentrate,86.96,13.04,18.67,27.03,15.79,0.31024,0.32615,0.3614,0.38985,0.42083,0.39475,0.36639,0.34346,0.32615,0.36927,0.39488,0.4508,0.48531,0.46277,0.43182,0.39367,0.33553,0.31425,0.34045,0.40265,0.43824,0.43004,0.42585,0.42648,0.42953,0.43497
CAL-CON-0280,Concentrate,92.28,7.72,20.46,28.41,10.94,0.30467,0.32566,0.3621,0.39454,0.43551,0.41773,0.38228,0.34354,0.32056,0.37037,0.37929,0.43717,0.45731,0.45843,0.42849,0.38675,0.3762,0.35789,0.3859,0.40521,0.43304,0.42019,0.4195,0.41878,0.43267,0.42755
CAL-CON-0281,Concentrate,91.25,8.75,15.12,30.15,13.33,0.31095,0.32914,0.35401,0.39384,0.4315,0.41007,0.37869,0.34605,0.31888,0.36228,0.43263,0.48113,0.51449,0.44775,0.41802,0.37654,0.36456,0.35293,0.37784,0.40259,0.43698,0.46416,0.46199,0.45709,0.43305,0.43119
CAL-CON-0282,Concentrate,89.01,10.99,16.3,27.2,14.41,0.29373,0.31603,0.35064,0.39169,0.41473,0.39797,0.36524,0.33633,0.31484,0.35885,0.42427,0.4676,0.50096,0.46319,0.43534,0.39579,0.35509,0.33957,0.36167,0.40984,0.44376,0.46319,0.45485,0.46063,0.44402,0.44759
CAL-CON-0283,Concentrate,90.07,9.93,19.23,26.82,14.96,0.30308,0.31931,0.34787,0.38874,0.41779,0.39539,0.362,0.34238,0.31666,0.36097,0.38687,0.44288,0.47244,0.46007,0.43705,0.39284,0.36114,0.33974,0.36662,0.40742,0.43775,0.43856,0.43821,0.44237,0.43946,0.43945
CAL-CON-0284,Concentrate,89.47,10.53,17.63,28.1,14.84,0.29996,0.32407,0.35108,0.39432,0.4222,0.40375,0.36859,0.34309,0.31722,0.35918,0.41062,0.45542,0.4927,0.46083,0.42604,0.38381,0.35182,0.33077,0.35932,0.40251,0.43553,0.44404,0.4392,0.44217,0.43323,0.43555
CAL-CON-0285,Concentrate,90.42,9.58,18.68,30.45,14.67,0.31074,0.32477,0.3568,0.39518,0.42163,0.40335,0.37323,0.34523,0.32737,0.36424,0.39651,0.45,0.48035,0.45113,0.41608,0.37531,0.36382,0.34032,0.36419,0.39937,0.43954,0.42682,0.43066,0.43301,0.42553,0.42678
CAL-CON-0286,Concentrate,92.7,7.3,21.53,26.68,14.7,0.30731,0.32504,0.35049,0.40178,0.41612,0.40169,0.3686,0.34584,0.32484,0.35885,0.36864,0.41584,0.45057,0.46848,0.43452,0.3946,0.38555,0.36212,0.39285,0.39995,0.43781,0.41522,0.4102,0.41031,0.43347,0.42958
CAL-CON-0287,Concentrate,89.31,10.69,19.36,26.73,13.46,0.30284,0.31449,0.35048,0.39099,0.42324,0.4005,0.36883,0.34445,0.31735,0.35658,0.39141,0.43915,0.47454,0.46558,0.43993,0.39776,0.35336,0.33789,0.36261,0.40916,0.44173,0.43482,0.43214,0.42957,0.44016,0.43806
CAL-CON-0288,Concentrate,89.37,10.63,17.42,27.52,13.91,0.31644,0.33448,0.36835,0.40134,0.4281,0.40847,0.37952,0.34933,0.32919,0.36097,0.41748,0.46235,0.48856,0.46123,0.43432,0.39091,0.34729,0.32617,0.35493,0.40034,0.43162,0.43439,0.43534,0.43968,0.43164,0.43029
CAL-CON-0289,Concentrate,92.51,7.49,18.64,28.14,15.23,0.30927,0.32098,0.35418,0.39435,0.41594,0.40235,0.3731,0.34312,0.32347,0.36197,0.40035,0.45284,0.47361,0.46047,0.42847,0.38573,0.37657,0.363,0.38295,0.40577,0.44059,0.43036,0.43222,0.43315,0.43465,0.4326
CAL-CON-0290,Concentrate,90.67,9.33,18.35,29.13,15.11,0.2969,0.32435,0.35038,0.39351,0.41798,0.40195,0.36629,0.33939,0.31895,0.35727,0.40421,0.44837,0.48396,0.45363,0.4189,0.38854,0.35486,0.34463,0.37547,0.40237,0.44051,0.43812,0.43927,0.44394,0.43917,0.43758
CAL-CON-0291,Concentrate,92.66,7.34,19.11,26.41,13.41,0.30691,0.32829,0.36363,0.39747,0.42546,0.40992,0.37662,0.3463,0.32305,0.36727,0.39329,0.44169,0.47716,0.46152,0.43618,0.39826,0.3718,0.35773,0.38221,0.39902,0.43051,0.42808,0.42567,0.43027,0.43061,0.42805
CAL-CON-0292,Concentrate,90.34,9.66,21.59,26.73,13.3,0.29801,0.32465,0.35378,0.38957,0.42182,0.40069,0.37256,0.34358,0.32055,0.3642,0.36719,0.41232,0.45698,0.46692,0.43852,0.39373,0.35827,0.34272,0.36619,0.40858,0.44235,0.41892,0.41824,0.42261,0.44003,0.43309
CAL-CON-0293,Concentrate,92.89,7.11,18.04,31.36,15.23,0.29612,0.31431,0.34879,0.39179,0.40854,0.39385,0.35758,0.33781,0.31408,0.36094,0.40204,0.4578,0.48291,0.44143,0.4087,0.37493,0.38532,0.36688,0.39624,0.41259,0.44338,0.44715,0.44799,0.4409,0.44106,0.43779
CAL-CON-0294,Concentrate,92.44,7.56,19.84,26.91,14.61,0.30598,0.32523,0.35023,0.39769,0.41739,0.39943,0.37301,0.34105,0.32201,0.36174,0.38774,0.43749,0.46739,0.46549,0.43219,0.38983,0.38117,0.36092,0.3884,0.40842,0.4343,0.41992,0.4261,0.42076,0.43602,0.43898
CAL-CON-0295,Concentrate,89.16,10.84,16.99,28.08,13.96,0.30357,0.32884,0.36368,0.39861,0.42434,0.40377,0.37207,0.34132,0.32526,0.36486,0.41291,0.46698,0.49869,0.45829,0.42817,0.39036,0.35361,0.3322,0.36114,0.40772,0.43519,0.4427,0.44085,0.44678,0.43422,0.43474
CAL-CON-0296,Concentrate,90.15,9.85,18.62,30.3,15.02,0.29221,0.31639,0.34308,0.37793,0.4173,0.39145,0.36614,0.33557,0.31557,0.3568,0.39847,0.44868,0.48009,0.44722,0.41928,0.37707,0.3672,0.33929,0.37121,0.41162,0.45051,0.44526,0.44084,0.44632,0.44667,0.44639
CAL-CON-0297,Concentrate,90.09,9.91,18.76,25.2,15.73,0.28689,0.30546,0.3386,0.37966,0.40267,0.38834,0.35988,0.32894,0.31422,0.35538,0.39457,0.45114,0.47453,0.47913,0.44495,0.41105,0.36306,0.34365,0.37581,0.42,0.44754,0.44684,0.44906,0.44545,0.45184,0.44989
CAL-CON-0298,Concentrate,90.63,9.37,19.54,24.33,14.85,0.29404,0.31069,0.34572,0.38132,0.41475,0.39765,0.35841,0.33752,0.31755,0.35251,0.39127,0.44083,0.47547,0.48006,0.44637,0.41098,0.3704,0.34558,0.37997,0.40576,0.44768,0.43882,0.42922,0.43844,0.43904,0.4436
CAL-CON-0299,Concentrate,89.8,10.2,20.38,28.11,13.96,0.30208,0.31787,0.3489,0.3894,0.41915,0.40293,0.36755,0.33697,0.31638,0.35323,0.38536,0.4283,0.46039,0.46415,0.42915,0.39121,0.35445,0.343,0.36854,0.40758,0.43767,0.4327,0.42597,0.42484,0.43982,0.44135
CAL-CON-0300,Concentrate,90.67,9.33,18.85,29.16,13.67,0.31134,0.32325,0.35836,0.3921,0.42051,0.39938,0.37488,0.34574,0.31839,0.3588,0.39866,0.44709,0.47493,0.45013,0.42449,0.38511,0.36537,0.34357,0.36991,0.40828,0.43765,0.43011,0.43273,0.43433,0.43505,0.429
